[     249ms] [LOG] 확인 : /foundation/ci/index.do @ https://pr.seegenemedical.com/foundation/ci/index.do:2030
[     249ms] [LOG] 확인 3: /foundation/ci/index.do @ https://pr.seegenemedical.com/foundation/ci/index.do:2035
[     346ms] [LOG] 배경 화이트 제거 하는거 @ https://pr.seegenemedical.com/foundation/ci/index.do:2006
[     346ms] [LOG] 75 @ https://pr.seegenemedical.com/foundation/ci/index.do:2007
[     346ms] [LOG] CI @ https://pr.seegenemedical.com/foundation/ci/index.do:2008
[     346ms] [LOG] if 안 @ https://pr.seegenemedical.com/foundation/ci/index.do:2011
[    3349ms] TypeError: btnList.size is not a function
    at https://pr.seegenemedical.com/user/js/common.js?ver=20260415:160:26
[    3350ms] TypeError: btnList.size is not a function
    at https://pr.seegenemedical.com/user/js/common.js?ver=20260415:230:26
[    5848ms] TypeError: btnList.size is not a function
    at https://pr.seegenemedical.com/user/js/common.js?ver=20260415:1609:26
[    6348ms] TypeError: btnList.size is not a function
    at https://pr.seegenemedical.com/user/js/common.js?ver=20260415:160:26
[    6348ms] TypeError: btnList.size is not a function
    at https://pr.seegenemedical.com/user/js/common.js?ver=20260415:230:26
[    9350ms] TypeError: btnList.size is not a function
    at https://pr.seegenemedical.com/user/js/common.js?ver=20260415:160:26
[    9350ms] TypeError: btnList.size is not a function
    at https://pr.seegenemedical.com/user/js/common.js?ver=20260415:230:26
[   11349ms] TypeError: btnList.size is not a function
    at https://pr.seegenemedical.com/user/js/common.js?ver=20260415:1609:26
[   12350ms] TypeError: btnList.size is not a function
    at https://pr.seegenemedical.com/user/js/common.js?ver=20260415:160:26
[   12350ms] TypeError: btnList.size is not a function
    at https://pr.seegenemedical.com/user/js/common.js?ver=20260415:230:26
[   15350ms] TypeError: btnList.size is not a function
    at https://pr.seegenemedical.com/user/js/common.js?ver=20260415:160:26
[   15351ms] TypeError: btnList.size is not a function
    at https://pr.seegenemedical.com/user/js/common.js?ver=20260415:230:26
[   16845ms] TypeError: btnList.size is not a function
    at https://pr.seegenemedical.com/user/js/common.js?ver=20260415:1609:26
[   18348ms] TypeError: btnList.size is not a function
    at https://pr.seegenemedical.com/user/js/common.js?ver=20260415:160:26
[   18349ms] TypeError: btnList.size is not a function
    at https://pr.seegenemedical.com/user/js/common.js?ver=20260415:230:26
[   21350ms] TypeError: btnList.size is not a function
    at https://pr.seegenemedical.com/user/js/common.js?ver=20260415:160:26
[   21351ms] TypeError: btnList.size is not a function
    at https://pr.seegenemedical.com/user/js/common.js?ver=20260415:230:26
[   22347ms] TypeError: btnList.size is not a function
    at https://pr.seegenemedical.com/user/js/common.js?ver=20260415:1609:26
[   24346ms] TypeError: btnList.size is not a function
    at https://pr.seegenemedical.com/user/js/common.js?ver=20260415:160:26
[   24347ms] TypeError: btnList.size is not a function
    at https://pr.seegenemedical.com/user/js/common.js?ver=20260415:230:26
[   27346ms] TypeError: btnList.size is not a function
    at https://pr.seegenemedical.com/user/js/common.js?ver=20260415:160:26
[   27346ms] TypeError: btnList.size is not a function
    at https://pr.seegenemedical.com/user/js/common.js?ver=20260415:230:26
[   27852ms] TypeError: btnList.size is not a function
    at https://pr.seegenemedical.com/user/js/common.js?ver=20260415:1609:26
[   30349ms] TypeError: btnList.size is not a function
    at https://pr.seegenemedical.com/user/js/common.js?ver=20260415:160:26
[   30350ms] TypeError: btnList.size is not a function
    at https://pr.seegenemedical.com/user/js/common.js?ver=20260415:230:26
[   33350ms] TypeError: btnList.size is not a function
    at https://pr.seegenemedical.com/user/js/common.js?ver=20260415:160:26
[   33350ms] TypeError: btnList.size is not a function
    at https://pr.seegenemedical.com/user/js/common.js?ver=20260415:230:26
[   33350ms] TypeError: btnList.size is not a function
    at https://pr.seegenemedical.com/user/js/common.js?ver=20260415:1609:26
[   36347ms] TypeError: btnList.size is not a function
    at https://pr.seegenemedical.com/user/js/common.js?ver=20260415:160:26
[   36347ms] TypeError: btnList.size is not a function
    at https://pr.seegenemedical.com/user/js/common.js?ver=20260415:230:26
[   38847ms] TypeError: btnList.size is not a function
    at https://pr.seegenemedical.com/user/js/common.js?ver=20260415:1609:26
[   39350ms] TypeError: btnList.size is not a function
    at https://pr.seegenemedical.com/user/js/common.js?ver=20260415:160:26
[   39350ms] TypeError: btnList.size is not a function
    at https://pr.seegenemedical.com/user/js/common.js?ver=20260415:230:26
[   42350ms] TypeError: btnList.size is not a function
    at https://pr.seegenemedical.com/user/js/common.js?ver=20260415:160:26
[   42350ms] TypeError: btnList.size is not a function
    at https://pr.seegenemedical.com/user/js/common.js?ver=20260415:230:26
[   44346ms] TypeError: btnList.size is not a function
    at https://pr.seegenemedical.com/user/js/common.js?ver=20260415:1609:26
[   45350ms] TypeError: btnList.size is not a function
    at https://pr.seegenemedical.com/user/js/common.js?ver=20260415:160:26
[   45350ms] TypeError: btnList.size is not a function
    at https://pr.seegenemedical.com/user/js/common.js?ver=20260415:230:26
[   48351ms] TypeError: btnList.size is not a function
    at https://pr.seegenemedical.com/user/js/common.js?ver=20260415:160:26
[   48351ms] TypeError: btnList.size is not a function
    at https://pr.seegenemedical.com/user/js/common.js?ver=20260415:230:26
[   49850ms] TypeError: btnList.size is not a function
    at https://pr.seegenemedical.com/user/js/common.js?ver=20260415:1609:26
[   51350ms] TypeError: btnList.size is not a function
    at https://pr.seegenemedical.com/user/js/common.js?ver=20260415:160:26
[   51350ms] TypeError: btnList.size is not a function
    at https://pr.seegenemedical.com/user/js/common.js?ver=20260415:230:26
[   54349ms] TypeError: btnList.size is not a function
    at https://pr.seegenemedical.com/user/js/common.js?ver=20260415:160:26
[   54349ms] TypeError: btnList.size is not a function
    at https://pr.seegenemedical.com/user/js/common.js?ver=20260415:230:26
[   55349ms] TypeError: btnList.size is not a function
    at https://pr.seegenemedical.com/user/js/common.js?ver=20260415:1609:26
[   57350ms] TypeError: btnList.size is not a function
    at https://pr.seegenemedical.com/user/js/common.js?ver=20260415:160:26
[   57350ms] TypeError: btnList.size is not a function
    at https://pr.seegenemedical.com/user/js/common.js?ver=20260415:230:26
[   60342ms] TypeError: btnList.size is not a function
    at https://pr.seegenemedical.com/user/js/common.js?ver=20260415:160:26
[   60342ms] TypeError: btnList.size is not a function
    at https://pr.seegenemedical.com/user/js/common.js?ver=20260415:230:26
[   60844ms] TypeError: btnList.size is not a function
    at https://pr.seegenemedical.com/user/js/common.js?ver=20260415:1609:26
[   63345ms] TypeError: btnList.size is not a function
    at https://pr.seegenemedical.com/user/js/common.js?ver=20260415:160:26
[   63345ms] TypeError: btnList.size is not a function
    at https://pr.seegenemedical.com/user/js/common.js?ver=20260415:230:26
[   66350ms] TypeError: btnList.size is not a function
    at https://pr.seegenemedical.com/user/js/common.js?ver=20260415:160:26
[   66350ms] TypeError: btnList.size is not a function
    at https://pr.seegenemedical.com/user/js/common.js?ver=20260415:230:26
[   66351ms] TypeError: btnList.size is not a function
    at https://pr.seegenemedical.com/user/js/common.js?ver=20260415:1609:26
[   69348ms] TypeError: btnList.size is not a function
    at https://pr.seegenemedical.com/user/js/common.js?ver=20260415:160:26
[   69348ms] TypeError: btnList.size is not a function
    at https://pr.seegenemedical.com/user/js/common.js?ver=20260415:230:26
[   71858ms] TypeError: btnList.size is not a function
    at https://pr.seegenemedical.com/user/js/common.js?ver=20260415:1609:26
[   72349ms] TypeError: btnList.size is not a function
    at https://pr.seegenemedical.com/user/js/common.js?ver=20260415:160:26
[   72349ms] TypeError: btnList.size is not a function
    at https://pr.seegenemedical.com/user/js/common.js?ver=20260415:230:26
[   75344ms] TypeError: btnList.size is not a function
    at https://pr.seegenemedical.com/user/js/common.js?ver=20260415:160:26
[   75344ms] TypeError: btnList.size is not a function
    at https://pr.seegenemedical.com/user/js/common.js?ver=20260415:230:26
[   77350ms] TypeError: btnList.size is not a function
    at https://pr.seegenemedical.com/user/js/common.js?ver=20260415:1609:26
[   78347ms] TypeError: btnList.size is not a function
    at https://pr.seegenemedical.com/user/js/common.js?ver=20260415:160:26
[   78347ms] TypeError: btnList.size is not a function
    at https://pr.seegenemedical.com/user/js/common.js?ver=20260415:230:26
[   81346ms] TypeError: btnList.size is not a function
    at https://pr.seegenemedical.com/user/js/common.js?ver=20260415:160:26
[   81346ms] TypeError: btnList.size is not a function
    at https://pr.seegenemedical.com/user/js/common.js?ver=20260415:230:26
[   82850ms] TypeError: btnList.size is not a function
    at https://pr.seegenemedical.com/user/js/common.js?ver=20260415:1609:26
[   84346ms] TypeError: btnList.size is not a function
    at https://pr.seegenemedical.com/user/js/common.js?ver=20260415:160:26
[   84346ms] TypeError: btnList.size is not a function
    at https://pr.seegenemedical.com/user/js/common.js?ver=20260415:230:26
[   87345ms] TypeError: btnList.size is not a function
    at https://pr.seegenemedical.com/user/js/common.js?ver=20260415:160:26
[   87346ms] TypeError: btnList.size is not a function
    at https://pr.seegenemedical.com/user/js/common.js?ver=20260415:230:26
[   88348ms] TypeError: btnList.size is not a function
    at https://pr.seegenemedical.com/user/js/common.js?ver=20260415:1609:26
[   90347ms] TypeError: btnList.size is not a function
    at https://pr.seegenemedical.com/user/js/common.js?ver=20260415:160:26
[   90347ms] TypeError: btnList.size is not a function
    at https://pr.seegenemedical.com/user/js/common.js?ver=20260415:230:26
[   93348ms] TypeError: btnList.size is not a function
    at https://pr.seegenemedical.com/user/js/common.js?ver=20260415:160:26
[   93349ms] TypeError: btnList.size is not a function
    at https://pr.seegenemedical.com/user/js/common.js?ver=20260415:230:26
[   93848ms] TypeError: btnList.size is not a function
    at https://pr.seegenemedical.com/user/js/common.js?ver=20260415:1609:26
[   96346ms] TypeError: btnList.size is not a function
    at https://pr.seegenemedical.com/user/js/common.js?ver=20260415:160:26
[   96346ms] TypeError: btnList.size is not a function
    at https://pr.seegenemedical.com/user/js/common.js?ver=20260415:230:26
[   99350ms] TypeError: btnList.size is not a function
    at https://pr.seegenemedical.com/user/js/common.js?ver=20260415:160:26
[   99351ms] TypeError: btnList.size is not a function
    at https://pr.seegenemedical.com/user/js/common.js?ver=20260415:230:26
[   99351ms] TypeError: btnList.size is not a function
    at https://pr.seegenemedical.com/user/js/common.js?ver=20260415:1609:26
[  102345ms] TypeError: btnList.size is not a function
    at https://pr.seegenemedical.com/user/js/common.js?ver=20260415:160:26
[  102345ms] TypeError: btnList.size is not a function
    at https://pr.seegenemedical.com/user/js/common.js?ver=20260415:230:26
[  104848ms] TypeError: btnList.size is not a function
    at https://pr.seegenemedical.com/user/js/common.js?ver=20260415:1609:26
[  105347ms] TypeError: btnList.size is not a function
    at https://pr.seegenemedical.com/user/js/common.js?ver=20260415:160:26
[  105347ms] TypeError: btnList.size is not a function
    at https://pr.seegenemedical.com/user/js/common.js?ver=20260415:230:26
[  108343ms] TypeError: btnList.size is not a function
    at https://pr.seegenemedical.com/user/js/common.js?ver=20260415:160:26
[  108343ms] TypeError: btnList.size is not a function
    at https://pr.seegenemedical.com/user/js/common.js?ver=20260415:230:26
[  110349ms] TypeError: btnList.size is not a function
    at https://pr.seegenemedical.com/user/js/common.js?ver=20260415:1609:26
[  111344ms] TypeError: btnList.size is not a function
    at https://pr.seegenemedical.com/user/js/common.js?ver=20260415:160:26
[  111344ms] TypeError: btnList.size is not a function
    at https://pr.seegenemedical.com/user/js/common.js?ver=20260415:230:26
[  114347ms] TypeError: btnList.size is not a function
    at https://pr.seegenemedical.com/user/js/common.js?ver=20260415:160:26
[  114347ms] TypeError: btnList.size is not a function
    at https://pr.seegenemedical.com/user/js/common.js?ver=20260415:230:26
[  115854ms] TypeError: btnList.size is not a function
    at https://pr.seegenemedical.com/user/js/common.js?ver=20260415:1609:26
[  117344ms] TypeError: btnList.size is not a function
    at https://pr.seegenemedical.com/user/js/common.js?ver=20260415:160:26
[  117344ms] TypeError: btnList.size is not a function
    at https://pr.seegenemedical.com/user/js/common.js?ver=20260415:230:26
[  120348ms] TypeError: btnList.size is not a function
    at https://pr.seegenemedical.com/user/js/common.js?ver=20260415:160:26
[  120349ms] TypeError: btnList.size is not a function
    at https://pr.seegenemedical.com/user/js/common.js?ver=20260415:230:26
[  121349ms] TypeError: btnList.size is not a function
    at https://pr.seegenemedical.com/user/js/common.js?ver=20260415:1609:26
[  123348ms] TypeError: btnList.size is not a function
    at https://pr.seegenemedical.com/user/js/common.js?ver=20260415:160:26
[  123349ms] TypeError: btnList.size is not a function
    at https://pr.seegenemedical.com/user/js/common.js?ver=20260415:230:26
[  126348ms] TypeError: btnList.size is not a function
    at https://pr.seegenemedical.com/user/js/common.js?ver=20260415:160:26
[  126348ms] TypeError: btnList.size is not a function
    at https://pr.seegenemedical.com/user/js/common.js?ver=20260415:230:26
[  126849ms] TypeError: btnList.size is not a function
    at https://pr.seegenemedical.com/user/js/common.js?ver=20260415:1609:26
[  129345ms] TypeError: btnList.size is not a function
    at https://pr.seegenemedical.com/user/js/common.js?ver=20260415:160:26
[  129345ms] TypeError: btnList.size is not a function
    at https://pr.seegenemedical.com/user/js/common.js?ver=20260415:230:26
[  132346ms] TypeError: btnList.size is not a function
    at https://pr.seegenemedical.com/user/js/common.js?ver=20260415:160:26
[  132347ms] TypeError: btnList.size is not a function
    at https://pr.seegenemedical.com/user/js/common.js?ver=20260415:230:26
[  132347ms] TypeError: btnList.size is not a function
    at https://pr.seegenemedical.com/user/js/common.js?ver=20260415:1609:26
[  135349ms] TypeError: btnList.size is not a function
    at https://pr.seegenemedical.com/user/js/common.js?ver=20260415:160:26
[  135349ms] TypeError: btnList.size is not a function
    at https://pr.seegenemedical.com/user/js/common.js?ver=20260415:230:26
[  137849ms] TypeError: btnList.size is not a function
    at https://pr.seegenemedical.com/user/js/common.js?ver=20260415:1609:26
[  138348ms] TypeError: btnList.size is not a function
    at https://pr.seegenemedical.com/user/js/common.js?ver=20260415:160:26
[  138348ms] TypeError: btnList.size is not a function
    at https://pr.seegenemedical.com/user/js/common.js?ver=20260415:230:26
[  141356ms] TypeError: btnList.size is not a function
    at https://pr.seegenemedical.com/user/js/common.js?ver=20260415:160:26
[  141356ms] TypeError: btnList.size is not a function
    at https://pr.seegenemedical.com/user/js/common.js?ver=20260415:230:26
[  143350ms] TypeError: btnList.size is not a function
    at https://pr.seegenemedical.com/user/js/common.js?ver=20260415:1609:26
[  144347ms] TypeError: btnList.size is not a function
    at https://pr.seegenemedical.com/user/js/common.js?ver=20260415:160:26
[  144348ms] TypeError: btnList.size is not a function
    at https://pr.seegenemedical.com/user/js/common.js?ver=20260415:230:26
[  147346ms] TypeError: btnList.size is not a function
    at https://pr.seegenemedical.com/user/js/common.js?ver=20260415:160:26
[  147346ms] TypeError: btnList.size is not a function
    at https://pr.seegenemedical.com/user/js/common.js?ver=20260415:230:26
[  148847ms] TypeError: btnList.size is not a function
    at https://pr.seegenemedical.com/user/js/common.js?ver=20260415:1609:26
[  150343ms] TypeError: btnList.size is not a function
    at https://pr.seegenemedical.com/user/js/common.js?ver=20260415:160:26
[  150343ms] TypeError: btnList.size is not a function
    at https://pr.seegenemedical.com/user/js/common.js?ver=20260415:230:26
[  153347ms] TypeError: btnList.size is not a function
    at https://pr.seegenemedical.com/user/js/common.js?ver=20260415:160:26
[  153347ms] TypeError: btnList.size is not a function
    at https://pr.seegenemedical.com/user/js/common.js?ver=20260415:230:26
[  154347ms] TypeError: btnList.size is not a function
    at https://pr.seegenemedical.com/user/js/common.js?ver=20260415:1609:26
[  156346ms] TypeError: btnList.size is not a function
    at https://pr.seegenemedical.com/user/js/common.js?ver=20260415:160:26
[  156346ms] TypeError: btnList.size is not a function
    at https://pr.seegenemedical.com/user/js/common.js?ver=20260415:230:26
[  159345ms] TypeError: btnList.size is not a function
    at https://pr.seegenemedical.com/user/js/common.js?ver=20260415:160:26
[  159345ms] TypeError: btnList.size is not a function
    at https://pr.seegenemedical.com/user/js/common.js?ver=20260415:230:26
[  159844ms] TypeError: btnList.size is not a function
    at https://pr.seegenemedical.com/user/js/common.js?ver=20260415:1609:26
[  162345ms] TypeError: btnList.size is not a function
    at https://pr.seegenemedical.com/user/js/common.js?ver=20260415:160:26
[  162345ms] TypeError: btnList.size is not a function
    at https://pr.seegenemedical.com/user/js/common.js?ver=20260415:230:26
[  165346ms] TypeError: btnList.size is not a function
    at https://pr.seegenemedical.com/user/js/common.js?ver=20260415:160:26
[  165346ms] TypeError: btnList.size is not a function
    at https://pr.seegenemedical.com/user/js/common.js?ver=20260415:230:26
[  165346ms] TypeError: btnList.size is not a function
    at https://pr.seegenemedical.com/user/js/common.js?ver=20260415:1609:26
[  168344ms] TypeError: btnList.size is not a function
    at https://pr.seegenemedical.com/user/js/common.js?ver=20260415:160:26
[  168344ms] TypeError: btnList.size is not a function
    at https://pr.seegenemedical.com/user/js/common.js?ver=20260415:230:26
[  170846ms] TypeError: btnList.size is not a function
    at https://pr.seegenemedical.com/user/js/common.js?ver=20260415:1609:26
[  171345ms] TypeError: btnList.size is not a function
    at https://pr.seegenemedical.com/user/js/common.js?ver=20260415:160:26
[  171345ms] TypeError: btnList.size is not a function
    at https://pr.seegenemedical.com/user/js/common.js?ver=20260415:230:26
[  174349ms] TypeError: btnList.size is not a function
    at https://pr.seegenemedical.com/user/js/common.js?ver=20260415:160:26
[  174350ms] TypeError: btnList.size is not a function
    at https://pr.seegenemedical.com/user/js/common.js?ver=20260415:230:26
[  176347ms] TypeError: btnList.size is not a function
    at https://pr.seegenemedical.com/user/js/common.js?ver=20260415:1609:26
[  177343ms] TypeError: btnList.size is not a function
    at https://pr.seegenemedical.com/user/js/common.js?ver=20260415:160:26
[  177343ms] TypeError: btnList.size is not a function
    at https://pr.seegenemedical.com/user/js/common.js?ver=20260415:230:26
[  180350ms] TypeError: btnList.size is not a function
    at https://pr.seegenemedical.com/user/js/common.js?ver=20260415:160:26
[  180351ms] TypeError: btnList.size is not a function
    at https://pr.seegenemedical.com/user/js/common.js?ver=20260415:230:26
[  181845ms] TypeError: btnList.size is not a function
    at https://pr.seegenemedical.com/user/js/common.js?ver=20260415:1609:26
[  183345ms] TypeError: btnList.size is not a function
    at https://pr.seegenemedical.com/user/js/common.js?ver=20260415:160:26
[  183345ms] TypeError: btnList.size is not a function
    at https://pr.seegenemedical.com/user/js/common.js?ver=20260415:230:26
[  186342ms] TypeError: btnList.size is not a function
    at https://pr.seegenemedical.com/user/js/common.js?ver=20260415:160:26
[  186342ms] TypeError: btnList.size is not a function
    at https://pr.seegenemedical.com/user/js/common.js?ver=20260415:230:26
[  187348ms] TypeError: btnList.size is not a function
    at https://pr.seegenemedical.com/user/js/common.js?ver=20260415:1609:26
[  189344ms] TypeError: btnList.size is not a function
    at https://pr.seegenemedical.com/user/js/common.js?ver=20260415:160:26
[  189344ms] TypeError: btnList.size is not a function
    at https://pr.seegenemedical.com/user/js/common.js?ver=20260415:230:26
[  192346ms] TypeError: btnList.size is not a function
    at https://pr.seegenemedical.com/user/js/common.js?ver=20260415:160:26
[  192346ms] TypeError: btnList.size is not a function
    at https://pr.seegenemedical.com/user/js/common.js?ver=20260415:230:26
[  192845ms] TypeError: btnList.size is not a function
    at https://pr.seegenemedical.com/user/js/common.js?ver=20260415:1609:26
[  195351ms] TypeError: btnList.size is not a function
    at https://pr.seegenemedical.com/user/js/common.js?ver=20260415:160:26
[  195351ms] TypeError: btnList.size is not a function
    at https://pr.seegenemedical.com/user/js/common.js?ver=20260415:230:26
[  198350ms] TypeError: btnList.size is not a function
    at https://pr.seegenemedical.com/user/js/common.js?ver=20260415:160:26
[  198351ms] TypeError: btnList.size is not a function
    at https://pr.seegenemedical.com/user/js/common.js?ver=20260415:230:26
[  198351ms] TypeError: btnList.size is not a function
    at https://pr.seegenemedical.com/user/js/common.js?ver=20260415:1609:26
[  201348ms] TypeError: btnList.size is not a function
    at https://pr.seegenemedical.com/user/js/common.js?ver=20260415:160:26
[  201348ms] TypeError: btnList.size is not a function
    at https://pr.seegenemedical.com/user/js/common.js?ver=20260415:230:26
[  203848ms] TypeError: btnList.size is not a function
    at https://pr.seegenemedical.com/user/js/common.js?ver=20260415:1609:26
[  204352ms] TypeError: btnList.size is not a function
    at https://pr.seegenemedical.com/user/js/common.js?ver=20260415:160:26
[  204353ms] TypeError: btnList.size is not a function
    at https://pr.seegenemedical.com/user/js/common.js?ver=20260415:230:26
[  207344ms] TypeError: btnList.size is not a function
    at https://pr.seegenemedical.com/user/js/common.js?ver=20260415:160:26
[  207344ms] TypeError: btnList.size is not a function
    at https://pr.seegenemedical.com/user/js/common.js?ver=20260415:230:26
[  209354ms] TypeError: btnList.size is not a function
    at https://pr.seegenemedical.com/user/js/common.js?ver=20260415:1609:26
[  210349ms] TypeError: btnList.size is not a function
    at https://pr.seegenemedical.com/user/js/common.js?ver=20260415:160:26
[  210349ms] TypeError: btnList.size is not a function
    at https://pr.seegenemedical.com/user/js/common.js?ver=20260415:230:26
[  213342ms] TypeError: btnList.size is not a function
    at https://pr.seegenemedical.com/user/js/common.js?ver=20260415:160:26
[  213342ms] TypeError: btnList.size is not a function
    at https://pr.seegenemedical.com/user/js/common.js?ver=20260415:230:26
[  214853ms] TypeError: btnList.size is not a function
    at https://pr.seegenemedical.com/user/js/common.js?ver=20260415:1609:26
[  216349ms] TypeError: btnList.size is not a function
    at https://pr.seegenemedical.com/user/js/common.js?ver=20260415:160:26
[  216349ms] TypeError: btnList.size is not a function
    at https://pr.seegenemedical.com/user/js/common.js?ver=20260415:230:26
[  219345ms] TypeError: btnList.size is not a function
    at https://pr.seegenemedical.com/user/js/common.js?ver=20260415:160:26
[  219346ms] TypeError: btnList.size is not a function
    at https://pr.seegenemedical.com/user/js/common.js?ver=20260415:230:26
[  220351ms] TypeError: btnList.size is not a function
    at https://pr.seegenemedical.com/user/js/common.js?ver=20260415:1609:26
[  222348ms] TypeError: btnList.size is not a function
    at https://pr.seegenemedical.com/user/js/common.js?ver=20260415:160:26
[  222349ms] TypeError: btnList.size is not a function
    at https://pr.seegenemedical.com/user/js/common.js?ver=20260415:230:26
[  225343ms] TypeError: btnList.size is not a function
    at https://pr.seegenemedical.com/user/js/common.js?ver=20260415:160:26
[  225344ms] TypeError: btnList.size is not a function
    at https://pr.seegenemedical.com/user/js/common.js?ver=20260415:230:26
[  225844ms] TypeError: btnList.size is not a function
    at https://pr.seegenemedical.com/user/js/common.js?ver=20260415:1609:26
[  228342ms] TypeError: btnList.size is not a function
    at https://pr.seegenemedical.com/user/js/common.js?ver=20260415:160:26
[  228343ms] TypeError: btnList.size is not a function
    at https://pr.seegenemedical.com/user/js/common.js?ver=20260415:230:26
[  231345ms] TypeError: btnList.size is not a function
    at https://pr.seegenemedical.com/user/js/common.js?ver=20260415:160:26
[  231345ms] TypeError: btnList.size is not a function
    at https://pr.seegenemedical.com/user/js/common.js?ver=20260415:230:26
[  231345ms] TypeError: btnList.size is not a function
    at https://pr.seegenemedical.com/user/js/common.js?ver=20260415:1609:26
[  234345ms] TypeError: btnList.size is not a function
    at https://pr.seegenemedical.com/user/js/common.js?ver=20260415:160:26
[  234345ms] TypeError: btnList.size is not a function
    at https://pr.seegenemedical.com/user/js/common.js?ver=20260415:230:26
[  236850ms] TypeError: btnList.size is not a function
    at https://pr.seegenemedical.com/user/js/common.js?ver=20260415:1609:26
[  237345ms] TypeError: btnList.size is not a function
    at https://pr.seegenemedical.com/user/js/common.js?ver=20260415:160:26
[  237345ms] TypeError: btnList.size is not a function
    at https://pr.seegenemedical.com/user/js/common.js?ver=20260415:230:26
[  240346ms] TypeError: btnList.size is not a function
    at https://pr.seegenemedical.com/user/js/common.js?ver=20260415:160:26
[  240346ms] TypeError: btnList.size is not a function
    at https://pr.seegenemedical.com/user/js/common.js?ver=20260415:230:26
[  242349ms] TypeError: btnList.size is not a function
    at https://pr.seegenemedical.com/user/js/common.js?ver=20260415:1609:26
[  243346ms] TypeError: btnList.size is not a function
    at https://pr.seegenemedical.com/user/js/common.js?ver=20260415:160:26
[  243347ms] TypeError: btnList.size is not a function
    at https://pr.seegenemedical.com/user/js/common.js?ver=20260415:230:26
[  246345ms] TypeError: btnList.size is not a function
    at https://pr.seegenemedical.com/user/js/common.js?ver=20260415:160:26
[  246346ms] TypeError: btnList.size is not a function
    at https://pr.seegenemedical.com/user/js/common.js?ver=20260415:230:26
[  247851ms] TypeError: btnList.size is not a function
    at https://pr.seegenemedical.com/user/js/common.js?ver=20260415:1609:26
[  249345ms] TypeError: btnList.size is not a function
    at https://pr.seegenemedical.com/user/js/common.js?ver=20260415:160:26
[  249346ms] TypeError: btnList.size is not a function
    at https://pr.seegenemedical.com/user/js/common.js?ver=20260415:230:26
[  252346ms] TypeError: btnList.size is not a function
    at https://pr.seegenemedical.com/user/js/common.js?ver=20260415:160:26
[  252346ms] TypeError: btnList.size is not a function
    at https://pr.seegenemedical.com/user/js/common.js?ver=20260415:230:26
[  253345ms] TypeError: btnList.size is not a function
    at https://pr.seegenemedical.com/user/js/common.js?ver=20260415:1609:26
[  255346ms] TypeError: btnList.size is not a function
    at https://pr.seegenemedical.com/user/js/common.js?ver=20260415:160:26
[  255346ms] TypeError: btnList.size is not a function
    at https://pr.seegenemedical.com/user/js/common.js?ver=20260415:230:26
[  258344ms] TypeError: btnList.size is not a function
    at https://pr.seegenemedical.com/user/js/common.js?ver=20260415:160:26
[  258344ms] TypeError: btnList.size is not a function
    at https://pr.seegenemedical.com/user/js/common.js?ver=20260415:230:26
[  258850ms] TypeError: btnList.size is not a function
    at https://pr.seegenemedical.com/user/js/common.js?ver=20260415:1609:26
[  261344ms] TypeError: btnList.size is not a function
    at https://pr.seegenemedical.com/user/js/common.js?ver=20260415:160:26
[  261344ms] TypeError: btnList.size is not a function
    at https://pr.seegenemedical.com/user/js/common.js?ver=20260415:230:26
[  264344ms] TypeError: btnList.size is not a function
    at https://pr.seegenemedical.com/user/js/common.js?ver=20260415:160:26
[  264345ms] TypeError: btnList.size is not a function
    at https://pr.seegenemedical.com/user/js/common.js?ver=20260415:230:26
[  264345ms] TypeError: btnList.size is not a function
    at https://pr.seegenemedical.com/user/js/common.js?ver=20260415:1609:26
[  267341ms] TypeError: btnList.size is not a function
    at https://pr.seegenemedical.com/user/js/common.js?ver=20260415:160:26
[  267345ms] TypeError: btnList.size is not a function
    at https://pr.seegenemedical.com/user/js/common.js?ver=20260415:230:26
[  269843ms] TypeError: btnList.size is not a function
    at https://pr.seegenemedical.com/user/js/common.js?ver=20260415:1609:26
[  270349ms] TypeError: btnList.size is not a function
    at https://pr.seegenemedical.com/user/js/common.js?ver=20260415:160:26
[  270350ms] TypeError: btnList.size is not a function
    at https://pr.seegenemedical.com/user/js/common.js?ver=20260415:230:26
[  273349ms] TypeError: btnList.size is not a function
    at https://pr.seegenemedical.com/user/js/common.js?ver=20260415:160:26
[  273349ms] TypeError: btnList.size is not a function
    at https://pr.seegenemedical.com/user/js/common.js?ver=20260415:230:26
[  275349ms] TypeError: btnList.size is not a function
    at https://pr.seegenemedical.com/user/js/common.js?ver=20260415:1609:26
[  276350ms] TypeError: btnList.size is not a function
    at https://pr.seegenemedical.com/user/js/common.js?ver=20260415:160:26
[  276350ms] TypeError: btnList.size is not a function
    at https://pr.seegenemedical.com/user/js/common.js?ver=20260415:230:26
[  279350ms] TypeError: btnList.size is not a function
    at https://pr.seegenemedical.com/user/js/common.js?ver=20260415:160:26
[  279351ms] TypeError: btnList.size is not a function
    at https://pr.seegenemedical.com/user/js/common.js?ver=20260415:230:26
[  280850ms] TypeError: btnList.size is not a function
    at https://pr.seegenemedical.com/user/js/common.js?ver=20260415:1609:26
[  282349ms] TypeError: btnList.size is not a function
    at https://pr.seegenemedical.com/user/js/common.js?ver=20260415:160:26
[  282350ms] TypeError: btnList.size is not a function
    at https://pr.seegenemedical.com/user/js/common.js?ver=20260415:230:26
[  285350ms] TypeError: btnList.size is not a function
    at https://pr.seegenemedical.com/user/js/common.js?ver=20260415:160:26
[  285351ms] TypeError: btnList.size is not a function
    at https://pr.seegenemedical.com/user/js/common.js?ver=20260415:230:26
[  286350ms] TypeError: btnList.size is not a function
    at https://pr.seegenemedical.com/user/js/common.js?ver=20260415:1609:26
[  288351ms] TypeError: btnList.size is not a function
    at https://pr.seegenemedical.com/user/js/common.js?ver=20260415:160:26
[  288351ms] TypeError: btnList.size is not a function
    at https://pr.seegenemedical.com/user/js/common.js?ver=20260415:230:26
[  291345ms] TypeError: btnList.size is not a function
    at https://pr.seegenemedical.com/user/js/common.js?ver=20260415:160:26
[  291345ms] TypeError: btnList.size is not a function
    at https://pr.seegenemedical.com/user/js/common.js?ver=20260415:230:26
[  291849ms] TypeError: btnList.size is not a function
    at https://pr.seegenemedical.com/user/js/common.js?ver=20260415:1609:26
[  294345ms] TypeError: btnList.size is not a function
    at https://pr.seegenemedical.com/user/js/common.js?ver=20260415:160:26
[  294345ms] TypeError: btnList.size is not a function
    at https://pr.seegenemedical.com/user/js/common.js?ver=20260415:230:26
[  297345ms] TypeError: btnList.size is not a function
    at https://pr.seegenemedical.com/user/js/common.js?ver=20260415:160:26
[  297345ms] TypeError: btnList.size is not a function
    at https://pr.seegenemedical.com/user/js/common.js?ver=20260415:230:26
[  297345ms] TypeError: btnList.size is not a function
    at https://pr.seegenemedical.com/user/js/common.js?ver=20260415:1609:26
[  300345ms] TypeError: btnList.size is not a function
    at https://pr.seegenemedical.com/user/js/common.js?ver=20260415:160:26
[  300346ms] TypeError: btnList.size is not a function
    at https://pr.seegenemedical.com/user/js/common.js?ver=20260415:230:26
[  302844ms] TypeError: btnList.size is not a function
    at https://pr.seegenemedical.com/user/js/common.js?ver=20260415:1609:26
[  303345ms] TypeError: btnList.size is not a function
    at https://pr.seegenemedical.com/user/js/common.js?ver=20260415:160:26
[  303345ms] TypeError: btnList.size is not a function
    at https://pr.seegenemedical.com/user/js/common.js?ver=20260415:230:26
[  306344ms] TypeError: btnList.size is not a function
    at https://pr.seegenemedical.com/user/js/common.js?ver=20260415:160:26
[  306344ms] TypeError: btnList.size is not a function
    at https://pr.seegenemedical.com/user/js/common.js?ver=20260415:230:26
[  308351ms] TypeError: btnList.size is not a function
    at https://pr.seegenemedical.com/user/js/common.js?ver=20260415:1609:26
[  309344ms] TypeError: btnList.size is not a function
    at https://pr.seegenemedical.com/user/js/common.js?ver=20260415:160:26
[  309345ms] TypeError: btnList.size is not a function
    at https://pr.seegenemedical.com/user/js/common.js?ver=20260415:230:26
[  312344ms] TypeError: btnList.size is not a function
    at https://pr.seegenemedical.com/user/js/common.js?ver=20260415:160:26
[  312344ms] TypeError: btnList.size is not a function
    at https://pr.seegenemedical.com/user/js/common.js?ver=20260415:230:26
[  313856ms] TypeError: btnList.size is not a function
    at https://pr.seegenemedical.com/user/js/common.js?ver=20260415:1609:26
[  315345ms] TypeError: btnList.size is not a function
    at https://pr.seegenemedical.com/user/js/common.js?ver=20260415:160:26
[  315345ms] TypeError: btnList.size is not a function
    at https://pr.seegenemedical.com/user/js/common.js?ver=20260415:230:26
[  318347ms] TypeError: btnList.size is not a function
    at https://pr.seegenemedical.com/user/js/common.js?ver=20260415:160:26
[  318348ms] TypeError: btnList.size is not a function
    at https://pr.seegenemedical.com/user/js/common.js?ver=20260415:230:26
[  319346ms] TypeError: btnList.size is not a function
    at https://pr.seegenemedical.com/user/js/common.js?ver=20260415:1609:26
[  321349ms] TypeError: btnList.size is not a function
    at https://pr.seegenemedical.com/user/js/common.js?ver=20260415:160:26
[  321349ms] TypeError: btnList.size is not a function
    at https://pr.seegenemedical.com/user/js/common.js?ver=20260415:230:26
[  324341ms] TypeError: btnList.size is not a function
    at https://pr.seegenemedical.com/user/js/common.js?ver=20260415:160:26
[  324345ms] TypeError: btnList.size is not a function
    at https://pr.seegenemedical.com/user/js/common.js?ver=20260415:230:26
[  324846ms] TypeError: btnList.size is not a function
    at https://pr.seegenemedical.com/user/js/common.js?ver=20260415:1609:26
[  327346ms] TypeError: btnList.size is not a function
    at https://pr.seegenemedical.com/user/js/common.js?ver=20260415:160:26
[  327346ms] TypeError: btnList.size is not a function
    at https://pr.seegenemedical.com/user/js/common.js?ver=20260415:230:26
[  330344ms] TypeError: btnList.size is not a function
    at https://pr.seegenemedical.com/user/js/common.js?ver=20260415:160:26
[  330344ms] TypeError: btnList.size is not a function
    at https://pr.seegenemedical.com/user/js/common.js?ver=20260415:230:26
[  330344ms] TypeError: btnList.size is not a function
    at https://pr.seegenemedical.com/user/js/common.js?ver=20260415:1609:26
[  333346ms] TypeError: btnList.size is not a function
    at https://pr.seegenemedical.com/user/js/common.js?ver=20260415:160:26
[  333346ms] TypeError: btnList.size is not a function
    at https://pr.seegenemedical.com/user/js/common.js?ver=20260415:230:26
[  335848ms] TypeError: btnList.size is not a function
    at https://pr.seegenemedical.com/user/js/common.js?ver=20260415:1609:26
[  336342ms] TypeError: btnList.size is not a function
    at https://pr.seegenemedical.com/user/js/common.js?ver=20260415:160:26
[  336342ms] TypeError: btnList.size is not a function
    at https://pr.seegenemedical.com/user/js/common.js?ver=20260415:230:26
[  339343ms] TypeError: btnList.size is not a function
    at https://pr.seegenemedical.com/user/js/common.js?ver=20260415:160:26
[  339344ms] TypeError: btnList.size is not a function
    at https://pr.seegenemedical.com/user/js/common.js?ver=20260415:230:26
[  341360ms] TypeError: btnList.size is not a function
    at https://pr.seegenemedical.com/user/js/common.js?ver=20260415:1609:26
[  342347ms] TypeError: btnList.size is not a function
    at https://pr.seegenemedical.com/user/js/common.js?ver=20260415:160:26
[  342348ms] TypeError: btnList.size is not a function
    at https://pr.seegenemedical.com/user/js/common.js?ver=20260415:230:26
[  345348ms] TypeError: btnList.size is not a function
    at https://pr.seegenemedical.com/user/js/common.js?ver=20260415:160:26
[  345348ms] TypeError: btnList.size is not a function
    at https://pr.seegenemedical.com/user/js/common.js?ver=20260415:230:26
[  346848ms] TypeError: btnList.size is not a function
    at https://pr.seegenemedical.com/user/js/common.js?ver=20260415:1609:26
[  348346ms] TypeError: btnList.size is not a function
    at https://pr.seegenemedical.com/user/js/common.js?ver=20260415:160:26
[  348347ms] TypeError: btnList.size is not a function
    at https://pr.seegenemedical.com/user/js/common.js?ver=20260415:230:26
[  351341ms] TypeError: btnList.size is not a function
    at https://pr.seegenemedical.com/user/js/common.js?ver=20260415:160:26
[  351342ms] TypeError: btnList.size is not a function
    at https://pr.seegenemedical.com/user/js/common.js?ver=20260415:230:26
[  352348ms] TypeError: btnList.size is not a function
    at https://pr.seegenemedical.com/user/js/common.js?ver=20260415:1609:26
[  354345ms] TypeError: btnList.size is not a function
    at https://pr.seegenemedical.com/user/js/common.js?ver=20260415:160:26
[  354346ms] TypeError: btnList.size is not a function
    at https://pr.seegenemedical.com/user/js/common.js?ver=20260415:230:26
[  357349ms] TypeError: btnList.size is not a function
    at https://pr.seegenemedical.com/user/js/common.js?ver=20260415:160:26
[  357349ms] TypeError: btnList.size is not a function
    at https://pr.seegenemedical.com/user/js/common.js?ver=20260415:230:26
[  357843ms] TypeError: btnList.size is not a function
    at https://pr.seegenemedical.com/user/js/common.js?ver=20260415:1609:26
[  360344ms] TypeError: btnList.size is not a function
    at https://pr.seegenemedical.com/user/js/common.js?ver=20260415:160:26
[  360344ms] TypeError: btnList.size is not a function
    at https://pr.seegenemedical.com/user/js/common.js?ver=20260415:230:26
[  363344ms] TypeError: btnList.size is not a function
    at https://pr.seegenemedical.com/user/js/common.js?ver=20260415:160:26
[  363344ms] TypeError: btnList.size is not a function
    at https://pr.seegenemedical.com/user/js/common.js?ver=20260415:230:26
[  363344ms] TypeError: btnList.size is not a function
    at https://pr.seegenemedical.com/user/js/common.js?ver=20260415:1609:26
[  366342ms] TypeError: btnList.size is not a function
    at https://pr.seegenemedical.com/user/js/common.js?ver=20260415:160:26
[  366342ms] TypeError: btnList.size is not a function
    at https://pr.seegenemedical.com/user/js/common.js?ver=20260415:230:26
[  368850ms] TypeError: btnList.size is not a function
    at https://pr.seegenemedical.com/user/js/common.js?ver=20260415:1609:26
[  369349ms] TypeError: btnList.size is not a function
    at https://pr.seegenemedical.com/user/js/common.js?ver=20260415:160:26
[  369350ms] TypeError: btnList.size is not a function
    at https://pr.seegenemedical.com/user/js/common.js?ver=20260415:230:26
[  372342ms] TypeError: btnList.size is not a function
    at https://pr.seegenemedical.com/user/js/common.js?ver=20260415:160:26
[  372343ms] TypeError: btnList.size is not a function
    at https://pr.seegenemedical.com/user/js/common.js?ver=20260415:230:26
[  374350ms] TypeError: btnList.size is not a function
    at https://pr.seegenemedical.com/user/js/common.js?ver=20260415:1609:26
[  375348ms] TypeError: btnList.size is not a function
    at https://pr.seegenemedical.com/user/js/common.js?ver=20260415:160:26
[  375349ms] TypeError: btnList.size is not a function
    at https://pr.seegenemedical.com/user/js/common.js?ver=20260415:230:26
[  378343ms] TypeError: btnList.size is not a function
    at https://pr.seegenemedical.com/user/js/common.js?ver=20260415:160:26
[  378343ms] TypeError: btnList.size is not a function
    at https://pr.seegenemedical.com/user/js/common.js?ver=20260415:230:26
[  379849ms] TypeError: btnList.size is not a function
    at https://pr.seegenemedical.com/user/js/common.js?ver=20260415:1609:26
[  381350ms] TypeError: btnList.size is not a function
    at https://pr.seegenemedical.com/user/js/common.js?ver=20260415:160:26
[  381350ms] TypeError: btnList.size is not a function
    at https://pr.seegenemedical.com/user/js/common.js?ver=20260415:230:26
[  384351ms] TypeError: btnList.size is not a function
    at https://pr.seegenemedical.com/user/js/common.js?ver=20260415:160:26
[  384351ms] TypeError: btnList.size is not a function
    at https://pr.seegenemedical.com/user/js/common.js?ver=20260415:230:26
[  385350ms] TypeError: btnList.size is not a function
    at https://pr.seegenemedical.com/user/js/common.js?ver=20260415:1609:26
[  387345ms] TypeError: btnList.size is not a function
    at https://pr.seegenemedical.com/user/js/common.js?ver=20260415:160:26
[  387345ms] TypeError: btnList.size is not a function
    at https://pr.seegenemedical.com/user/js/common.js?ver=20260415:230:26
[  390349ms] TypeError: btnList.size is not a function
    at https://pr.seegenemedical.com/user/js/common.js?ver=20260415:160:26
[  390349ms] TypeError: btnList.size is not a function
    at https://pr.seegenemedical.com/user/js/common.js?ver=20260415:230:26
[  390844ms] TypeError: btnList.size is not a function
    at https://pr.seegenemedical.com/user/js/common.js?ver=20260415:1609:26
[  393345ms] TypeError: btnList.size is not a function
    at https://pr.seegenemedical.com/user/js/common.js?ver=20260415:160:26
[  393345ms] TypeError: btnList.size is not a function
    at https://pr.seegenemedical.com/user/js/common.js?ver=20260415:230:26
[  396346ms] TypeError: btnList.size is not a function
    at https://pr.seegenemedical.com/user/js/common.js?ver=20260415:160:26
[  396347ms] TypeError: btnList.size is not a function
    at https://pr.seegenemedical.com/user/js/common.js?ver=20260415:230:26
[  396347ms] TypeError: btnList.size is not a function
    at https://pr.seegenemedical.com/user/js/common.js?ver=20260415:1609:26
[  399344ms] TypeError: btnList.size is not a function
    at https://pr.seegenemedical.com/user/js/common.js?ver=20260415:160:26
[  399344ms] TypeError: btnList.size is not a function
    at https://pr.seegenemedical.com/user/js/common.js?ver=20260415:230:26
[  401846ms] TypeError: btnList.size is not a function
    at https://pr.seegenemedical.com/user/js/common.js?ver=20260415:1609:26
[  402345ms] TypeError: btnList.size is not a function
    at https://pr.seegenemedical.com/user/js/common.js?ver=20260415:160:26
[  402345ms] TypeError: btnList.size is not a function
    at https://pr.seegenemedical.com/user/js/common.js?ver=20260415:230:26
[  405342ms] TypeError: btnList.size is not a function
    at https://pr.seegenemedical.com/user/js/common.js?ver=20260415:160:26
[  405342ms] TypeError: btnList.size is not a function
    at https://pr.seegenemedical.com/user/js/common.js?ver=20260415:230:26
[  407347ms] TypeError: btnList.size is not a function
    at https://pr.seegenemedical.com/user/js/common.js?ver=20260415:1609:26
[  408350ms] TypeError: btnList.size is not a function
    at https://pr.seegenemedical.com/user/js/common.js?ver=20260415:160:26
[  408350ms] TypeError: btnList.size is not a function
    at https://pr.seegenemedical.com/user/js/common.js?ver=20260415:230:26
[  411350ms] TypeError: btnList.size is not a function
    at https://pr.seegenemedical.com/user/js/common.js?ver=20260415:160:26
[  411350ms] TypeError: btnList.size is not a function
    at https://pr.seegenemedical.com/user/js/common.js?ver=20260415:230:26
[  412858ms] TypeError: btnList.size is not a function
    at https://pr.seegenemedical.com/user/js/common.js?ver=20260415:1609:26
[  414344ms] TypeError: btnList.size is not a function
    at https://pr.seegenemedical.com/user/js/common.js?ver=20260415:160:26
[  414344ms] TypeError: btnList.size is not a function
    at https://pr.seegenemedical.com/user/js/common.js?ver=20260415:230:26
[  417344ms] TypeError: btnList.size is not a function
    at https://pr.seegenemedical.com/user/js/common.js?ver=20260415:160:26
[  417344ms] TypeError: btnList.size is not a function
    at https://pr.seegenemedical.com/user/js/common.js?ver=20260415:230:26
[  418347ms] TypeError: btnList.size is not a function
    at https://pr.seegenemedical.com/user/js/common.js?ver=20260415:1609:26
[  420346ms] TypeError: btnList.size is not a function
    at https://pr.seegenemedical.com/user/js/common.js?ver=20260415:160:26
[  420346ms] TypeError: btnList.size is not a function
    at https://pr.seegenemedical.com/user/js/common.js?ver=20260415:230:26
[  423346ms] TypeError: btnList.size is not a function
    at https://pr.seegenemedical.com/user/js/common.js?ver=20260415:160:26
[  423347ms] TypeError: btnList.size is not a function
    at https://pr.seegenemedical.com/user/js/common.js?ver=20260415:230:26
[  423845ms] TypeError: btnList.size is not a function
    at https://pr.seegenemedical.com/user/js/common.js?ver=20260415:1609:26
[  426345ms] TypeError: btnList.size is not a function
    at https://pr.seegenemedical.com/user/js/common.js?ver=20260415:160:26
[  426346ms] TypeError: btnList.size is not a function
    at https://pr.seegenemedical.com/user/js/common.js?ver=20260415:230:26
[  429342ms] TypeError: btnList.size is not a function
    at https://pr.seegenemedical.com/user/js/common.js?ver=20260415:160:26
[  429346ms] TypeError: btnList.size is not a function
    at https://pr.seegenemedical.com/user/js/common.js?ver=20260415:230:26
[  429346ms] TypeError: btnList.size is not a function
    at https://pr.seegenemedical.com/user/js/common.js?ver=20260415:1609:26
[  432346ms] TypeError: btnList.size is not a function
    at https://pr.seegenemedical.com/user/js/common.js?ver=20260415:160:26
[  432347ms] TypeError: btnList.size is not a function
    at https://pr.seegenemedical.com/user/js/common.js?ver=20260415:230:26
[  434845ms] TypeError: btnList.size is not a function
    at https://pr.seegenemedical.com/user/js/common.js?ver=20260415:1609:26
[  435347ms] TypeError: btnList.size is not a function
    at https://pr.seegenemedical.com/user/js/common.js?ver=20260415:160:26
[  435347ms] TypeError: btnList.size is not a function
    at https://pr.seegenemedical.com/user/js/common.js?ver=20260415:230:26
[  438351ms] TypeError: btnList.size is not a function
    at https://pr.seegenemedical.com/user/js/common.js?ver=20260415:160:26
[  438352ms] TypeError: btnList.size is not a function
    at https://pr.seegenemedical.com/user/js/common.js?ver=20260415:230:26
[  440350ms] TypeError: btnList.size is not a function
    at https://pr.seegenemedical.com/user/js/common.js?ver=20260415:1609:26
[  441346ms] TypeError: btnList.size is not a function
    at https://pr.seegenemedical.com/user/js/common.js?ver=20260415:160:26
[  441347ms] TypeError: btnList.size is not a function
    at https://pr.seegenemedical.com/user/js/common.js?ver=20260415:230:26
[  444344ms] TypeError: btnList.size is not a function
    at https://pr.seegenemedical.com/user/js/common.js?ver=20260415:160:26
[  444344ms] TypeError: btnList.size is not a function
    at https://pr.seegenemedical.com/user/js/common.js?ver=20260415:230:26
[  445847ms] TypeError: btnList.size is not a function
    at https://pr.seegenemedical.com/user/js/common.js?ver=20260415:1609:26
[  447347ms] TypeError: btnList.size is not a function
    at https://pr.seegenemedical.com/user/js/common.js?ver=20260415:160:26
[  447347ms] TypeError: btnList.size is not a function
    at https://pr.seegenemedical.com/user/js/common.js?ver=20260415:230:26
[  450347ms] TypeError: btnList.size is not a function
    at https://pr.seegenemedical.com/user/js/common.js?ver=20260415:160:26
[  450347ms] TypeError: btnList.size is not a function
    at https://pr.seegenemedical.com/user/js/common.js?ver=20260415:230:26
[  451350ms] TypeError: btnList.size is not a function
    at https://pr.seegenemedical.com/user/js/common.js?ver=20260415:1609:26
[  453350ms] TypeError: btnList.size is not a function
    at https://pr.seegenemedical.com/user/js/common.js?ver=20260415:160:26
[  453350ms] TypeError: btnList.size is not a function
    at https://pr.seegenemedical.com/user/js/common.js?ver=20260415:230:26
[  456345ms] TypeError: btnList.size is not a function
    at https://pr.seegenemedical.com/user/js/common.js?ver=20260415:160:26
[  456346ms] TypeError: btnList.size is not a function
    at https://pr.seegenemedical.com/user/js/common.js?ver=20260415:230:26
[  456849ms] TypeError: btnList.size is not a function
    at https://pr.seegenemedical.com/user/js/common.js?ver=20260415:1609:26
[  459356ms] TypeError: btnList.size is not a function
    at https://pr.seegenemedical.com/user/js/common.js?ver=20260415:160:26
[  459356ms] TypeError: btnList.size is not a function
    at https://pr.seegenemedical.com/user/js/common.js?ver=20260415:230:26
[  462357ms] TypeError: btnList.size is not a function
    at https://pr.seegenemedical.com/user/js/common.js?ver=20260415:160:26
[  462357ms] TypeError: btnList.size is not a function
    at https://pr.seegenemedical.com/user/js/common.js?ver=20260415:230:26
[  462357ms] TypeError: btnList.size is not a function
    at https://pr.seegenemedical.com/user/js/common.js?ver=20260415:1609:26
[  465345ms] TypeError: btnList.size is not a function
    at https://pr.seegenemedical.com/user/js/common.js?ver=20260415:160:26
[  465345ms] TypeError: btnList.size is not a function
    at https://pr.seegenemedical.com/user/js/common.js?ver=20260415:230:26
[  467850ms] TypeError: btnList.size is not a function
    at https://pr.seegenemedical.com/user/js/common.js?ver=20260415:1609:26
[  468344ms] TypeError: btnList.size is not a function
    at https://pr.seegenemedical.com/user/js/common.js?ver=20260415:160:26
[  468345ms] TypeError: btnList.size is not a function
    at https://pr.seegenemedical.com/user/js/common.js?ver=20260415:230:26
[  471355ms] TypeError: btnList.size is not a function
    at https://pr.seegenemedical.com/user/js/common.js?ver=20260415:160:26
[  471355ms] TypeError: btnList.size is not a function
    at https://pr.seegenemedical.com/user/js/common.js?ver=20260415:230:26
[  473350ms] TypeError: btnList.size is not a function
    at https://pr.seegenemedical.com/user/js/common.js?ver=20260415:1609:26
[  474351ms] TypeError: btnList.size is not a function
    at https://pr.seegenemedical.com/user/js/common.js?ver=20260415:160:26
[  474351ms] TypeError: btnList.size is not a function
    at https://pr.seegenemedical.com/user/js/common.js?ver=20260415:230:26
[  477350ms] TypeError: btnList.size is not a function
    at https://pr.seegenemedical.com/user/js/common.js?ver=20260415:160:26
[  477350ms] TypeError: btnList.size is not a function
    at https://pr.seegenemedical.com/user/js/common.js?ver=20260415:230:26
[  478851ms] TypeError: btnList.size is not a function
    at https://pr.seegenemedical.com/user/js/common.js?ver=20260415:1609:26
[  480351ms] TypeError: btnList.size is not a function
    at https://pr.seegenemedical.com/user/js/common.js?ver=20260415:160:26
[  480352ms] TypeError: btnList.size is not a function
    at https://pr.seegenemedical.com/user/js/common.js?ver=20260415:230:26
[  483346ms] TypeError: btnList.size is not a function
    at https://pr.seegenemedical.com/user/js/common.js?ver=20260415:160:26
[  483346ms] TypeError: btnList.size is not a function
    at https://pr.seegenemedical.com/user/js/common.js?ver=20260415:230:26
[  484348ms] TypeError: btnList.size is not a function
    at https://pr.seegenemedical.com/user/js/common.js?ver=20260415:1609:26
[  486352ms] TypeError: btnList.size is not a function
    at https://pr.seegenemedical.com/user/js/common.js?ver=20260415:160:26
[  486352ms] TypeError: btnList.size is not a function
    at https://pr.seegenemedical.com/user/js/common.js?ver=20260415:230:26
[  489347ms] TypeError: btnList.size is not a function
    at https://pr.seegenemedical.com/user/js/common.js?ver=20260415:160:26
[  489347ms] TypeError: btnList.size is not a function
    at https://pr.seegenemedical.com/user/js/common.js?ver=20260415:230:26
[  489848ms] TypeError: btnList.size is not a function
    at https://pr.seegenemedical.com/user/js/common.js?ver=20260415:1609:26
[  492350ms] TypeError: btnList.size is not a function
    at https://pr.seegenemedical.com/user/js/common.js?ver=20260415:160:26
[  492350ms] TypeError: btnList.size is not a function
    at https://pr.seegenemedical.com/user/js/common.js?ver=20260415:230:26
[  495351ms] TypeError: btnList.size is not a function
    at https://pr.seegenemedical.com/user/js/common.js?ver=20260415:160:26
[  495351ms] TypeError: btnList.size is not a function
    at https://pr.seegenemedical.com/user/js/common.js?ver=20260415:230:26
[  495351ms] TypeError: btnList.size is not a function
    at https://pr.seegenemedical.com/user/js/common.js?ver=20260415:1609:26
[  498345ms] TypeError: btnList.size is not a function
    at https://pr.seegenemedical.com/user/js/common.js?ver=20260415:160:26
[  498345ms] TypeError: btnList.size is not a function
    at https://pr.seegenemedical.com/user/js/common.js?ver=20260415:230:26
[  500847ms] TypeError: btnList.size is not a function
    at https://pr.seegenemedical.com/user/js/common.js?ver=20260415:1609:26
[  501351ms] TypeError: btnList.size is not a function
    at https://pr.seegenemedical.com/user/js/common.js?ver=20260415:160:26
[  501351ms] TypeError: btnList.size is not a function
    at https://pr.seegenemedical.com/user/js/common.js?ver=20260415:230:26
[  504354ms] TypeError: btnList.size is not a function
    at https://pr.seegenemedical.com/user/js/common.js?ver=20260415:160:26
[  504354ms] TypeError: btnList.size is not a function
    at https://pr.seegenemedical.com/user/js/common.js?ver=20260415:230:26
[  506358ms] TypeError: btnList.size is not a function
    at https://pr.seegenemedical.com/user/js/common.js?ver=20260415:1609:26
[  507344ms] TypeError: btnList.size is not a function
    at https://pr.seegenemedical.com/user/js/common.js?ver=20260415:160:26
[  507345ms] TypeError: btnList.size is not a function
    at https://pr.seegenemedical.com/user/js/common.js?ver=20260415:230:26
[  510342ms] TypeError: btnList.size is not a function
    at https://pr.seegenemedical.com/user/js/common.js?ver=20260415:160:26
[  510342ms] TypeError: btnList.size is not a function
    at https://pr.seegenemedical.com/user/js/common.js?ver=20260415:230:26
[  511853ms] TypeError: btnList.size is not a function
    at https://pr.seegenemedical.com/user/js/common.js?ver=20260415:1609:26
[  513353ms] TypeError: btnList.size is not a function
    at https://pr.seegenemedical.com/user/js/common.js?ver=20260415:160:26
[  513353ms] TypeError: btnList.size is not a function
    at https://pr.seegenemedical.com/user/js/common.js?ver=20260415:230:26
[  516349ms] TypeError: btnList.size is not a function
    at https://pr.seegenemedical.com/user/js/common.js?ver=20260415:160:26
[  516349ms] TypeError: btnList.size is not a function
    at https://pr.seegenemedical.com/user/js/common.js?ver=20260415:230:26
[  517349ms] TypeError: btnList.size is not a function
    at https://pr.seegenemedical.com/user/js/common.js?ver=20260415:1609:26
[  519348ms] TypeError: btnList.size is not a function
    at https://pr.seegenemedical.com/user/js/common.js?ver=20260415:160:26
[  519348ms] TypeError: btnList.size is not a function
    at https://pr.seegenemedical.com/user/js/common.js?ver=20260415:230:26
[  522349ms] TypeError: btnList.size is not a function
    at https://pr.seegenemedical.com/user/js/common.js?ver=20260415:160:26
[  522349ms] TypeError: btnList.size is not a function
    at https://pr.seegenemedical.com/user/js/common.js?ver=20260415:230:26
[  522849ms] TypeError: btnList.size is not a function
    at https://pr.seegenemedical.com/user/js/common.js?ver=20260415:1609:26
[  525348ms] TypeError: btnList.size is not a function
    at https://pr.seegenemedical.com/user/js/common.js?ver=20260415:160:26
[  525348ms] TypeError: btnList.size is not a function
    at https://pr.seegenemedical.com/user/js/common.js?ver=20260415:230:26
[  528341ms] TypeError: btnList.size is not a function
    at https://pr.seegenemedical.com/user/js/common.js?ver=20260415:160:26
[  528342ms] TypeError: btnList.size is not a function
    at https://pr.seegenemedical.com/user/js/common.js?ver=20260415:230:26
[  528347ms] TypeError: btnList.size is not a function
    at https://pr.seegenemedical.com/user/js/common.js?ver=20260415:1609:26
[  531349ms] TypeError: btnList.size is not a function
    at https://pr.seegenemedical.com/user/js/common.js?ver=20260415:160:26
[  531349ms] TypeError: btnList.size is not a function
    at https://pr.seegenemedical.com/user/js/common.js?ver=20260415:230:26
[  533852ms] TypeError: btnList.size is not a function
    at https://pr.seegenemedical.com/user/js/common.js?ver=20260415:1609:26
[  534345ms] TypeError: btnList.size is not a function
    at https://pr.seegenemedical.com/user/js/common.js?ver=20260415:160:26
[  534345ms] TypeError: btnList.size is not a function
    at https://pr.seegenemedical.com/user/js/common.js?ver=20260415:230:26
[  537351ms] TypeError: btnList.size is not a function
    at https://pr.seegenemedical.com/user/js/common.js?ver=20260415:160:26
[  537352ms] TypeError: btnList.size is not a function
    at https://pr.seegenemedical.com/user/js/common.js?ver=20260415:230:26
[  539349ms] TypeError: btnList.size is not a function
    at https://pr.seegenemedical.com/user/js/common.js?ver=20260415:1609:26
[  540350ms] TypeError: btnList.size is not a function
    at https://pr.seegenemedical.com/user/js/common.js?ver=20260415:160:26
[  540350ms] TypeError: btnList.size is not a function
    at https://pr.seegenemedical.com/user/js/common.js?ver=20260415:230:26
[  543350ms] TypeError: btnList.size is not a function
    at https://pr.seegenemedical.com/user/js/common.js?ver=20260415:160:26
[  543350ms] TypeError: btnList.size is not a function
    at https://pr.seegenemedical.com/user/js/common.js?ver=20260415:230:26
[  544851ms] TypeError: btnList.size is not a function
    at https://pr.seegenemedical.com/user/js/common.js?ver=20260415:1609:26
[  546347ms] TypeError: btnList.size is not a function
    at https://pr.seegenemedical.com/user/js/common.js?ver=20260415:160:26
[  546347ms] TypeError: btnList.size is not a function
    at https://pr.seegenemedical.com/user/js/common.js?ver=20260415:230:26
[  549347ms] TypeError: btnList.size is not a function
    at https://pr.seegenemedical.com/user/js/common.js?ver=20260415:160:26
[  549347ms] TypeError: btnList.size is not a function
    at https://pr.seegenemedical.com/user/js/common.js?ver=20260415:230:26
[  550347ms] TypeError: btnList.size is not a function
    at https://pr.seegenemedical.com/user/js/common.js?ver=20260415:1609:26
[  552351ms] TypeError: btnList.size is not a function
    at https://pr.seegenemedical.com/user/js/common.js?ver=20260415:160:26
[  552351ms] TypeError: btnList.size is not a function
    at https://pr.seegenemedical.com/user/js/common.js?ver=20260415:230:26
[  555354ms] TypeError: btnList.size is not a function
    at https://pr.seegenemedical.com/user/js/common.js?ver=20260415:160:26
[  555354ms] TypeError: btnList.size is not a function
    at https://pr.seegenemedical.com/user/js/common.js?ver=20260415:230:26
[  555844ms] TypeError: btnList.size is not a function
    at https://pr.seegenemedical.com/user/js/common.js?ver=20260415:1609:26
[  558350ms] TypeError: btnList.size is not a function
    at https://pr.seegenemedical.com/user/js/common.js?ver=20260415:160:26
[  558350ms] TypeError: btnList.size is not a function
    at https://pr.seegenemedical.com/user/js/common.js?ver=20260415:230:26
[  561354ms] TypeError: btnList.size is not a function
    at https://pr.seegenemedical.com/user/js/common.js?ver=20260415:160:26
[  561354ms] TypeError: btnList.size is not a function
    at https://pr.seegenemedical.com/user/js/common.js?ver=20260415:230:26
[  561354ms] TypeError: btnList.size is not a function
    at https://pr.seegenemedical.com/user/js/common.js?ver=20260415:1609:26
[  564353ms] TypeError: btnList.size is not a function
    at https://pr.seegenemedical.com/user/js/common.js?ver=20260415:160:26
[  564353ms] TypeError: btnList.size is not a function
    at https://pr.seegenemedical.com/user/js/common.js?ver=20260415:230:26
[  566860ms] TypeError: btnList.size is not a function
    at https://pr.seegenemedical.com/user/js/common.js?ver=20260415:1609:26
[  567352ms] TypeError: btnList.size is not a function
    at https://pr.seegenemedical.com/user/js/common.js?ver=20260415:160:26
[  567352ms] TypeError: btnList.size is not a function
    at https://pr.seegenemedical.com/user/js/common.js?ver=20260415:230:26
[  570353ms] TypeError: btnList.size is not a function
    at https://pr.seegenemedical.com/user/js/common.js?ver=20260415:160:26
[  570353ms] TypeError: btnList.size is not a function
    at https://pr.seegenemedical.com/user/js/common.js?ver=20260415:230:26
[  572349ms] TypeError: btnList.size is not a function
    at https://pr.seegenemedical.com/user/js/common.js?ver=20260415:1609:26
[  573345ms] TypeError: btnList.size is not a function
    at https://pr.seegenemedical.com/user/js/common.js?ver=20260415:160:26
[  573345ms] TypeError: btnList.size is not a function
    at https://pr.seegenemedical.com/user/js/common.js?ver=20260415:230:26
[  576350ms] TypeError: btnList.size is not a function
    at https://pr.seegenemedical.com/user/js/common.js?ver=20260415:160:26
[  576351ms] TypeError: btnList.size is not a function
    at https://pr.seegenemedical.com/user/js/common.js?ver=20260415:230:26
[  577849ms] TypeError: btnList.size is not a function
    at https://pr.seegenemedical.com/user/js/common.js?ver=20260415:1609:26
[  579347ms] TypeError: btnList.size is not a function
    at https://pr.seegenemedical.com/user/js/common.js?ver=20260415:160:26
[  579348ms] TypeError: btnList.size is not a function
    at https://pr.seegenemedical.com/user/js/common.js?ver=20260415:230:26
[  582345ms] TypeError: btnList.size is not a function
    at https://pr.seegenemedical.com/user/js/common.js?ver=20260415:160:26
[  582346ms] TypeError: btnList.size is not a function
    at https://pr.seegenemedical.com/user/js/common.js?ver=20260415:230:26
[  583350ms] TypeError: btnList.size is not a function
    at https://pr.seegenemedical.com/user/js/common.js?ver=20260415:1609:26
[  585350ms] TypeError: btnList.size is not a function
    at https://pr.seegenemedical.com/user/js/common.js?ver=20260415:160:26
[  585350ms] TypeError: btnList.size is not a function
    at https://pr.seegenemedical.com/user/js/common.js?ver=20260415:230:26
[  588350ms] TypeError: btnList.size is not a function
    at https://pr.seegenemedical.com/user/js/common.js?ver=20260415:160:26
[  588350ms] TypeError: btnList.size is not a function
    at https://pr.seegenemedical.com/user/js/common.js?ver=20260415:230:26
[  588851ms] TypeError: btnList.size is not a function
    at https://pr.seegenemedical.com/user/js/common.js?ver=20260415:1609:26
[  591345ms] TypeError: btnList.size is not a function
    at https://pr.seegenemedical.com/user/js/common.js?ver=20260415:160:26
[  591345ms] TypeError: btnList.size is not a function
    at https://pr.seegenemedical.com/user/js/common.js?ver=20260415:230:26
[  594346ms] TypeError: btnList.size is not a function
    at https://pr.seegenemedical.com/user/js/common.js?ver=20260415:160:26
[  594346ms] TypeError: btnList.size is not a function
    at https://pr.seegenemedical.com/user/js/common.js?ver=20260415:230:26
[  594346ms] TypeError: btnList.size is not a function
    at https://pr.seegenemedical.com/user/js/common.js?ver=20260415:1609:26
[  597352ms] TypeError: btnList.size is not a function
    at https://pr.seegenemedical.com/user/js/common.js?ver=20260415:160:26
[  597352ms] TypeError: btnList.size is not a function
    at https://pr.seegenemedical.com/user/js/common.js?ver=20260415:230:26
[  599849ms] TypeError: btnList.size is not a function
    at https://pr.seegenemedical.com/user/js/common.js?ver=20260415:1609:26
[  600352ms] TypeError: btnList.size is not a function
    at https://pr.seegenemedical.com/user/js/common.js?ver=20260415:160:26
[  600352ms] TypeError: btnList.size is not a function
    at https://pr.seegenemedical.com/user/js/common.js?ver=20260415:230:26
[  603343ms] TypeError: btnList.size is not a function
    at https://pr.seegenemedical.com/user/js/common.js?ver=20260415:160:26
[  603343ms] TypeError: btnList.size is not a function
    at https://pr.seegenemedical.com/user/js/common.js?ver=20260415:230:26
[  605348ms] TypeError: btnList.size is not a function
    at https://pr.seegenemedical.com/user/js/common.js?ver=20260415:1609:26
[  606351ms] TypeError: btnList.size is not a function
    at https://pr.seegenemedical.com/user/js/common.js?ver=20260415:160:26
[  606352ms] TypeError: btnList.size is not a function
    at https://pr.seegenemedical.com/user/js/common.js?ver=20260415:230:26
[  609358ms] TypeError: btnList.size is not a function
    at https://pr.seegenemedical.com/user/js/common.js?ver=20260415:160:26
[  609358ms] TypeError: btnList.size is not a function
    at https://pr.seegenemedical.com/user/js/common.js?ver=20260415:230:26
[  610850ms] TypeError: btnList.size is not a function
    at https://pr.seegenemedical.com/user/js/common.js?ver=20260415:1609:26
[  612346ms] TypeError: btnList.size is not a function
    at https://pr.seegenemedical.com/user/js/common.js?ver=20260415:160:26
[  612346ms] TypeError: btnList.size is not a function
    at https://pr.seegenemedical.com/user/js/common.js?ver=20260415:230:26
[  615342ms] TypeError: btnList.size is not a function
    at https://pr.seegenemedical.com/user/js/common.js?ver=20260415:160:26
[  615343ms] TypeError: btnList.size is not a function
    at https://pr.seegenemedical.com/user/js/common.js?ver=20260415:230:26
[  616347ms] TypeError: btnList.size is not a function
    at https://pr.seegenemedical.com/user/js/common.js?ver=20260415:1609:26
[  618348ms] TypeError: btnList.size is not a function
    at https://pr.seegenemedical.com/user/js/common.js?ver=20260415:160:26
[  618349ms] TypeError: btnList.size is not a function
    at https://pr.seegenemedical.com/user/js/common.js?ver=20260415:230:26
[  621343ms] TypeError: btnList.size is not a function
    at https://pr.seegenemedical.com/user/js/common.js?ver=20260415:160:26
[  621343ms] TypeError: btnList.size is not a function
    at https://pr.seegenemedical.com/user/js/common.js?ver=20260415:230:26
[  621850ms] TypeError: btnList.size is not a function
    at https://pr.seegenemedical.com/user/js/common.js?ver=20260415:1609:26
[  624345ms] TypeError: btnList.size is not a function
    at https://pr.seegenemedical.com/user/js/common.js?ver=20260415:160:26
[  624346ms] TypeError: btnList.size is not a function
    at https://pr.seegenemedical.com/user/js/common.js?ver=20260415:230:26
[  627342ms] TypeError: btnList.size is not a function
    at https://pr.seegenemedical.com/user/js/common.js?ver=20260415:160:26
[  627342ms] TypeError: btnList.size is not a function
    at https://pr.seegenemedical.com/user/js/common.js?ver=20260415:230:26
[  627347ms] TypeError: btnList.size is not a function
    at https://pr.seegenemedical.com/user/js/common.js?ver=20260415:1609:26
[  630354ms] TypeError: btnList.size is not a function
    at https://pr.seegenemedical.com/user/js/common.js?ver=20260415:160:26
[  630355ms] TypeError: btnList.size is not a function
    at https://pr.seegenemedical.com/user/js/common.js?ver=20260415:230:26
[  632851ms] TypeError: btnList.size is not a function
    at https://pr.seegenemedical.com/user/js/common.js?ver=20260415:1609:26
[  633350ms] TypeError: btnList.size is not a function
    at https://pr.seegenemedical.com/user/js/common.js?ver=20260415:160:26
[  633351ms] TypeError: btnList.size is not a function
    at https://pr.seegenemedical.com/user/js/common.js?ver=20260415:230:26
[  636341ms] TypeError: btnList.size is not a function
    at https://pr.seegenemedical.com/user/js/common.js?ver=20260415:160:26
[  636341ms] TypeError: btnList.size is not a function
    at https://pr.seegenemedical.com/user/js/common.js?ver=20260415:230:26
[  638346ms] TypeError: btnList.size is not a function
    at https://pr.seegenemedical.com/user/js/common.js?ver=20260415:1609:26
[  639350ms] TypeError: btnList.size is not a function
    at https://pr.seegenemedical.com/user/js/common.js?ver=20260415:160:26
[  639350ms] TypeError: btnList.size is not a function
    at https://pr.seegenemedical.com/user/js/common.js?ver=20260415:230:26
[  642342ms] TypeError: btnList.size is not a function
    at https://pr.seegenemedical.com/user/js/common.js?ver=20260415:160:26
[  642342ms] TypeError: btnList.size is not a function
    at https://pr.seegenemedical.com/user/js/common.js?ver=20260415:230:26
[  643848ms] TypeError: btnList.size is not a function
    at https://pr.seegenemedical.com/user/js/common.js?ver=20260415:1609:26
[  645351ms] TypeError: btnList.size is not a function
    at https://pr.seegenemedical.com/user/js/common.js?ver=20260415:160:26
[  645351ms] TypeError: btnList.size is not a function
    at https://pr.seegenemedical.com/user/js/common.js?ver=20260415:230:26
[  648341ms] TypeError: btnList.size is not a function
    at https://pr.seegenemedical.com/user/js/common.js?ver=20260415:160:26
[  648341ms] TypeError: btnList.size is not a function
    at https://pr.seegenemedical.com/user/js/common.js?ver=20260415:230:26
[  649345ms] TypeError: btnList.size is not a function
    at https://pr.seegenemedical.com/user/js/common.js?ver=20260415:1609:26
[  651346ms] TypeError: btnList.size is not a function
    at https://pr.seegenemedical.com/user/js/common.js?ver=20260415:160:26
[  651346ms] TypeError: btnList.size is not a function
    at https://pr.seegenemedical.com/user/js/common.js?ver=20260415:230:26
[  654345ms] TypeError: btnList.size is not a function
    at https://pr.seegenemedical.com/user/js/common.js?ver=20260415:160:26
[  654346ms] TypeError: btnList.size is not a function
    at https://pr.seegenemedical.com/user/js/common.js?ver=20260415:230:26
[  654848ms] TypeError: btnList.size is not a function
    at https://pr.seegenemedical.com/user/js/common.js?ver=20260415:1609:26
[  657350ms] TypeError: btnList.size is not a function
    at https://pr.seegenemedical.com/user/js/common.js?ver=20260415:160:26
[  657350ms] TypeError: btnList.size is not a function
    at https://pr.seegenemedical.com/user/js/common.js?ver=20260415:230:26
[  660351ms] TypeError: btnList.size is not a function
    at https://pr.seegenemedical.com/user/js/common.js?ver=20260415:160:26
[  660351ms] TypeError: btnList.size is not a function
    at https://pr.seegenemedical.com/user/js/common.js?ver=20260415:230:26
[  660352ms] TypeError: btnList.size is not a function
    at https://pr.seegenemedical.com/user/js/common.js?ver=20260415:1609:26
[  663346ms] TypeError: btnList.size is not a function
    at https://pr.seegenemedical.com/user/js/common.js?ver=20260415:160:26
[  663346ms] TypeError: btnList.size is not a function
    at https://pr.seegenemedical.com/user/js/common.js?ver=20260415:230:26
[  665860ms] TypeError: btnList.size is not a function
    at https://pr.seegenemedical.com/user/js/common.js?ver=20260415:1609:26
[  666350ms] TypeError: btnList.size is not a function
    at https://pr.seegenemedical.com/user/js/common.js?ver=20260415:160:26
[  666351ms] TypeError: btnList.size is not a function
    at https://pr.seegenemedical.com/user/js/common.js?ver=20260415:230:26
[  669347ms] TypeError: btnList.size is not a function
    at https://pr.seegenemedical.com/user/js/common.js?ver=20260415:160:26
[  669348ms] TypeError: btnList.size is not a function
    at https://pr.seegenemedical.com/user/js/common.js?ver=20260415:230:26
[  671351ms] TypeError: btnList.size is not a function
    at https://pr.seegenemedical.com/user/js/common.js?ver=20260415:1609:26
[  672346ms] TypeError: btnList.size is not a function
    at https://pr.seegenemedical.com/user/js/common.js?ver=20260415:160:26
[  672347ms] TypeError: btnList.size is not a function
    at https://pr.seegenemedical.com/user/js/common.js?ver=20260415:230:26
[  675347ms] TypeError: btnList.size is not a function
    at https://pr.seegenemedical.com/user/js/common.js?ver=20260415:160:26
[  675347ms] TypeError: btnList.size is not a function
    at https://pr.seegenemedical.com/user/js/common.js?ver=20260415:230:26
[  676845ms] TypeError: btnList.size is not a function
    at https://pr.seegenemedical.com/user/js/common.js?ver=20260415:1609:26
[  678346ms] TypeError: btnList.size is not a function
    at https://pr.seegenemedical.com/user/js/common.js?ver=20260415:160:26
[  678346ms] TypeError: btnList.size is not a function
    at https://pr.seegenemedical.com/user/js/common.js?ver=20260415:230:26
[  681346ms] TypeError: btnList.size is not a function
    at https://pr.seegenemedical.com/user/js/common.js?ver=20260415:160:26
[  681346ms] TypeError: btnList.size is not a function
    at https://pr.seegenemedical.com/user/js/common.js?ver=20260415:230:26
[  682353ms] TypeError: btnList.size is not a function
    at https://pr.seegenemedical.com/user/js/common.js?ver=20260415:1609:26
[  684347ms] TypeError: btnList.size is not a function
    at https://pr.seegenemedical.com/user/js/common.js?ver=20260415:160:26
[  684347ms] TypeError: btnList.size is not a function
    at https://pr.seegenemedical.com/user/js/common.js?ver=20260415:230:26
[  687353ms] TypeError: btnList.size is not a function
    at https://pr.seegenemedical.com/user/js/common.js?ver=20260415:160:26
[  687353ms] TypeError: btnList.size is not a function
    at https://pr.seegenemedical.com/user/js/common.js?ver=20260415:230:26
[  687848ms] TypeError: btnList.size is not a function
    at https://pr.seegenemedical.com/user/js/common.js?ver=20260415:1609:26
[  690347ms] TypeError: btnList.size is not a function
    at https://pr.seegenemedical.com/user/js/common.js?ver=20260415:160:26
[  690347ms] TypeError: btnList.size is not a function
    at https://pr.seegenemedical.com/user/js/common.js?ver=20260415:230:26
[  693344ms] TypeError: btnList.size is not a function
    at https://pr.seegenemedical.com/user/js/common.js?ver=20260415:160:26
[  693345ms] TypeError: btnList.size is not a function
    at https://pr.seegenemedical.com/user/js/common.js?ver=20260415:230:26
[  693350ms] TypeError: btnList.size is not a function
    at https://pr.seegenemedical.com/user/js/common.js?ver=20260415:1609:26
[  696347ms] TypeError: btnList.size is not a function
    at https://pr.seegenemedical.com/user/js/common.js?ver=20260415:160:26
[  696347ms] TypeError: btnList.size is not a function
    at https://pr.seegenemedical.com/user/js/common.js?ver=20260415:230:26
[  698857ms] TypeError: btnList.size is not a function
    at https://pr.seegenemedical.com/user/js/common.js?ver=20260415:1609:26
[  699349ms] TypeError: btnList.size is not a function
    at https://pr.seegenemedical.com/user/js/common.js?ver=20260415:160:26
[  699349ms] TypeError: btnList.size is not a function
    at https://pr.seegenemedical.com/user/js/common.js?ver=20260415:230:26
[  702349ms] TypeError: btnList.size is not a function
    at https://pr.seegenemedical.com/user/js/common.js?ver=20260415:160:26
[  702349ms] TypeError: btnList.size is not a function
    at https://pr.seegenemedical.com/user/js/common.js?ver=20260415:230:26
[  704361ms] TypeError: btnList.size is not a function
    at https://pr.seegenemedical.com/user/js/common.js?ver=20260415:1609:26
[  705355ms] TypeError: btnList.size is not a function
    at https://pr.seegenemedical.com/user/js/common.js?ver=20260415:160:26
[  705355ms] TypeError: btnList.size is not a function
    at https://pr.seegenemedical.com/user/js/common.js?ver=20260415:230:26
[  708348ms] TypeError: btnList.size is not a function
    at https://pr.seegenemedical.com/user/js/common.js?ver=20260415:160:26
[  708348ms] TypeError: btnList.size is not a function
    at https://pr.seegenemedical.com/user/js/common.js?ver=20260415:230:26
[  709844ms] TypeError: btnList.size is not a function
    at https://pr.seegenemedical.com/user/js/common.js?ver=20260415:1609:26
[  711349ms] TypeError: btnList.size is not a function
    at https://pr.seegenemedical.com/user/js/common.js?ver=20260415:160:26
[  711349ms] TypeError: btnList.size is not a function
    at https://pr.seegenemedical.com/user/js/common.js?ver=20260415:230:26
[  714345ms] TypeError: btnList.size is not a function
    at https://pr.seegenemedical.com/user/js/common.js?ver=20260415:160:26
[  714345ms] TypeError: btnList.size is not a function
    at https://pr.seegenemedical.com/user/js/common.js?ver=20260415:230:26
[  715348ms] TypeError: btnList.size is not a function
    at https://pr.seegenemedical.com/user/js/common.js?ver=20260415:1609:26
[  717343ms] TypeError: btnList.size is not a function
    at https://pr.seegenemedical.com/user/js/common.js?ver=20260415:160:26
[  717344ms] TypeError: btnList.size is not a function
    at https://pr.seegenemedical.com/user/js/common.js?ver=20260415:230:26
[  720346ms] TypeError: btnList.size is not a function
    at https://pr.seegenemedical.com/user/js/common.js?ver=20260415:160:26
[  720346ms] TypeError: btnList.size is not a function
    at https://pr.seegenemedical.com/user/js/common.js?ver=20260415:230:26
[  720844ms] TypeError: btnList.size is not a function
    at https://pr.seegenemedical.com/user/js/common.js?ver=20260415:1609:26
[  723344ms] TypeError: btnList.size is not a function
    at https://pr.seegenemedical.com/user/js/common.js?ver=20260415:160:26
[  723344ms] TypeError: btnList.size is not a function
    at https://pr.seegenemedical.com/user/js/common.js?ver=20260415:230:26
[  726350ms] TypeError: btnList.size is not a function
    at https://pr.seegenemedical.com/user/js/common.js?ver=20260415:160:26
[  726351ms] TypeError: btnList.size is not a function
    at https://pr.seegenemedical.com/user/js/common.js?ver=20260415:230:26
[  726351ms] TypeError: btnList.size is not a function
    at https://pr.seegenemedical.com/user/js/common.js?ver=20260415:1609:26
[  729353ms] TypeError: btnList.size is not a function
    at https://pr.seegenemedical.com/user/js/common.js?ver=20260415:160:26
[  729353ms] TypeError: btnList.size is not a function
    at https://pr.seegenemedical.com/user/js/common.js?ver=20260415:230:26
[  731850ms] TypeError: btnList.size is not a function
    at https://pr.seegenemedical.com/user/js/common.js?ver=20260415:1609:26
[  732350ms] TypeError: btnList.size is not a function
    at https://pr.seegenemedical.com/user/js/common.js?ver=20260415:160:26
[  732351ms] TypeError: btnList.size is not a function
    at https://pr.seegenemedical.com/user/js/common.js?ver=20260415:230:26
[  735350ms] TypeError: btnList.size is not a function
    at https://pr.seegenemedical.com/user/js/common.js?ver=20260415:160:26
[  735350ms] TypeError: btnList.size is not a function
    at https://pr.seegenemedical.com/user/js/common.js?ver=20260415:230:26
[  737359ms] TypeError: btnList.size is not a function
    at https://pr.seegenemedical.com/user/js/common.js?ver=20260415:1609:26
[  738348ms] TypeError: btnList.size is not a function
    at https://pr.seegenemedical.com/user/js/common.js?ver=20260415:160:26
[  738348ms] TypeError: btnList.size is not a function
    at https://pr.seegenemedical.com/user/js/common.js?ver=20260415:230:26
[  741344ms] TypeError: btnList.size is not a function
    at https://pr.seegenemedical.com/user/js/common.js?ver=20260415:160:26
[  741344ms] TypeError: btnList.size is not a function
    at https://pr.seegenemedical.com/user/js/common.js?ver=20260415:230:26
[  742849ms] TypeError: btnList.size is not a function
    at https://pr.seegenemedical.com/user/js/common.js?ver=20260415:1609:26
[  744350ms] TypeError: btnList.size is not a function
    at https://pr.seegenemedical.com/user/js/common.js?ver=20260415:160:26
[  744350ms] TypeError: btnList.size is not a function
    at https://pr.seegenemedical.com/user/js/common.js?ver=20260415:230:26
[  747355ms] TypeError: btnList.size is not a function
    at https://pr.seegenemedical.com/user/js/common.js?ver=20260415:160:26
[  747356ms] TypeError: btnList.size is not a function
    at https://pr.seegenemedical.com/user/js/common.js?ver=20260415:230:26
[  748348ms] TypeError: btnList.size is not a function
    at https://pr.seegenemedical.com/user/js/common.js?ver=20260415:1609:26
[  750351ms] TypeError: btnList.size is not a function
    at https://pr.seegenemedical.com/user/js/common.js?ver=20260415:160:26
[  750351ms] TypeError: btnList.size is not a function
    at https://pr.seegenemedical.com/user/js/common.js?ver=20260415:230:26
[  753351ms] TypeError: btnList.size is not a function
    at https://pr.seegenemedical.com/user/js/common.js?ver=20260415:160:26
[  753351ms] TypeError: btnList.size is not a function
    at https://pr.seegenemedical.com/user/js/common.js?ver=20260415:230:26
[  753849ms] TypeError: btnList.size is not a function
    at https://pr.seegenemedical.com/user/js/common.js?ver=20260415:1609:26
[  756351ms] TypeError: btnList.size is not a function
    at https://pr.seegenemedical.com/user/js/common.js?ver=20260415:160:26
[  756351ms] TypeError: btnList.size is not a function
    at https://pr.seegenemedical.com/user/js/common.js?ver=20260415:230:26
[  759350ms] TypeError: btnList.size is not a function
    at https://pr.seegenemedical.com/user/js/common.js?ver=20260415:160:26
[  759351ms] TypeError: btnList.size is not a function
    at https://pr.seegenemedical.com/user/js/common.js?ver=20260415:230:26
[  759351ms] TypeError: btnList.size is not a function
    at https://pr.seegenemedical.com/user/js/common.js?ver=20260415:1609:26
[  762350ms] TypeError: btnList.size is not a function
    at https://pr.seegenemedical.com/user/js/common.js?ver=20260415:160:26
[  762350ms] TypeError: btnList.size is not a function
    at https://pr.seegenemedical.com/user/js/common.js?ver=20260415:230:26
[  764852ms] TypeError: btnList.size is not a function
    at https://pr.seegenemedical.com/user/js/common.js?ver=20260415:1609:26
[  765347ms] TypeError: btnList.size is not a function
    at https://pr.seegenemedical.com/user/js/common.js?ver=20260415:160:26
[  765348ms] TypeError: btnList.size is not a function
    at https://pr.seegenemedical.com/user/js/common.js?ver=20260415:230:26
[  768351ms] TypeError: btnList.size is not a function
    at https://pr.seegenemedical.com/user/js/common.js?ver=20260415:160:26
[  768351ms] TypeError: btnList.size is not a function
    at https://pr.seegenemedical.com/user/js/common.js?ver=20260415:230:26
[  770350ms] TypeError: btnList.size is not a function
    at https://pr.seegenemedical.com/user/js/common.js?ver=20260415:1609:26
[  771357ms] TypeError: btnList.size is not a function
    at https://pr.seegenemedical.com/user/js/common.js?ver=20260415:160:26
[  771357ms] TypeError: btnList.size is not a function
    at https://pr.seegenemedical.com/user/js/common.js?ver=20260415:230:26
[  774349ms] TypeError: btnList.size is not a function
    at https://pr.seegenemedical.com/user/js/common.js?ver=20260415:160:26
[  774349ms] TypeError: btnList.size is not a function
    at https://pr.seegenemedical.com/user/js/common.js?ver=20260415:230:26
[  775849ms] TypeError: btnList.size is not a function
    at https://pr.seegenemedical.com/user/js/common.js?ver=20260415:1609:26
[  777347ms] TypeError: btnList.size is not a function
    at https://pr.seegenemedical.com/user/js/common.js?ver=20260415:160:26
[  777347ms] TypeError: btnList.size is not a function
    at https://pr.seegenemedical.com/user/js/common.js?ver=20260415:230:26
[  780342ms] TypeError: btnList.size is not a function
    at https://pr.seegenemedical.com/user/js/common.js?ver=20260415:160:26
[  780346ms] TypeError: btnList.size is not a function
    at https://pr.seegenemedical.com/user/js/common.js?ver=20260415:230:26
[  781357ms] TypeError: btnList.size is not a function
    at https://pr.seegenemedical.com/user/js/common.js?ver=20260415:1609:26
[  783345ms] TypeError: btnList.size is not a function
    at https://pr.seegenemedical.com/user/js/common.js?ver=20260415:160:26
[  783345ms] TypeError: btnList.size is not a function
    at https://pr.seegenemedical.com/user/js/common.js?ver=20260415:230:26
[  786349ms] TypeError: btnList.size is not a function
    at https://pr.seegenemedical.com/user/js/common.js?ver=20260415:160:26
[  786349ms] TypeError: btnList.size is not a function
    at https://pr.seegenemedical.com/user/js/common.js?ver=20260415:230:26
[  786850ms] TypeError: btnList.size is not a function
    at https://pr.seegenemedical.com/user/js/common.js?ver=20260415:1609:26
[  789349ms] TypeError: btnList.size is not a function
    at https://pr.seegenemedical.com/user/js/common.js?ver=20260415:160:26
[  789350ms] TypeError: btnList.size is not a function
    at https://pr.seegenemedical.com/user/js/common.js?ver=20260415:230:26
[  792352ms] TypeError: btnList.size is not a function
    at https://pr.seegenemedical.com/user/js/common.js?ver=20260415:160:26
[  792352ms] TypeError: btnList.size is not a function
    at https://pr.seegenemedical.com/user/js/common.js?ver=20260415:230:26
[  792352ms] TypeError: btnList.size is not a function
    at https://pr.seegenemedical.com/user/js/common.js?ver=20260415:1609:26
[  795349ms] TypeError: btnList.size is not a function
    at https://pr.seegenemedical.com/user/js/common.js?ver=20260415:160:26
[  795350ms] TypeError: btnList.size is not a function
    at https://pr.seegenemedical.com/user/js/common.js?ver=20260415:230:26
[  797849ms] TypeError: btnList.size is not a function
    at https://pr.seegenemedical.com/user/js/common.js?ver=20260415:1609:26
[  798348ms] TypeError: btnList.size is not a function
    at https://pr.seegenemedical.com/user/js/common.js?ver=20260415:160:26
[  798348ms] TypeError: btnList.size is not a function
    at https://pr.seegenemedical.com/user/js/common.js?ver=20260415:230:26
[  801350ms] TypeError: btnList.size is not a function
    at https://pr.seegenemedical.com/user/js/common.js?ver=20260415:160:26
[  801351ms] TypeError: btnList.size is not a function
    at https://pr.seegenemedical.com/user/js/common.js?ver=20260415:230:26
[  803352ms] TypeError: btnList.size is not a function
    at https://pr.seegenemedical.com/user/js/common.js?ver=20260415:1609:26
[  804351ms] TypeError: btnList.size is not a function
    at https://pr.seegenemedical.com/user/js/common.js?ver=20260415:160:26
[  804351ms] TypeError: btnList.size is not a function
    at https://pr.seegenemedical.com/user/js/common.js?ver=20260415:230:26
[  807349ms] TypeError: btnList.size is not a function
    at https://pr.seegenemedical.com/user/js/common.js?ver=20260415:160:26
[  807350ms] TypeError: btnList.size is not a function
    at https://pr.seegenemedical.com/user/js/common.js?ver=20260415:230:26
[  808851ms] TypeError: btnList.size is not a function
    at https://pr.seegenemedical.com/user/js/common.js?ver=20260415:1609:26
[  810348ms] TypeError: btnList.size is not a function
    at https://pr.seegenemedical.com/user/js/common.js?ver=20260415:160:26
[  810348ms] TypeError: btnList.size is not a function
    at https://pr.seegenemedical.com/user/js/common.js?ver=20260415:230:26
[  813353ms] TypeError: btnList.size is not a function
    at https://pr.seegenemedical.com/user/js/common.js?ver=20260415:160:26
[  813354ms] TypeError: btnList.size is not a function
    at https://pr.seegenemedical.com/user/js/common.js?ver=20260415:230:26
[  814351ms] TypeError: btnList.size is not a function
    at https://pr.seegenemedical.com/user/js/common.js?ver=20260415:1609:26
[  816350ms] TypeError: btnList.size is not a function
    at https://pr.seegenemedical.com/user/js/common.js?ver=20260415:160:26
[  816351ms] TypeError: btnList.size is not a function
    at https://pr.seegenemedical.com/user/js/common.js?ver=20260415:230:26
[  819350ms] TypeError: btnList.size is not a function
    at https://pr.seegenemedical.com/user/js/common.js?ver=20260415:160:26
[  819351ms] TypeError: btnList.size is not a function
    at https://pr.seegenemedical.com/user/js/common.js?ver=20260415:230:26
[  819845ms] TypeError: btnList.size is not a function
    at https://pr.seegenemedical.com/user/js/common.js?ver=20260415:1609:26
[  822346ms] TypeError: btnList.size is not a function
    at https://pr.seegenemedical.com/user/js/common.js?ver=20260415:160:26
[  822347ms] TypeError: btnList.size is not a function
    at https://pr.seegenemedical.com/user/js/common.js?ver=20260415:230:26
[  825349ms] TypeError: btnList.size is not a function
    at https://pr.seegenemedical.com/user/js/common.js?ver=20260415:160:26
[  825349ms] TypeError: btnList.size is not a function
    at https://pr.seegenemedical.com/user/js/common.js?ver=20260415:230:26
[  825350ms] TypeError: btnList.size is not a function
    at https://pr.seegenemedical.com/user/js/common.js?ver=20260415:1609:26
[  828349ms] TypeError: btnList.size is not a function
    at https://pr.seegenemedical.com/user/js/common.js?ver=20260415:160:26
[  828349ms] TypeError: btnList.size is not a function
    at https://pr.seegenemedical.com/user/js/common.js?ver=20260415:230:26
[  830847ms] TypeError: btnList.size is not a function
    at https://pr.seegenemedical.com/user/js/common.js?ver=20260415:1609:26
[  831347ms] TypeError: btnList.size is not a function
    at https://pr.seegenemedical.com/user/js/common.js?ver=20260415:160:26
[  831347ms] TypeError: btnList.size is not a function
    at https://pr.seegenemedical.com/user/js/common.js?ver=20260415:230:26
[  834350ms] TypeError: btnList.size is not a function
    at https://pr.seegenemedical.com/user/js/common.js?ver=20260415:160:26
[  834350ms] TypeError: btnList.size is not a function
    at https://pr.seegenemedical.com/user/js/common.js?ver=20260415:230:26
[  836348ms] TypeError: btnList.size is not a function
    at https://pr.seegenemedical.com/user/js/common.js?ver=20260415:1609:26
[  837355ms] TypeError: btnList.size is not a function
    at https://pr.seegenemedical.com/user/js/common.js?ver=20260415:160:26
[  837355ms] TypeError: btnList.size is not a function
    at https://pr.seegenemedical.com/user/js/common.js?ver=20260415:230:26
[  840362ms] TypeError: btnList.size is not a function
    at https://pr.seegenemedical.com/user/js/common.js?ver=20260415:160:26
[  840362ms] TypeError: btnList.size is not a function
    at https://pr.seegenemedical.com/user/js/common.js?ver=20260415:230:26
[  841851ms] TypeError: btnList.size is not a function
    at https://pr.seegenemedical.com/user/js/common.js?ver=20260415:1609:26
[  843345ms] TypeError: btnList.size is not a function
    at https://pr.seegenemedical.com/user/js/common.js?ver=20260415:160:26
[  843346ms] TypeError: btnList.size is not a function
    at https://pr.seegenemedical.com/user/js/common.js?ver=20260415:230:26
[  846346ms] TypeError: btnList.size is not a function
    at https://pr.seegenemedical.com/user/js/common.js?ver=20260415:160:26
[  846346ms] TypeError: btnList.size is not a function
    at https://pr.seegenemedical.com/user/js/common.js?ver=20260415:230:26
[  847348ms] TypeError: btnList.size is not a function
    at https://pr.seegenemedical.com/user/js/common.js?ver=20260415:1609:26
[  849350ms] TypeError: btnList.size is not a function
    at https://pr.seegenemedical.com/user/js/common.js?ver=20260415:160:26
[  849351ms] TypeError: btnList.size is not a function
    at https://pr.seegenemedical.com/user/js/common.js?ver=20260415:230:26
[  852341ms] TypeError: btnList.size is not a function
    at https://pr.seegenemedical.com/user/js/common.js?ver=20260415:160:26
[  852341ms] TypeError: btnList.size is not a function
    at https://pr.seegenemedical.com/user/js/common.js?ver=20260415:230:26
[  852845ms] TypeError: btnList.size is not a function
    at https://pr.seegenemedical.com/user/js/common.js?ver=20260415:1609:26
[  855350ms] TypeError: btnList.size is not a function
    at https://pr.seegenemedical.com/user/js/common.js?ver=20260415:160:26
[  855350ms] TypeError: btnList.size is not a function
    at https://pr.seegenemedical.com/user/js/common.js?ver=20260415:230:26
[  858348ms] TypeError: btnList.size is not a function
    at https://pr.seegenemedical.com/user/js/common.js?ver=20260415:160:26
[  858348ms] TypeError: btnList.size is not a function
    at https://pr.seegenemedical.com/user/js/common.js?ver=20260415:230:26
[  858348ms] TypeError: btnList.size is not a function
    at https://pr.seegenemedical.com/user/js/common.js?ver=20260415:1609:26
[  861341ms] TypeError: btnList.size is not a function
    at https://pr.seegenemedical.com/user/js/common.js?ver=20260415:160:26
[  861341ms] TypeError: btnList.size is not a function
    at https://pr.seegenemedical.com/user/js/common.js?ver=20260415:230:26
[  863850ms] TypeError: btnList.size is not a function
    at https://pr.seegenemedical.com/user/js/common.js?ver=20260415:1609:26
[  864344ms] TypeError: btnList.size is not a function
    at https://pr.seegenemedical.com/user/js/common.js?ver=20260415:160:26
[  864344ms] TypeError: btnList.size is not a function
    at https://pr.seegenemedical.com/user/js/common.js?ver=20260415:230:26
[  867348ms] TypeError: btnList.size is not a function
    at https://pr.seegenemedical.com/user/js/common.js?ver=20260415:160:26
[  867349ms] TypeError: btnList.size is not a function
    at https://pr.seegenemedical.com/user/js/common.js?ver=20260415:230:26
[  869348ms] TypeError: btnList.size is not a function
    at https://pr.seegenemedical.com/user/js/common.js?ver=20260415:1609:26
[  870346ms] TypeError: btnList.size is not a function
    at https://pr.seegenemedical.com/user/js/common.js?ver=20260415:160:26
[  870347ms] TypeError: btnList.size is not a function
    at https://pr.seegenemedical.com/user/js/common.js?ver=20260415:230:26
[  873350ms] TypeError: btnList.size is not a function
    at https://pr.seegenemedical.com/user/js/common.js?ver=20260415:160:26
[  873350ms] TypeError: btnList.size is not a function
    at https://pr.seegenemedical.com/user/js/common.js?ver=20260415:230:26
[  874847ms] TypeError: btnList.size is not a function
    at https://pr.seegenemedical.com/user/js/common.js?ver=20260415:1609:26
[  876366ms] TypeError: btnList.size is not a function
    at https://pr.seegenemedical.com/user/js/common.js?ver=20260415:160:26
[  876366ms] TypeError: btnList.size is not a function
    at https://pr.seegenemedical.com/user/js/common.js?ver=20260415:230:26
[  879340ms] TypeError: btnList.size is not a function
    at https://pr.seegenemedical.com/user/js/common.js?ver=20260415:160:26
[  879344ms] TypeError: btnList.size is not a function
    at https://pr.seegenemedical.com/user/js/common.js?ver=20260415:230:26
[  880346ms] TypeError: btnList.size is not a function
    at https://pr.seegenemedical.com/user/js/common.js?ver=20260415:1609:26
[  882344ms] TypeError: btnList.size is not a function
    at https://pr.seegenemedical.com/user/js/common.js?ver=20260415:160:26
[  882344ms] TypeError: btnList.size is not a function
    at https://pr.seegenemedical.com/user/js/common.js?ver=20260415:230:26
[  885351ms] TypeError: btnList.size is not a function
    at https://pr.seegenemedical.com/user/js/common.js?ver=20260415:160:26
[  885351ms] TypeError: btnList.size is not a function
    at https://pr.seegenemedical.com/user/js/common.js?ver=20260415:230:26
[  885843ms] TypeError: btnList.size is not a function
    at https://pr.seegenemedical.com/user/js/common.js?ver=20260415:1609:26
[  888345ms] TypeError: btnList.size is not a function
    at https://pr.seegenemedical.com/user/js/common.js?ver=20260415:160:26
[  888346ms] TypeError: btnList.size is not a function
    at https://pr.seegenemedical.com/user/js/common.js?ver=20260415:230:26
[  891346ms] TypeError: btnList.size is not a function
    at https://pr.seegenemedical.com/user/js/common.js?ver=20260415:160:26
[  891346ms] TypeError: btnList.size is not a function
    at https://pr.seegenemedical.com/user/js/common.js?ver=20260415:230:26
[  891346ms] TypeError: btnList.size is not a function
    at https://pr.seegenemedical.com/user/js/common.js?ver=20260415:1609:26
[  894348ms] TypeError: btnList.size is not a function
    at https://pr.seegenemedical.com/user/js/common.js?ver=20260415:160:26
[  894348ms] TypeError: btnList.size is not a function
    at https://pr.seegenemedical.com/user/js/common.js?ver=20260415:230:26
[  896847ms] TypeError: btnList.size is not a function
    at https://pr.seegenemedical.com/user/js/common.js?ver=20260415:1609:26
[  897349ms] TypeError: btnList.size is not a function
    at https://pr.seegenemedical.com/user/js/common.js?ver=20260415:160:26
[  897349ms] TypeError: btnList.size is not a function
    at https://pr.seegenemedical.com/user/js/common.js?ver=20260415:230:26
[  900351ms] TypeError: btnList.size is not a function
    at https://pr.seegenemedical.com/user/js/common.js?ver=20260415:160:26
[  900351ms] TypeError: btnList.size is not a function
    at https://pr.seegenemedical.com/user/js/common.js?ver=20260415:230:26
[  902351ms] TypeError: btnList.size is not a function
    at https://pr.seegenemedical.com/user/js/common.js?ver=20260415:1609:26
[  903348ms] TypeError: btnList.size is not a function
    at https://pr.seegenemedical.com/user/js/common.js?ver=20260415:160:26
[  903348ms] TypeError: btnList.size is not a function
    at https://pr.seegenemedical.com/user/js/common.js?ver=20260415:230:26
[  906349ms] TypeError: btnList.size is not a function
    at https://pr.seegenemedical.com/user/js/common.js?ver=20260415:160:26
[  906350ms] TypeError: btnList.size is not a function
    at https://pr.seegenemedical.com/user/js/common.js?ver=20260415:230:26
[  907850ms] TypeError: btnList.size is not a function
    at https://pr.seegenemedical.com/user/js/common.js?ver=20260415:1609:26
[  909354ms] TypeError: btnList.size is not a function
    at https://pr.seegenemedical.com/user/js/common.js?ver=20260415:160:26
[  909355ms] TypeError: btnList.size is not a function
    at https://pr.seegenemedical.com/user/js/common.js?ver=20260415:230:26
[  912343ms] TypeError: btnList.size is not a function
    at https://pr.seegenemedical.com/user/js/common.js?ver=20260415:160:26
[  912343ms] TypeError: btnList.size is not a function
    at https://pr.seegenemedical.com/user/js/common.js?ver=20260415:230:26
[  913346ms] TypeError: btnList.size is not a function
    at https://pr.seegenemedical.com/user/js/common.js?ver=20260415:1609:26
[  915349ms] TypeError: btnList.size is not a function
    at https://pr.seegenemedical.com/user/js/common.js?ver=20260415:160:26
[  915350ms] TypeError: btnList.size is not a function
    at https://pr.seegenemedical.com/user/js/common.js?ver=20260415:230:26
[  918354ms] TypeError: btnList.size is not a function
    at https://pr.seegenemedical.com/user/js/common.js?ver=20260415:160:26
[  918354ms] TypeError: btnList.size is not a function
    at https://pr.seegenemedical.com/user/js/common.js?ver=20260415:230:26
[  918850ms] TypeError: btnList.size is not a function
    at https://pr.seegenemedical.com/user/js/common.js?ver=20260415:1609:26
[  921345ms] TypeError: btnList.size is not a function
    at https://pr.seegenemedical.com/user/js/common.js?ver=20260415:160:26
[  921345ms] TypeError: btnList.size is not a function
    at https://pr.seegenemedical.com/user/js/common.js?ver=20260415:230:26
[  924348ms] TypeError: btnList.size is not a function
    at https://pr.seegenemedical.com/user/js/common.js?ver=20260415:160:26
[  924349ms] TypeError: btnList.size is not a function
    at https://pr.seegenemedical.com/user/js/common.js?ver=20260415:230:26
[  924349ms] TypeError: btnList.size is not a function
    at https://pr.seegenemedical.com/user/js/common.js?ver=20260415:1609:26
[  927352ms] TypeError: btnList.size is not a function
    at https://pr.seegenemedical.com/user/js/common.js?ver=20260415:160:26
[  927352ms] TypeError: btnList.size is not a function
    at https://pr.seegenemedical.com/user/js/common.js?ver=20260415:230:26
[  929845ms] TypeError: btnList.size is not a function
    at https://pr.seegenemedical.com/user/js/common.js?ver=20260415:1609:26
[  930351ms] TypeError: btnList.size is not a function
    at https://pr.seegenemedical.com/user/js/common.js?ver=20260415:160:26
[  930352ms] TypeError: btnList.size is not a function
    at https://pr.seegenemedical.com/user/js/common.js?ver=20260415:230:26
[  933346ms] TypeError: btnList.size is not a function
    at https://pr.seegenemedical.com/user/js/common.js?ver=20260415:160:26
[  933346ms] TypeError: btnList.size is not a function
    at https://pr.seegenemedical.com/user/js/common.js?ver=20260415:230:26
[  935349ms] TypeError: btnList.size is not a function
    at https://pr.seegenemedical.com/user/js/common.js?ver=20260415:1609:26
[  936350ms] TypeError: btnList.size is not a function
    at https://pr.seegenemedical.com/user/js/common.js?ver=20260415:160:26
[  936351ms] TypeError: btnList.size is not a function
    at https://pr.seegenemedical.com/user/js/common.js?ver=20260415:230:26
[  939349ms] TypeError: btnList.size is not a function
    at https://pr.seegenemedical.com/user/js/common.js?ver=20260415:160:26
[  939350ms] TypeError: btnList.size is not a function
    at https://pr.seegenemedical.com/user/js/common.js?ver=20260415:230:26
[  940845ms] TypeError: btnList.size is not a function
    at https://pr.seegenemedical.com/user/js/common.js?ver=20260415:1609:26
[  942351ms] TypeError: btnList.size is not a function
    at https://pr.seegenemedical.com/user/js/common.js?ver=20260415:160:26
[  942351ms] TypeError: btnList.size is not a function
    at https://pr.seegenemedical.com/user/js/common.js?ver=20260415:230:26
[  945342ms] TypeError: btnList.size is not a function
    at https://pr.seegenemedical.com/user/js/common.js?ver=20260415:160:26
[  945342ms] TypeError: btnList.size is not a function
    at https://pr.seegenemedical.com/user/js/common.js?ver=20260415:230:26
[  946346ms] TypeError: btnList.size is not a function
    at https://pr.seegenemedical.com/user/js/common.js?ver=20260415:1609:26
[  948341ms] TypeError: btnList.size is not a function
    at https://pr.seegenemedical.com/user/js/common.js?ver=20260415:160:26
[  948345ms] TypeError: btnList.size is not a function
    at https://pr.seegenemedical.com/user/js/common.js?ver=20260415:230:26
[  951343ms] TypeError: btnList.size is not a function
    at https://pr.seegenemedical.com/user/js/common.js?ver=20260415:160:26
[  951344ms] TypeError: btnList.size is not a function
    at https://pr.seegenemedical.com/user/js/common.js?ver=20260415:230:26
[  951850ms] TypeError: btnList.size is not a function
    at https://pr.seegenemedical.com/user/js/common.js?ver=20260415:1609:26
[  954345ms] TypeError: btnList.size is not a function
    at https://pr.seegenemedical.com/user/js/common.js?ver=20260415:160:26
[  954345ms] TypeError: btnList.size is not a function
    at https://pr.seegenemedical.com/user/js/common.js?ver=20260415:230:26
[  957342ms] TypeError: btnList.size is not a function
    at https://pr.seegenemedical.com/user/js/common.js?ver=20260415:160:26
[  957342ms] TypeError: btnList.size is not a function
    at https://pr.seegenemedical.com/user/js/common.js?ver=20260415:230:26
[  957346ms] TypeError: btnList.size is not a function
    at https://pr.seegenemedical.com/user/js/common.js?ver=20260415:1609:26
[  960348ms] TypeError: btnList.size is not a function
    at https://pr.seegenemedical.com/user/js/common.js?ver=20260415:160:26
[  960348ms] TypeError: btnList.size is not a function
    at https://pr.seegenemedical.com/user/js/common.js?ver=20260415:230:26
[  962849ms] TypeError: btnList.size is not a function
    at https://pr.seegenemedical.com/user/js/common.js?ver=20260415:1609:26
[  963350ms] TypeError: btnList.size is not a function
    at https://pr.seegenemedical.com/user/js/common.js?ver=20260415:160:26
[  963351ms] TypeError: btnList.size is not a function
    at https://pr.seegenemedical.com/user/js/common.js?ver=20260415:230:26
[  966343ms] TypeError: btnList.size is not a function
    at https://pr.seegenemedical.com/user/js/common.js?ver=20260415:160:26
[  966343ms] TypeError: btnList.size is not a function
    at https://pr.seegenemedical.com/user/js/common.js?ver=20260415:230:26
[  968348ms] TypeError: btnList.size is not a function
    at https://pr.seegenemedical.com/user/js/common.js?ver=20260415:1609:26
[  969350ms] TypeError: btnList.size is not a function
    at https://pr.seegenemedical.com/user/js/common.js?ver=20260415:160:26
[  969351ms] TypeError: btnList.size is not a function
    at https://pr.seegenemedical.com/user/js/common.js?ver=20260415:230:26
[  972349ms] TypeError: btnList.size is not a function
    at https://pr.seegenemedical.com/user/js/common.js?ver=20260415:160:26
[  972350ms] TypeError: btnList.size is not a function
    at https://pr.seegenemedical.com/user/js/common.js?ver=20260415:230:26
[  973849ms] TypeError: btnList.size is not a function
    at https://pr.seegenemedical.com/user/js/common.js?ver=20260415:1609:26
[  975348ms] TypeError: btnList.size is not a function
    at https://pr.seegenemedical.com/user/js/common.js?ver=20260415:160:26
[  975349ms] TypeError: btnList.size is not a function
    at https://pr.seegenemedical.com/user/js/common.js?ver=20260415:230:26
[  978349ms] TypeError: btnList.size is not a function
    at https://pr.seegenemedical.com/user/js/common.js?ver=20260415:160:26
[  978350ms] TypeError: btnList.size is not a function
    at https://pr.seegenemedical.com/user/js/common.js?ver=20260415:230:26
[  979349ms] TypeError: btnList.size is not a function
    at https://pr.seegenemedical.com/user/js/common.js?ver=20260415:1609:26
[  981349ms] TypeError: btnList.size is not a function
    at https://pr.seegenemedical.com/user/js/common.js?ver=20260415:160:26
[  981350ms] TypeError: btnList.size is not a function
    at https://pr.seegenemedical.com/user/js/common.js?ver=20260415:230:26
[  984349ms] TypeError: btnList.size is not a function
    at https://pr.seegenemedical.com/user/js/common.js?ver=20260415:160:26
[  984350ms] TypeError: btnList.size is not a function
    at https://pr.seegenemedical.com/user/js/common.js?ver=20260415:230:26
[  984845ms] TypeError: btnList.size is not a function
    at https://pr.seegenemedical.com/user/js/common.js?ver=20260415:1609:26
[  987350ms] TypeError: btnList.size is not a function
    at https://pr.seegenemedical.com/user/js/common.js?ver=20260415:160:26
[  987350ms] TypeError: btnList.size is not a function
    at https://pr.seegenemedical.com/user/js/common.js?ver=20260415:230:26
[  990354ms] TypeError: btnList.size is not a function
    at https://pr.seegenemedical.com/user/js/common.js?ver=20260415:160:26
[  990354ms] TypeError: btnList.size is not a function
    at https://pr.seegenemedical.com/user/js/common.js?ver=20260415:230:26
[  990354ms] TypeError: btnList.size is not a function
    at https://pr.seegenemedical.com/user/js/common.js?ver=20260415:1609:26
[  993347ms] TypeError: btnList.size is not a function
    at https://pr.seegenemedical.com/user/js/common.js?ver=20260415:160:26
[  993347ms] TypeError: btnList.size is not a function
    at https://pr.seegenemedical.com/user/js/common.js?ver=20260415:230:26
[  995850ms] TypeError: btnList.size is not a function
    at https://pr.seegenemedical.com/user/js/common.js?ver=20260415:1609:26
[  996346ms] TypeError: btnList.size is not a function
    at https://pr.seegenemedical.com/user/js/common.js?ver=20260415:160:26
[  996346ms] TypeError: btnList.size is not a function
    at https://pr.seegenemedical.com/user/js/common.js?ver=20260415:230:26
[  999349ms] TypeError: btnList.size is not a function
    at https://pr.seegenemedical.com/user/js/common.js?ver=20260415:160:26
[  999349ms] TypeError: btnList.size is not a function
    at https://pr.seegenemedical.com/user/js/common.js?ver=20260415:230:26
[ 1001346ms] TypeError: btnList.size is not a function
    at https://pr.seegenemedical.com/user/js/common.js?ver=20260415:1609:26
[ 1002349ms] TypeError: btnList.size is not a function
    at https://pr.seegenemedical.com/user/js/common.js?ver=20260415:160:26
[ 1002349ms] TypeError: btnList.size is not a function
    at https://pr.seegenemedical.com/user/js/common.js?ver=20260415:230:26
[ 1005349ms] TypeError: btnList.size is not a function
    at https://pr.seegenemedical.com/user/js/common.js?ver=20260415:160:26
[ 1005349ms] TypeError: btnList.size is not a function
    at https://pr.seegenemedical.com/user/js/common.js?ver=20260415:230:26
[ 1006848ms] TypeError: btnList.size is not a function
    at https://pr.seegenemedical.com/user/js/common.js?ver=20260415:1609:26
[ 1008349ms] TypeError: btnList.size is not a function
    at https://pr.seegenemedical.com/user/js/common.js?ver=20260415:160:26
[ 1008349ms] TypeError: btnList.size is not a function
    at https://pr.seegenemedical.com/user/js/common.js?ver=20260415:230:26
[ 1011340ms] TypeError: btnList.size is not a function
    at https://pr.seegenemedical.com/user/js/common.js?ver=20260415:160:26
[ 1011345ms] TypeError: btnList.size is not a function
    at https://pr.seegenemedical.com/user/js/common.js?ver=20260415:230:26
[ 1012353ms] TypeError: btnList.size is not a function
    at https://pr.seegenemedical.com/user/js/common.js?ver=20260415:1609:26
[ 1014347ms] TypeError: btnList.size is not a function
    at https://pr.seegenemedical.com/user/js/common.js?ver=20260415:160:26
[ 1014347ms] TypeError: btnList.size is not a function
    at https://pr.seegenemedical.com/user/js/common.js?ver=20260415:230:26
[ 1017348ms] TypeError: btnList.size is not a function
    at https://pr.seegenemedical.com/user/js/common.js?ver=20260415:160:26
[ 1017348ms] TypeError: btnList.size is not a function
    at https://pr.seegenemedical.com/user/js/common.js?ver=20260415:230:26
[ 1017846ms] TypeError: btnList.size is not a function
    at https://pr.seegenemedical.com/user/js/common.js?ver=20260415:1609:26
[ 1020341ms] TypeError: btnList.size is not a function
    at https://pr.seegenemedical.com/user/js/common.js?ver=20260415:160:26
[ 1020341ms] TypeError: btnList.size is not a function
    at https://pr.seegenemedical.com/user/js/common.js?ver=20260415:230:26
[ 1023350ms] TypeError: btnList.size is not a function
    at https://pr.seegenemedical.com/user/js/common.js?ver=20260415:160:26
[ 1023350ms] TypeError: btnList.size is not a function
    at https://pr.seegenemedical.com/user/js/common.js?ver=20260415:230:26
[ 1023350ms] TypeError: btnList.size is not a function
    at https://pr.seegenemedical.com/user/js/common.js?ver=20260415:1609:26
[ 1026348ms] TypeError: btnList.size is not a function
    at https://pr.seegenemedical.com/user/js/common.js?ver=20260415:160:26
[ 1026348ms] TypeError: btnList.size is not a function
    at https://pr.seegenemedical.com/user/js/common.js?ver=20260415:230:26
[ 1028848ms] TypeError: btnList.size is not a function
    at https://pr.seegenemedical.com/user/js/common.js?ver=20260415:1609:26
[ 1029342ms] TypeError: btnList.size is not a function
    at https://pr.seegenemedical.com/user/js/common.js?ver=20260415:160:26
[ 1029343ms] TypeError: btnList.size is not a function
    at https://pr.seegenemedical.com/user/js/common.js?ver=20260415:230:26
[ 1032356ms] TypeError: btnList.size is not a function
    at https://pr.seegenemedical.com/user/js/common.js?ver=20260415:160:26
[ 1032356ms] TypeError: btnList.size is not a function
    at https://pr.seegenemedical.com/user/js/common.js?ver=20260415:230:26
[ 1034353ms] TypeError: btnList.size is not a function
    at https://pr.seegenemedical.com/user/js/common.js?ver=20260415:1609:26
[ 1035340ms] TypeError: btnList.size is not a function
    at https://pr.seegenemedical.com/user/js/common.js?ver=20260415:160:26
[ 1035341ms] TypeError: btnList.size is not a function
    at https://pr.seegenemedical.com/user/js/common.js?ver=20260415:230:26
[ 1038345ms] TypeError: btnList.size is not a function
    at https://pr.seegenemedical.com/user/js/common.js?ver=20260415:160:26
[ 1038346ms] TypeError: btnList.size is not a function
    at https://pr.seegenemedical.com/user/js/common.js?ver=20260415:230:26
[ 1039845ms] TypeError: btnList.size is not a function
    at https://pr.seegenemedical.com/user/js/common.js?ver=20260415:1609:26
[ 1041355ms] TypeError: btnList.size is not a function
    at https://pr.seegenemedical.com/user/js/common.js?ver=20260415:160:26
[ 1041355ms] TypeError: btnList.size is not a function
    at https://pr.seegenemedical.com/user/js/common.js?ver=20260415:230:26
[ 1044354ms] TypeError: btnList.size is not a function
    at https://pr.seegenemedical.com/user/js/common.js?ver=20260415:160:26
[ 1044354ms] TypeError: btnList.size is not a function
    at https://pr.seegenemedical.com/user/js/common.js?ver=20260415:230:26
[ 1045351ms] TypeError: btnList.size is not a function
    at https://pr.seegenemedical.com/user/js/common.js?ver=20260415:1609:26
[ 1047346ms] TypeError: btnList.size is not a function
    at https://pr.seegenemedical.com/user/js/common.js?ver=20260415:160:26
[ 1047346ms] TypeError: btnList.size is not a function
    at https://pr.seegenemedical.com/user/js/common.js?ver=20260415:230:26
[ 1050344ms] TypeError: btnList.size is not a function
    at https://pr.seegenemedical.com/user/js/common.js?ver=20260415:160:26
[ 1050344ms] TypeError: btnList.size is not a function
    at https://pr.seegenemedical.com/user/js/common.js?ver=20260415:230:26
[ 1050847ms] TypeError: btnList.size is not a function
    at https://pr.seegenemedical.com/user/js/common.js?ver=20260415:1609:26
[ 1053345ms] TypeError: btnList.size is not a function
    at https://pr.seegenemedical.com/user/js/common.js?ver=20260415:160:26
[ 1053345ms] TypeError: btnList.size is not a function
    at https://pr.seegenemedical.com/user/js/common.js?ver=20260415:230:26
[ 1056344ms] TypeError: btnList.size is not a function
    at https://pr.seegenemedical.com/user/js/common.js?ver=20260415:160:26
[ 1056344ms] TypeError: btnList.size is not a function
    at https://pr.seegenemedical.com/user/js/common.js?ver=20260415:230:26
[ 1056344ms] TypeError: btnList.size is not a function
    at https://pr.seegenemedical.com/user/js/common.js?ver=20260415:1609:26
[ 1059352ms] TypeError: btnList.size is not a function
    at https://pr.seegenemedical.com/user/js/common.js?ver=20260415:160:26
[ 1059352ms] TypeError: btnList.size is not a function
    at https://pr.seegenemedical.com/user/js/common.js?ver=20260415:230:26
[ 1061846ms] TypeError: btnList.size is not a function
    at https://pr.seegenemedical.com/user/js/common.js?ver=20260415:1609:26
[ 1062344ms] TypeError: btnList.size is not a function
    at https://pr.seegenemedical.com/user/js/common.js?ver=20260415:160:26
[ 1062344ms] TypeError: btnList.size is not a function
    at https://pr.seegenemedical.com/user/js/common.js?ver=20260415:230:26
[ 1065354ms] TypeError: btnList.size is not a function
    at https://pr.seegenemedical.com/user/js/common.js?ver=20260415:160:26
[ 1065355ms] TypeError: btnList.size is not a function
    at https://pr.seegenemedical.com/user/js/common.js?ver=20260415:230:26
[ 1067356ms] TypeError: btnList.size is not a function
    at https://pr.seegenemedical.com/user/js/common.js?ver=20260415:1609:26
[ 1068341ms] TypeError: btnList.size is not a function
    at https://pr.seegenemedical.com/user/js/common.js?ver=20260415:160:26
[ 1068341ms] TypeError: btnList.size is not a function
    at https://pr.seegenemedical.com/user/js/common.js?ver=20260415:230:26
[ 1071351ms] TypeError: btnList.size is not a function
    at https://pr.seegenemedical.com/user/js/common.js?ver=20260415:160:26
[ 1071351ms] TypeError: btnList.size is not a function
    at https://pr.seegenemedical.com/user/js/common.js?ver=20260415:230:26
[ 1072847ms] TypeError: btnList.size is not a function
    at https://pr.seegenemedical.com/user/js/common.js?ver=20260415:1609:26
[ 1074352ms] TypeError: btnList.size is not a function
    at https://pr.seegenemedical.com/user/js/common.js?ver=20260415:160:26
[ 1074352ms] TypeError: btnList.size is not a function
    at https://pr.seegenemedical.com/user/js/common.js?ver=20260415:230:26
[ 1077350ms] TypeError: btnList.size is not a function
    at https://pr.seegenemedical.com/user/js/common.js?ver=20260415:160:26
[ 1077350ms] TypeError: btnList.size is not a function
    at https://pr.seegenemedical.com/user/js/common.js?ver=20260415:230:26
[ 1078344ms] TypeError: btnList.size is not a function
    at https://pr.seegenemedical.com/user/js/common.js?ver=20260415:1609:26
[ 1080342ms] TypeError: btnList.size is not a function
    at https://pr.seegenemedical.com/user/js/common.js?ver=20260415:160:26
[ 1080343ms] TypeError: btnList.size is not a function
    at https://pr.seegenemedical.com/user/js/common.js?ver=20260415:230:26
[ 1083345ms] TypeError: btnList.size is not a function
    at https://pr.seegenemedical.com/user/js/common.js?ver=20260415:160:26
[ 1083345ms] TypeError: btnList.size is not a function
    at https://pr.seegenemedical.com/user/js/common.js?ver=20260415:230:26
[ 1083849ms] TypeError: btnList.size is not a function
    at https://pr.seegenemedical.com/user/js/common.js?ver=20260415:1609:26
[ 1086345ms] TypeError: btnList.size is not a function
    at https://pr.seegenemedical.com/user/js/common.js?ver=20260415:160:26
[ 1086345ms] TypeError: btnList.size is not a function
    at https://pr.seegenemedical.com/user/js/common.js?ver=20260415:230:26
[ 1089347ms] TypeError: btnList.size is not a function
    at https://pr.seegenemedical.com/user/js/common.js?ver=20260415:160:26
[ 1089347ms] TypeError: btnList.size is not a function
    at https://pr.seegenemedical.com/user/js/common.js?ver=20260415:230:26
[ 1089347ms] TypeError: btnList.size is not a function
    at https://pr.seegenemedical.com/user/js/common.js?ver=20260415:1609:26
[ 1092344ms] TypeError: btnList.size is not a function
    at https://pr.seegenemedical.com/user/js/common.js?ver=20260415:160:26
[ 1092344ms] TypeError: btnList.size is not a function
    at https://pr.seegenemedical.com/user/js/common.js?ver=20260415:230:26
[ 1094846ms] TypeError: btnList.size is not a function
    at https://pr.seegenemedical.com/user/js/common.js?ver=20260415:1609:26
[ 1095341ms] TypeError: btnList.size is not a function
    at https://pr.seegenemedical.com/user/js/common.js?ver=20260415:160:26
[ 1095345ms] TypeError: btnList.size is not a function
    at https://pr.seegenemedical.com/user/js/common.js?ver=20260415:230:26
[ 1098344ms] TypeError: btnList.size is not a function
    at https://pr.seegenemedical.com/user/js/common.js?ver=20260415:160:26
[ 1098344ms] TypeError: btnList.size is not a function
    at https://pr.seegenemedical.com/user/js/common.js?ver=20260415:230:26
[ 1100353ms] TypeError: btnList.size is not a function
    at https://pr.seegenemedical.com/user/js/common.js?ver=20260415:1609:26
[ 1101344ms] TypeError: btnList.size is not a function
    at https://pr.seegenemedical.com/user/js/common.js?ver=20260415:160:26
[ 1101345ms] TypeError: btnList.size is not a function
    at https://pr.seegenemedical.com/user/js/common.js?ver=20260415:230:26
[ 1104350ms] TypeError: btnList.size is not a function
    at https://pr.seegenemedical.com/user/js/common.js?ver=20260415:160:26
[ 1104350ms] TypeError: btnList.size is not a function
    at https://pr.seegenemedical.com/user/js/common.js?ver=20260415:230:26
[ 1105845ms] TypeError: btnList.size is not a function
    at https://pr.seegenemedical.com/user/js/common.js?ver=20260415:1609:26
[ 1107352ms] TypeError: btnList.size is not a function
    at https://pr.seegenemedical.com/user/js/common.js?ver=20260415:160:26
[ 1107352ms] TypeError: btnList.size is not a function
    at https://pr.seegenemedical.com/user/js/common.js?ver=20260415:230:26
[ 1110350ms] TypeError: btnList.size is not a function
    at https://pr.seegenemedical.com/user/js/common.js?ver=20260415:160:26
[ 1110351ms] TypeError: btnList.size is not a function
    at https://pr.seegenemedical.com/user/js/common.js?ver=20260415:230:26
[ 1111348ms] TypeError: btnList.size is not a function
    at https://pr.seegenemedical.com/user/js/common.js?ver=20260415:1609:26
[ 1113347ms] TypeError: btnList.size is not a function
    at https://pr.seegenemedical.com/user/js/common.js?ver=20260415:160:26
[ 1113348ms] TypeError: btnList.size is not a function
    at https://pr.seegenemedical.com/user/js/common.js?ver=20260415:230:26
[ 1116354ms] TypeError: btnList.size is not a function
    at https://pr.seegenemedical.com/user/js/common.js?ver=20260415:160:26
[ 1116354ms] TypeError: btnList.size is not a function
    at https://pr.seegenemedical.com/user/js/common.js?ver=20260415:230:26
[ 1116849ms] TypeError: btnList.size is not a function
    at https://pr.seegenemedical.com/user/js/common.js?ver=20260415:1609:26
[ 1119342ms] TypeError: btnList.size is not a function
    at https://pr.seegenemedical.com/user/js/common.js?ver=20260415:160:26
[ 1119342ms] TypeError: btnList.size is not a function
    at https://pr.seegenemedical.com/user/js/common.js?ver=20260415:230:26
[ 1122343ms] TypeError: btnList.size is not a function
    at https://pr.seegenemedical.com/user/js/common.js?ver=20260415:160:26
[ 1122344ms] TypeError: btnList.size is not a function
    at https://pr.seegenemedical.com/user/js/common.js?ver=20260415:230:26
[ 1122349ms] TypeError: btnList.size is not a function
    at https://pr.seegenemedical.com/user/js/common.js?ver=20260415:1609:26
[ 1125353ms] TypeError: btnList.size is not a function
    at https://pr.seegenemedical.com/user/js/common.js?ver=20260415:160:26
[ 1125353ms] TypeError: btnList.size is not a function
    at https://pr.seegenemedical.com/user/js/common.js?ver=20260415:230:26
[ 1127853ms] TypeError: btnList.size is not a function
    at https://pr.seegenemedical.com/user/js/common.js?ver=20260415:1609:26
[ 1128351ms] TypeError: btnList.size is not a function
    at https://pr.seegenemedical.com/user/js/common.js?ver=20260415:160:26
[ 1128351ms] TypeError: btnList.size is not a function
    at https://pr.seegenemedical.com/user/js/common.js?ver=20260415:230:26
[ 1131355ms] TypeError: btnList.size is not a function
    at https://pr.seegenemedical.com/user/js/common.js?ver=20260415:160:26
[ 1131356ms] TypeError: btnList.size is not a function
    at https://pr.seegenemedical.com/user/js/common.js?ver=20260415:230:26
[ 1133346ms] TypeError: btnList.size is not a function
    at https://pr.seegenemedical.com/user/js/common.js?ver=20260415:1609:26
[ 1134352ms] TypeError: btnList.size is not a function
    at https://pr.seegenemedical.com/user/js/common.js?ver=20260415:160:26
[ 1134353ms] TypeError: btnList.size is not a function
    at https://pr.seegenemedical.com/user/js/common.js?ver=20260415:230:26
[ 1137343ms] TypeError: btnList.size is not a function
    at https://pr.seegenemedical.com/user/js/common.js?ver=20260415:160:26
[ 1137344ms] TypeError: btnList.size is not a function
    at https://pr.seegenemedical.com/user/js/common.js?ver=20260415:230:26
[ 1138854ms] TypeError: btnList.size is not a function
    at https://pr.seegenemedical.com/user/js/common.js?ver=20260415:1609:26
[ 1140353ms] TypeError: btnList.size is not a function
    at https://pr.seegenemedical.com/user/js/common.js?ver=20260415:160:26
[ 1140354ms] TypeError: btnList.size is not a function
    at https://pr.seegenemedical.com/user/js/common.js?ver=20260415:230:26
[ 1143349ms] TypeError: btnList.size is not a function
    at https://pr.seegenemedical.com/user/js/common.js?ver=20260415:160:26
[ 1143349ms] TypeError: btnList.size is not a function
    at https://pr.seegenemedical.com/user/js/common.js?ver=20260415:230:26
[ 1144347ms] TypeError: btnList.size is not a function
    at https://pr.seegenemedical.com/user/js/common.js?ver=20260415:1609:26
[ 1146346ms] TypeError: btnList.size is not a function
    at https://pr.seegenemedical.com/user/js/common.js?ver=20260415:160:26
[ 1146346ms] TypeError: btnList.size is not a function
    at https://pr.seegenemedical.com/user/js/common.js?ver=20260415:230:26
[ 1149346ms] TypeError: btnList.size is not a function
    at https://pr.seegenemedical.com/user/js/common.js?ver=20260415:160:26
[ 1149346ms] TypeError: btnList.size is not a function
    at https://pr.seegenemedical.com/user/js/common.js?ver=20260415:230:26
[ 1149848ms] TypeError: btnList.size is not a function
    at https://pr.seegenemedical.com/user/js/common.js?ver=20260415:1609:26
[ 1152350ms] TypeError: btnList.size is not a function
    at https://pr.seegenemedical.com/user/js/common.js?ver=20260415:160:26
[ 1152350ms] TypeError: btnList.size is not a function
    at https://pr.seegenemedical.com/user/js/common.js?ver=20260415:230:26
[ 1155345ms] TypeError: btnList.size is not a function
    at https://pr.seegenemedical.com/user/js/common.js?ver=20260415:160:26
[ 1155346ms] TypeError: btnList.size is not a function
    at https://pr.seegenemedical.com/user/js/common.js?ver=20260415:230:26
[ 1155346ms] TypeError: btnList.size is not a function
    at https://pr.seegenemedical.com/user/js/common.js?ver=20260415:1609:26
[ 1158344ms] TypeError: btnList.size is not a function
    at https://pr.seegenemedical.com/user/js/common.js?ver=20260415:160:26
[ 1158344ms] TypeError: btnList.size is not a function
    at https://pr.seegenemedical.com/user/js/common.js?ver=20260415:230:26
[ 1160850ms] TypeError: btnList.size is not a function
    at https://pr.seegenemedical.com/user/js/common.js?ver=20260415:1609:26
[ 1161346ms] TypeError: btnList.size is not a function
    at https://pr.seegenemedical.com/user/js/common.js?ver=20260415:160:26
[ 1161347ms] TypeError: btnList.size is not a function
    at https://pr.seegenemedical.com/user/js/common.js?ver=20260415:230:26
[ 1164346ms] TypeError: btnList.size is not a function
    at https://pr.seegenemedical.com/user/js/common.js?ver=20260415:160:26
[ 1164346ms] TypeError: btnList.size is not a function
    at https://pr.seegenemedical.com/user/js/common.js?ver=20260415:230:26
[ 1166357ms] TypeError: btnList.size is not a function
    at https://pr.seegenemedical.com/user/js/common.js?ver=20260415:1609:26
[ 1167345ms] TypeError: btnList.size is not a function
    at https://pr.seegenemedical.com/user/js/common.js?ver=20260415:160:26
[ 1167345ms] TypeError: btnList.size is not a function
    at https://pr.seegenemedical.com/user/js/common.js?ver=20260415:230:26
[ 1170345ms] TypeError: btnList.size is not a function
    at https://pr.seegenemedical.com/user/js/common.js?ver=20260415:160:26
[ 1170346ms] TypeError: btnList.size is not a function
    at https://pr.seegenemedical.com/user/js/common.js?ver=20260415:230:26
[ 1171856ms] TypeError: btnList.size is not a function
    at https://pr.seegenemedical.com/user/js/common.js?ver=20260415:1609:26
[ 1173348ms] TypeError: btnList.size is not a function
    at https://pr.seegenemedical.com/user/js/common.js?ver=20260415:160:26
[ 1173349ms] TypeError: btnList.size is not a function
    at https://pr.seegenemedical.com/user/js/common.js?ver=20260415:230:26
[ 1176346ms] TypeError: btnList.size is not a function
    at https://pr.seegenemedical.com/user/js/common.js?ver=20260415:160:26
[ 1176346ms] TypeError: btnList.size is not a function
    at https://pr.seegenemedical.com/user/js/common.js?ver=20260415:230:26
[ 1177349ms] TypeError: btnList.size is not a function
    at https://pr.seegenemedical.com/user/js/common.js?ver=20260415:1609:26
[ 1179345ms] TypeError: btnList.size is not a function
    at https://pr.seegenemedical.com/user/js/common.js?ver=20260415:160:26
[ 1179345ms] TypeError: btnList.size is not a function
    at https://pr.seegenemedical.com/user/js/common.js?ver=20260415:230:26
[ 1182347ms] TypeError: btnList.size is not a function
    at https://pr.seegenemedical.com/user/js/common.js?ver=20260415:160:26
[ 1182347ms] TypeError: btnList.size is not a function
    at https://pr.seegenemedical.com/user/js/common.js?ver=20260415:230:26
[ 1182850ms] TypeError: btnList.size is not a function
    at https://pr.seegenemedical.com/user/js/common.js?ver=20260415:1609:26
[ 1185346ms] TypeError: btnList.size is not a function
    at https://pr.seegenemedical.com/user/js/common.js?ver=20260415:160:26
[ 1185347ms] TypeError: btnList.size is not a function
    at https://pr.seegenemedical.com/user/js/common.js?ver=20260415:230:26
[ 1188344ms] TypeError: btnList.size is not a function
    at https://pr.seegenemedical.com/user/js/common.js?ver=20260415:160:26
[ 1188345ms] TypeError: btnList.size is not a function
    at https://pr.seegenemedical.com/user/js/common.js?ver=20260415:230:26
[ 1188345ms] TypeError: btnList.size is not a function
    at https://pr.seegenemedical.com/user/js/common.js?ver=20260415:1609:26
[ 1191346ms] TypeError: btnList.size is not a function
    at https://pr.seegenemedical.com/user/js/common.js?ver=20260415:160:26
[ 1191347ms] TypeError: btnList.size is not a function
    at https://pr.seegenemedical.com/user/js/common.js?ver=20260415:230:26
[ 1193844ms] TypeError: btnList.size is not a function
    at https://pr.seegenemedical.com/user/js/common.js?ver=20260415:1609:26
[ 1194346ms] TypeError: btnList.size is not a function
    at https://pr.seegenemedical.com/user/js/common.js?ver=20260415:160:26
[ 1194346ms] TypeError: btnList.size is not a function
    at https://pr.seegenemedical.com/user/js/common.js?ver=20260415:230:26
[ 1197344ms] TypeError: btnList.size is not a function
    at https://pr.seegenemedical.com/user/js/common.js?ver=20260415:160:26
[ 1197344ms] TypeError: btnList.size is not a function
    at https://pr.seegenemedical.com/user/js/common.js?ver=20260415:230:26
[ 1199360ms] TypeError: btnList.size is not a function
    at https://pr.seegenemedical.com/user/js/common.js?ver=20260415:1609:26
[ 1200345ms] TypeError: btnList.size is not a function
    at https://pr.seegenemedical.com/user/js/common.js?ver=20260415:160:26
[ 1200346ms] TypeError: btnList.size is not a function
    at https://pr.seegenemedical.com/user/js/common.js?ver=20260415:230:26
[ 1203346ms] TypeError: btnList.size is not a function
    at https://pr.seegenemedical.com/user/js/common.js?ver=20260415:160:26
[ 1203346ms] TypeError: btnList.size is not a function
    at https://pr.seegenemedical.com/user/js/common.js?ver=20260415:230:26
[ 1204845ms] TypeError: btnList.size is not a function
    at https://pr.seegenemedical.com/user/js/common.js?ver=20260415:1609:26
[ 1206345ms] TypeError: btnList.size is not a function
    at https://pr.seegenemedical.com/user/js/common.js?ver=20260415:160:26
[ 1206345ms] TypeError: btnList.size is not a function
    at https://pr.seegenemedical.com/user/js/common.js?ver=20260415:230:26
[ 1209347ms] TypeError: btnList.size is not a function
    at https://pr.seegenemedical.com/user/js/common.js?ver=20260415:160:26
[ 1209347ms] TypeError: btnList.size is not a function
    at https://pr.seegenemedical.com/user/js/common.js?ver=20260415:230:26
[ 1210349ms] TypeError: btnList.size is not a function
    at https://pr.seegenemedical.com/user/js/common.js?ver=20260415:1609:26
[ 1212343ms] TypeError: btnList.size is not a function
    at https://pr.seegenemedical.com/user/js/common.js?ver=20260415:160:26
[ 1212344ms] TypeError: btnList.size is not a function
    at https://pr.seegenemedical.com/user/js/common.js?ver=20260415:230:26
[ 1215345ms] TypeError: btnList.size is not a function
    at https://pr.seegenemedical.com/user/js/common.js?ver=20260415:160:26
[ 1215345ms] TypeError: btnList.size is not a function
    at https://pr.seegenemedical.com/user/js/common.js?ver=20260415:230:26
[ 1215848ms] TypeError: btnList.size is not a function
    at https://pr.seegenemedical.com/user/js/common.js?ver=20260415:1609:26
[ 1218344ms] TypeError: btnList.size is not a function
    at https://pr.seegenemedical.com/user/js/common.js?ver=20260415:160:26
[ 1218344ms] TypeError: btnList.size is not a function
    at https://pr.seegenemedical.com/user/js/common.js?ver=20260415:230:26
[ 1221345ms] TypeError: btnList.size is not a function
    at https://pr.seegenemedical.com/user/js/common.js?ver=20260415:160:26
[ 1221345ms] TypeError: btnList.size is not a function
    at https://pr.seegenemedical.com/user/js/common.js?ver=20260415:230:26
[ 1221345ms] TypeError: btnList.size is not a function
    at https://pr.seegenemedical.com/user/js/common.js?ver=20260415:1609:26
[ 1224343ms] TypeError: btnList.size is not a function
    at https://pr.seegenemedical.com/user/js/common.js?ver=20260415:160:26
[ 1224344ms] TypeError: btnList.size is not a function
    at https://pr.seegenemedical.com/user/js/common.js?ver=20260415:230:26
[ 1226849ms] TypeError: btnList.size is not a function
    at https://pr.seegenemedical.com/user/js/common.js?ver=20260415:1609:26
[ 1227344ms] TypeError: btnList.size is not a function
    at https://pr.seegenemedical.com/user/js/common.js?ver=20260415:160:26
[ 1227345ms] TypeError: btnList.size is not a function
    at https://pr.seegenemedical.com/user/js/common.js?ver=20260415:230:26
[ 1230344ms] TypeError: btnList.size is not a function
    at https://pr.seegenemedical.com/user/js/common.js?ver=20260415:160:26
[ 1230344ms] TypeError: btnList.size is not a function
    at https://pr.seegenemedical.com/user/js/common.js?ver=20260415:230:26
[ 1232352ms] TypeError: btnList.size is not a function
    at https://pr.seegenemedical.com/user/js/common.js?ver=20260415:1609:26
[ 1233345ms] TypeError: btnList.size is not a function
    at https://pr.seegenemedical.com/user/js/common.js?ver=20260415:160:26
[ 1233345ms] TypeError: btnList.size is not a function
    at https://pr.seegenemedical.com/user/js/common.js?ver=20260415:230:26
[ 1236345ms] TypeError: btnList.size is not a function
    at https://pr.seegenemedical.com/user/js/common.js?ver=20260415:160:26
[ 1236345ms] TypeError: btnList.size is not a function
    at https://pr.seegenemedical.com/user/js/common.js?ver=20260415:230:26
[ 1237857ms] TypeError: btnList.size is not a function
    at https://pr.seegenemedical.com/user/js/common.js?ver=20260415:1609:26
[ 1239346ms] TypeError: btnList.size is not a function
    at https://pr.seegenemedical.com/user/js/common.js?ver=20260415:160:26
[ 1239346ms] TypeError: btnList.size is not a function
    at https://pr.seegenemedical.com/user/js/common.js?ver=20260415:230:26
[ 1242344ms] TypeError: btnList.size is not a function
    at https://pr.seegenemedical.com/user/js/common.js?ver=20260415:160:26
[ 1242344ms] TypeError: btnList.size is not a function
    at https://pr.seegenemedical.com/user/js/common.js?ver=20260415:230:26
[ 1243346ms] TypeError: btnList.size is not a function
    at https://pr.seegenemedical.com/user/js/common.js?ver=20260415:1609:26
[ 1245344ms] TypeError: btnList.size is not a function
    at https://pr.seegenemedical.com/user/js/common.js?ver=20260415:160:26
[ 1245344ms] TypeError: btnList.size is not a function
    at https://pr.seegenemedical.com/user/js/common.js?ver=20260415:230:26
[ 1248344ms] TypeError: btnList.size is not a function
    at https://pr.seegenemedical.com/user/js/common.js?ver=20260415:160:26
[ 1248344ms] TypeError: btnList.size is not a function
    at https://pr.seegenemedical.com/user/js/common.js?ver=20260415:230:26
[ 1248847ms] TypeError: btnList.size is not a function
    at https://pr.seegenemedical.com/user/js/common.js?ver=20260415:1609:26
[ 1251346ms] TypeError: btnList.size is not a function
    at https://pr.seegenemedical.com/user/js/common.js?ver=20260415:160:26
[ 1251346ms] TypeError: btnList.size is not a function
    at https://pr.seegenemedical.com/user/js/common.js?ver=20260415:230:26
[ 1254345ms] TypeError: btnList.size is not a function
    at https://pr.seegenemedical.com/user/js/common.js?ver=20260415:160:26
[ 1254345ms] TypeError: btnList.size is not a function
    at https://pr.seegenemedical.com/user/js/common.js?ver=20260415:230:26
[ 1254346ms] TypeError: btnList.size is not a function
    at https://pr.seegenemedical.com/user/js/common.js?ver=20260415:1609:26
[ 1257344ms] TypeError: btnList.size is not a function
    at https://pr.seegenemedical.com/user/js/common.js?ver=20260415:160:26
[ 1257344ms] TypeError: btnList.size is not a function
    at https://pr.seegenemedical.com/user/js/common.js?ver=20260415:230:26
[ 1259850ms] TypeError: btnList.size is not a function
    at https://pr.seegenemedical.com/user/js/common.js?ver=20260415:1609:26
[ 1260345ms] TypeError: btnList.size is not a function
    at https://pr.seegenemedical.com/user/js/common.js?ver=20260415:160:26
[ 1260345ms] TypeError: btnList.size is not a function
    at https://pr.seegenemedical.com/user/js/common.js?ver=20260415:230:26
[ 1263344ms] TypeError: btnList.size is not a function
    at https://pr.seegenemedical.com/user/js/common.js?ver=20260415:160:26
[ 1263344ms] TypeError: btnList.size is not a function
    at https://pr.seegenemedical.com/user/js/common.js?ver=20260415:230:26
[ 1265356ms] TypeError: btnList.size is not a function
    at https://pr.seegenemedical.com/user/js/common.js?ver=20260415:1609:26
[ 1266343ms] TypeError: btnList.size is not a function
    at https://pr.seegenemedical.com/user/js/common.js?ver=20260415:160:26
[ 1266343ms] TypeError: btnList.size is not a function
    at https://pr.seegenemedical.com/user/js/common.js?ver=20260415:230:26
[ 1269344ms] TypeError: btnList.size is not a function
    at https://pr.seegenemedical.com/user/js/common.js?ver=20260415:160:26
[ 1269344ms] TypeError: btnList.size is not a function
    at https://pr.seegenemedical.com/user/js/common.js?ver=20260415:230:26
[ 1270849ms] TypeError: btnList.size is not a function
    at https://pr.seegenemedical.com/user/js/common.js?ver=20260415:1609:26
[ 1272347ms] TypeError: btnList.size is not a function
    at https://pr.seegenemedical.com/user/js/common.js?ver=20260415:160:26
[ 1272347ms] TypeError: btnList.size is not a function
    at https://pr.seegenemedical.com/user/js/common.js?ver=20260415:230:26
[ 1275343ms] TypeError: btnList.size is not a function
    at https://pr.seegenemedical.com/user/js/common.js?ver=20260415:160:26
[ 1275343ms] TypeError: btnList.size is not a function
    at https://pr.seegenemedical.com/user/js/common.js?ver=20260415:230:26
[ 1276344ms] TypeError: btnList.size is not a function
    at https://pr.seegenemedical.com/user/js/common.js?ver=20260415:1609:26
[ 1278344ms] TypeError: btnList.size is not a function
    at https://pr.seegenemedical.com/user/js/common.js?ver=20260415:160:26
[ 1278344ms] TypeError: btnList.size is not a function
    at https://pr.seegenemedical.com/user/js/common.js?ver=20260415:230:26
[ 1281345ms] TypeError: btnList.size is not a function
    at https://pr.seegenemedical.com/user/js/common.js?ver=20260415:160:26
[ 1281345ms] TypeError: btnList.size is not a function
    at https://pr.seegenemedical.com/user/js/common.js?ver=20260415:230:26
[ 1281848ms] TypeError: btnList.size is not a function
    at https://pr.seegenemedical.com/user/js/common.js?ver=20260415:1609:26
[ 1284344ms] TypeError: btnList.size is not a function
    at https://pr.seegenemedical.com/user/js/common.js?ver=20260415:160:26
[ 1284344ms] TypeError: btnList.size is not a function
    at https://pr.seegenemedical.com/user/js/common.js?ver=20260415:230:26
[ 1287344ms] TypeError: btnList.size is not a function
    at https://pr.seegenemedical.com/user/js/common.js?ver=20260415:160:26
[ 1287344ms] TypeError: btnList.size is not a function
    at https://pr.seegenemedical.com/user/js/common.js?ver=20260415:230:26
[ 1287345ms] TypeError: btnList.size is not a function
    at https://pr.seegenemedical.com/user/js/common.js?ver=20260415:1609:26
[ 1290345ms] TypeError: btnList.size is not a function
    at https://pr.seegenemedical.com/user/js/common.js?ver=20260415:160:26
[ 1290345ms] TypeError: btnList.size is not a function
    at https://pr.seegenemedical.com/user/js/common.js?ver=20260415:230:26
[ 1292843ms] TypeError: btnList.size is not a function
    at https://pr.seegenemedical.com/user/js/common.js?ver=20260415:1609:26
[ 1293345ms] TypeError: btnList.size is not a function
    at https://pr.seegenemedical.com/user/js/common.js?ver=20260415:160:26
[ 1293345ms] TypeError: btnList.size is not a function
    at https://pr.seegenemedical.com/user/js/common.js?ver=20260415:230:26
[ 1296345ms] TypeError: btnList.size is not a function
    at https://pr.seegenemedical.com/user/js/common.js?ver=20260415:160:26
[ 1296345ms] TypeError: btnList.size is not a function
    at https://pr.seegenemedical.com/user/js/common.js?ver=20260415:230:26
[ 1298343ms] TypeError: btnList.size is not a function
    at https://pr.seegenemedical.com/user/js/common.js?ver=20260415:1609:26
[ 1299345ms] TypeError: btnList.size is not a function
    at https://pr.seegenemedical.com/user/js/common.js?ver=20260415:160:26
[ 1299345ms] TypeError: btnList.size is not a function
    at https://pr.seegenemedical.com/user/js/common.js?ver=20260415:230:26
[ 1302345ms] TypeError: btnList.size is not a function
    at https://pr.seegenemedical.com/user/js/common.js?ver=20260415:160:26
[ 1302345ms] TypeError: btnList.size is not a function
    at https://pr.seegenemedical.com/user/js/common.js?ver=20260415:230:26
[ 1303847ms] TypeError: btnList.size is not a function
    at https://pr.seegenemedical.com/user/js/common.js?ver=20260415:1609:26
[ 1305345ms] TypeError: btnList.size is not a function
    at https://pr.seegenemedical.com/user/js/common.js?ver=20260415:160:26
[ 1305345ms] TypeError: btnList.size is not a function
    at https://pr.seegenemedical.com/user/js/common.js?ver=20260415:230:26
[ 1308348ms] TypeError: btnList.size is not a function
    at https://pr.seegenemedical.com/user/js/common.js?ver=20260415:160:26
[ 1308348ms] TypeError: btnList.size is not a function
    at https://pr.seegenemedical.com/user/js/common.js?ver=20260415:230:26
[ 1309349ms] TypeError: btnList.size is not a function
    at https://pr.seegenemedical.com/user/js/common.js?ver=20260415:1609:26
[ 1311345ms] TypeError: btnList.size is not a function
    at https://pr.seegenemedical.com/user/js/common.js?ver=20260415:160:26
[ 1311345ms] TypeError: btnList.size is not a function
    at https://pr.seegenemedical.com/user/js/common.js?ver=20260415:230:26
[ 1314344ms] TypeError: btnList.size is not a function
    at https://pr.seegenemedical.com/user/js/common.js?ver=20260415:160:26
[ 1314344ms] TypeError: btnList.size is not a function
    at https://pr.seegenemedical.com/user/js/common.js?ver=20260415:230:26
[ 1314849ms] TypeError: btnList.size is not a function
    at https://pr.seegenemedical.com/user/js/common.js?ver=20260415:1609:26
[ 1317346ms] TypeError: btnList.size is not a function
    at https://pr.seegenemedical.com/user/js/common.js?ver=20260415:160:26
[ 1317346ms] TypeError: btnList.size is not a function
    at https://pr.seegenemedical.com/user/js/common.js?ver=20260415:230:26
[ 1320344ms] TypeError: btnList.size is not a function
    at https://pr.seegenemedical.com/user/js/common.js?ver=20260415:160:26
[ 1320345ms] TypeError: btnList.size is not a function
    at https://pr.seegenemedical.com/user/js/common.js?ver=20260415:230:26
[ 1320345ms] TypeError: btnList.size is not a function
    at https://pr.seegenemedical.com/user/js/common.js?ver=20260415:1609:26
[ 1323344ms] TypeError: btnList.size is not a function
    at https://pr.seegenemedical.com/user/js/common.js?ver=20260415:160:26
[ 1323344ms] TypeError: btnList.size is not a function
    at https://pr.seegenemedical.com/user/js/common.js?ver=20260415:230:26
[ 1325849ms] TypeError: btnList.size is not a function
    at https://pr.seegenemedical.com/user/js/common.js?ver=20260415:1609:26
[ 1326345ms] TypeError: btnList.size is not a function
    at https://pr.seegenemedical.com/user/js/common.js?ver=20260415:160:26
[ 1326346ms] TypeError: btnList.size is not a function
    at https://pr.seegenemedical.com/user/js/common.js?ver=20260415:230:26
[ 1329345ms] TypeError: btnList.size is not a function
    at https://pr.seegenemedical.com/user/js/common.js?ver=20260415:160:26
[ 1329345ms] TypeError: btnList.size is not a function
    at https://pr.seegenemedical.com/user/js/common.js?ver=20260415:230:26
[ 1331348ms] TypeError: btnList.size is not a function
    at https://pr.seegenemedical.com/user/js/common.js?ver=20260415:1609:26
[ 1332345ms] TypeError: btnList.size is not a function
    at https://pr.seegenemedical.com/user/js/common.js?ver=20260415:160:26
[ 1332346ms] TypeError: btnList.size is not a function
    at https://pr.seegenemedical.com/user/js/common.js?ver=20260415:230:26
[ 1335344ms] TypeError: btnList.size is not a function
    at https://pr.seegenemedical.com/user/js/common.js?ver=20260415:160:26
[ 1335344ms] TypeError: btnList.size is not a function
    at https://pr.seegenemedical.com/user/js/common.js?ver=20260415:230:26
[ 1336847ms] TypeError: btnList.size is not a function
    at https://pr.seegenemedical.com/user/js/common.js?ver=20260415:1609:26
[ 1338346ms] TypeError: btnList.size is not a function
    at https://pr.seegenemedical.com/user/js/common.js?ver=20260415:160:26
[ 1338346ms] TypeError: btnList.size is not a function
    at https://pr.seegenemedical.com/user/js/common.js?ver=20260415:230:26
[ 1341344ms] TypeError: btnList.size is not a function
    at https://pr.seegenemedical.com/user/js/common.js?ver=20260415:160:26
[ 1341344ms] TypeError: btnList.size is not a function
    at https://pr.seegenemedical.com/user/js/common.js?ver=20260415:230:26
[ 1342350ms] TypeError: btnList.size is not a function
    at https://pr.seegenemedical.com/user/js/common.js?ver=20260415:1609:26
[ 1344346ms] TypeError: btnList.size is not a function
    at https://pr.seegenemedical.com/user/js/common.js?ver=20260415:160:26
[ 1344346ms] TypeError: btnList.size is not a function
    at https://pr.seegenemedical.com/user/js/common.js?ver=20260415:230:26
[ 1347346ms] TypeError: btnList.size is not a function
    at https://pr.seegenemedical.com/user/js/common.js?ver=20260415:160:26
[ 1347346ms] TypeError: btnList.size is not a function
    at https://pr.seegenemedical.com/user/js/common.js?ver=20260415:230:26
[ 1347847ms] TypeError: btnList.size is not a function
    at https://pr.seegenemedical.com/user/js/common.js?ver=20260415:1609:26
[ 1350346ms] TypeError: btnList.size is not a function
    at https://pr.seegenemedical.com/user/js/common.js?ver=20260415:160:26
[ 1350346ms] TypeError: btnList.size is not a function
    at https://pr.seegenemedical.com/user/js/common.js?ver=20260415:230:26
[ 1353345ms] TypeError: btnList.size is not a function
    at https://pr.seegenemedical.com/user/js/common.js?ver=20260415:160:26
[ 1353346ms] TypeError: btnList.size is not a function
    at https://pr.seegenemedical.com/user/js/common.js?ver=20260415:230:26
[ 1353346ms] TypeError: btnList.size is not a function
    at https://pr.seegenemedical.com/user/js/common.js?ver=20260415:1609:26
[ 1356346ms] TypeError: btnList.size is not a function
    at https://pr.seegenemedical.com/user/js/common.js?ver=20260415:160:26
[ 1356346ms] TypeError: btnList.size is not a function
    at https://pr.seegenemedical.com/user/js/common.js?ver=20260415:230:26
[ 1358843ms] TypeError: btnList.size is not a function
    at https://pr.seegenemedical.com/user/js/common.js?ver=20260415:1609:26
[ 1359347ms] TypeError: btnList.size is not a function
    at https://pr.seegenemedical.com/user/js/common.js?ver=20260415:160:26
[ 1359347ms] TypeError: btnList.size is not a function
    at https://pr.seegenemedical.com/user/js/common.js?ver=20260415:230:26
[ 1362344ms] TypeError: btnList.size is not a function
    at https://pr.seegenemedical.com/user/js/common.js?ver=20260415:160:26
[ 1362344ms] TypeError: btnList.size is not a function
    at https://pr.seegenemedical.com/user/js/common.js?ver=20260415:230:26
[ 1364344ms] TypeError: btnList.size is not a function
    at https://pr.seegenemedical.com/user/js/common.js?ver=20260415:1609:26
[ 1365345ms] TypeError: btnList.size is not a function
    at https://pr.seegenemedical.com/user/js/common.js?ver=20260415:160:26
[ 1365345ms] TypeError: btnList.size is not a function
    at https://pr.seegenemedical.com/user/js/common.js?ver=20260415:230:26
[ 1368345ms] TypeError: btnList.size is not a function
    at https://pr.seegenemedical.com/user/js/common.js?ver=20260415:160:26
[ 1368345ms] TypeError: btnList.size is not a function
    at https://pr.seegenemedical.com/user/js/common.js?ver=20260415:230:26
[ 1369858ms] TypeError: btnList.size is not a function
    at https://pr.seegenemedical.com/user/js/common.js?ver=20260415:1609:26
[ 1371348ms] TypeError: btnList.size is not a function
    at https://pr.seegenemedical.com/user/js/common.js?ver=20260415:160:26
[ 1371349ms] TypeError: btnList.size is not a function
    at https://pr.seegenemedical.com/user/js/common.js?ver=20260415:230:26
[ 1374344ms] TypeError: btnList.size is not a function
    at https://pr.seegenemedical.com/user/js/common.js?ver=20260415:160:26
[ 1374344ms] TypeError: btnList.size is not a function
    at https://pr.seegenemedical.com/user/js/common.js?ver=20260415:230:26
[ 1375346ms] TypeError: btnList.size is not a function
    at https://pr.seegenemedical.com/user/js/common.js?ver=20260415:1609:26
[ 1377345ms] TypeError: btnList.size is not a function
    at https://pr.seegenemedical.com/user/js/common.js?ver=20260415:160:26
[ 1377345ms] TypeError: btnList.size is not a function
    at https://pr.seegenemedical.com/user/js/common.js?ver=20260415:230:26
[ 1380344ms] TypeError: btnList.size is not a function
    at https://pr.seegenemedical.com/user/js/common.js?ver=20260415:160:26
[ 1380345ms] TypeError: btnList.size is not a function
    at https://pr.seegenemedical.com/user/js/common.js?ver=20260415:230:26
[ 1380848ms] TypeError: btnList.size is not a function
    at https://pr.seegenemedical.com/user/js/common.js?ver=20260415:1609:26
[ 1383344ms] TypeError: btnList.size is not a function
    at https://pr.seegenemedical.com/user/js/common.js?ver=20260415:160:26
[ 1383345ms] TypeError: btnList.size is not a function
    at https://pr.seegenemedical.com/user/js/common.js?ver=20260415:230:26
[ 1386346ms] TypeError: btnList.size is not a function
    at https://pr.seegenemedical.com/user/js/common.js?ver=20260415:160:26
[ 1386346ms] TypeError: btnList.size is not a function
    at https://pr.seegenemedical.com/user/js/common.js?ver=20260415:230:26
[ 1386346ms] TypeError: btnList.size is not a function
    at https://pr.seegenemedical.com/user/js/common.js?ver=20260415:1609:26
[ 1389344ms] TypeError: btnList.size is not a function
    at https://pr.seegenemedical.com/user/js/common.js?ver=20260415:160:26
[ 1389344ms] TypeError: btnList.size is not a function
    at https://pr.seegenemedical.com/user/js/common.js?ver=20260415:230:26
[ 1391848ms] TypeError: btnList.size is not a function
    at https://pr.seegenemedical.com/user/js/common.js?ver=20260415:1609:26
[ 1392347ms] TypeError: btnList.size is not a function
    at https://pr.seegenemedical.com/user/js/common.js?ver=20260415:160:26
[ 1392347ms] TypeError: btnList.size is not a function
    at https://pr.seegenemedical.com/user/js/common.js?ver=20260415:230:26
[ 1395347ms] TypeError: btnList.size is not a function
    at https://pr.seegenemedical.com/user/js/common.js?ver=20260415:160:26
[ 1395347ms] TypeError: btnList.size is not a function
    at https://pr.seegenemedical.com/user/js/common.js?ver=20260415:230:26
[ 1397356ms] TypeError: btnList.size is not a function
    at https://pr.seegenemedical.com/user/js/common.js?ver=20260415:1609:26
[ 1398344ms] TypeError: btnList.size is not a function
    at https://pr.seegenemedical.com/user/js/common.js?ver=20260415:160:26
[ 1398344ms] TypeError: btnList.size is not a function
    at https://pr.seegenemedical.com/user/js/common.js?ver=20260415:230:26
[ 1401347ms] TypeError: btnList.size is not a function
    at https://pr.seegenemedical.com/user/js/common.js?ver=20260415:160:26
[ 1401347ms] TypeError: btnList.size is not a function
    at https://pr.seegenemedical.com/user/js/common.js?ver=20260415:230:26
[ 1402848ms] TypeError: btnList.size is not a function
    at https://pr.seegenemedical.com/user/js/common.js?ver=20260415:1609:26
[ 1404347ms] TypeError: btnList.size is not a function
    at https://pr.seegenemedical.com/user/js/common.js?ver=20260415:160:26
[ 1404347ms] TypeError: btnList.size is not a function
    at https://pr.seegenemedical.com/user/js/common.js?ver=20260415:230:26
[ 1407345ms] TypeError: btnList.size is not a function
    at https://pr.seegenemedical.com/user/js/common.js?ver=20260415:160:26
[ 1407345ms] TypeError: btnList.size is not a function
    at https://pr.seegenemedical.com/user/js/common.js?ver=20260415:230:26
[ 1408348ms] TypeError: btnList.size is not a function
    at https://pr.seegenemedical.com/user/js/common.js?ver=20260415:1609:26
[ 1410345ms] TypeError: btnList.size is not a function
    at https://pr.seegenemedical.com/user/js/common.js?ver=20260415:160:26
[ 1410345ms] TypeError: btnList.size is not a function
    at https://pr.seegenemedical.com/user/js/common.js?ver=20260415:230:26
[ 1413348ms] TypeError: btnList.size is not a function
    at https://pr.seegenemedical.com/user/js/common.js?ver=20260415:160:26
[ 1413348ms] TypeError: btnList.size is not a function
    at https://pr.seegenemedical.com/user/js/common.js?ver=20260415:230:26
[ 1413849ms] TypeError: btnList.size is not a function
    at https://pr.seegenemedical.com/user/js/common.js?ver=20260415:1609:26
[ 1416343ms] TypeError: btnList.size is not a function
    at https://pr.seegenemedical.com/user/js/common.js?ver=20260415:160:26
[ 1416343ms] TypeError: btnList.size is not a function
    at https://pr.seegenemedical.com/user/js/common.js?ver=20260415:230:26
[ 1419346ms] TypeError: btnList.size is not a function
    at https://pr.seegenemedical.com/user/js/common.js?ver=20260415:160:26
[ 1419347ms] TypeError: btnList.size is not a function
    at https://pr.seegenemedical.com/user/js/common.js?ver=20260415:230:26
[ 1419347ms] TypeError: btnList.size is not a function
    at https://pr.seegenemedical.com/user/js/common.js?ver=20260415:1609:26
[ 1422343ms] TypeError: btnList.size is not a function
    at https://pr.seegenemedical.com/user/js/common.js?ver=20260415:160:26
[ 1422344ms] TypeError: btnList.size is not a function
    at https://pr.seegenemedical.com/user/js/common.js?ver=20260415:230:26
[ 1424850ms] TypeError: btnList.size is not a function
    at https://pr.seegenemedical.com/user/js/common.js?ver=20260415:1609:26
[ 1425347ms] TypeError: btnList.size is not a function
    at https://pr.seegenemedical.com/user/js/common.js?ver=20260415:160:26
[ 1425347ms] TypeError: btnList.size is not a function
    at https://pr.seegenemedical.com/user/js/common.js?ver=20260415:230:26
[ 1428346ms] TypeError: btnList.size is not a function
    at https://pr.seegenemedical.com/user/js/common.js?ver=20260415:160:26
[ 1428346ms] TypeError: btnList.size is not a function
    at https://pr.seegenemedical.com/user/js/common.js?ver=20260415:230:26
[ 1430354ms] TypeError: btnList.size is not a function
    at https://pr.seegenemedical.com/user/js/common.js?ver=20260415:1609:26
[ 1431346ms] TypeError: btnList.size is not a function
    at https://pr.seegenemedical.com/user/js/common.js?ver=20260415:160:26
[ 1431346ms] TypeError: btnList.size is not a function
    at https://pr.seegenemedical.com/user/js/common.js?ver=20260415:230:26
[ 1434348ms] TypeError: btnList.size is not a function
    at https://pr.seegenemedical.com/user/js/common.js?ver=20260415:160:26
[ 1434349ms] TypeError: btnList.size is not a function
    at https://pr.seegenemedical.com/user/js/common.js?ver=20260415:230:26
[ 1435846ms] TypeError: btnList.size is not a function
    at https://pr.seegenemedical.com/user/js/common.js?ver=20260415:1609:26
[ 1437346ms] TypeError: btnList.size is not a function
    at https://pr.seegenemedical.com/user/js/common.js?ver=20260415:160:26
[ 1437346ms] TypeError: btnList.size is not a function
    at https://pr.seegenemedical.com/user/js/common.js?ver=20260415:230:26
[ 1440346ms] TypeError: btnList.size is not a function
    at https://pr.seegenemedical.com/user/js/common.js?ver=20260415:160:26
[ 1440346ms] TypeError: btnList.size is not a function
    at https://pr.seegenemedical.com/user/js/common.js?ver=20260415:230:26
[ 1441347ms] TypeError: btnList.size is not a function
    at https://pr.seegenemedical.com/user/js/common.js?ver=20260415:1609:26
[ 1443345ms] TypeError: btnList.size is not a function
    at https://pr.seegenemedical.com/user/js/common.js?ver=20260415:160:26
[ 1443345ms] TypeError: btnList.size is not a function
    at https://pr.seegenemedical.com/user/js/common.js?ver=20260415:230:26
[ 1446347ms] TypeError: btnList.size is not a function
    at https://pr.seegenemedical.com/user/js/common.js?ver=20260415:160:26
[ 1446347ms] TypeError: btnList.size is not a function
    at https://pr.seegenemedical.com/user/js/common.js?ver=20260415:230:26
[ 1446850ms] TypeError: btnList.size is not a function
    at https://pr.seegenemedical.com/user/js/common.js?ver=20260415:1609:26
[ 1449346ms] TypeError: btnList.size is not a function
    at https://pr.seegenemedical.com/user/js/common.js?ver=20260415:160:26
[ 1449346ms] TypeError: btnList.size is not a function
    at https://pr.seegenemedical.com/user/js/common.js?ver=20260415:230:26
[ 1452345ms] TypeError: btnList.size is not a function
    at https://pr.seegenemedical.com/user/js/common.js?ver=20260415:160:26
[ 1452345ms] TypeError: btnList.size is not a function
    at https://pr.seegenemedical.com/user/js/common.js?ver=20260415:230:26
[ 1452345ms] TypeError: btnList.size is not a function
    at https://pr.seegenemedical.com/user/js/common.js?ver=20260415:1609:26
[ 1455347ms] TypeError: btnList.size is not a function
    at https://pr.seegenemedical.com/user/js/common.js?ver=20260415:160:26
[ 1455347ms] TypeError: btnList.size is not a function
    at https://pr.seegenemedical.com/user/js/common.js?ver=20260415:230:26
[ 1457844ms] TypeError: btnList.size is not a function
    at https://pr.seegenemedical.com/user/js/common.js?ver=20260415:1609:26
[ 1458345ms] TypeError: btnList.size is not a function
    at https://pr.seegenemedical.com/user/js/common.js?ver=20260415:160:26
[ 1458345ms] TypeError: btnList.size is not a function
    at https://pr.seegenemedical.com/user/js/common.js?ver=20260415:230:26
[ 1461347ms] TypeError: btnList.size is not a function
    at https://pr.seegenemedical.com/user/js/common.js?ver=20260415:160:26
[ 1461348ms] TypeError: btnList.size is not a function
    at https://pr.seegenemedical.com/user/js/common.js?ver=20260415:230:26
[ 1463344ms] TypeError: btnList.size is not a function
    at https://pr.seegenemedical.com/user/js/common.js?ver=20260415:1609:26
[ 1464346ms] TypeError: btnList.size is not a function
    at https://pr.seegenemedical.com/user/js/common.js?ver=20260415:160:26
[ 1464347ms] TypeError: btnList.size is not a function
    at https://pr.seegenemedical.com/user/js/common.js?ver=20260415:230:26
[ 1467345ms] TypeError: btnList.size is not a function
    at https://pr.seegenemedical.com/user/js/common.js?ver=20260415:160:26
[ 1467346ms] TypeError: btnList.size is not a function
    at https://pr.seegenemedical.com/user/js/common.js?ver=20260415:230:26
[ 1468848ms] TypeError: btnList.size is not a function
    at https://pr.seegenemedical.com/user/js/common.js?ver=20260415:1609:26
[ 1470348ms] TypeError: btnList.size is not a function
    at https://pr.seegenemedical.com/user/js/common.js?ver=20260415:160:26
[ 1470348ms] TypeError: btnList.size is not a function
    at https://pr.seegenemedical.com/user/js/common.js?ver=20260415:230:26
[ 1473347ms] TypeError: btnList.size is not a function
    at https://pr.seegenemedical.com/user/js/common.js?ver=20260415:160:26
[ 1473347ms] TypeError: btnList.size is not a function
    at https://pr.seegenemedical.com/user/js/common.js?ver=20260415:230:26
[ 1474347ms] TypeError: btnList.size is not a function
    at https://pr.seegenemedical.com/user/js/common.js?ver=20260415:1609:26
[ 1476346ms] TypeError: btnList.size is not a function
    at https://pr.seegenemedical.com/user/js/common.js?ver=20260415:160:26
[ 1476347ms] TypeError: btnList.size is not a function
    at https://pr.seegenemedical.com/user/js/common.js?ver=20260415:230:26
[ 1479346ms] TypeError: btnList.size is not a function
    at https://pr.seegenemedical.com/user/js/common.js?ver=20260415:160:26
[ 1479346ms] TypeError: btnList.size is not a function
    at https://pr.seegenemedical.com/user/js/common.js?ver=20260415:230:26
[ 1479849ms] TypeError: btnList.size is not a function
    at https://pr.seegenemedical.com/user/js/common.js?ver=20260415:1609:26
[ 1482348ms] TypeError: btnList.size is not a function
    at https://pr.seegenemedical.com/user/js/common.js?ver=20260415:160:26
[ 1482348ms] TypeError: btnList.size is not a function
    at https://pr.seegenemedical.com/user/js/common.js?ver=20260415:230:26
[ 1485356ms] TypeError: btnList.size is not a function
    at https://pr.seegenemedical.com/user/js/common.js?ver=20260415:160:26
[ 1485356ms] TypeError: btnList.size is not a function
    at https://pr.seegenemedical.com/user/js/common.js?ver=20260415:230:26
[ 1485356ms] TypeError: btnList.size is not a function
    at https://pr.seegenemedical.com/user/js/common.js?ver=20260415:1609:26
[ 1488348ms] TypeError: btnList.size is not a function
    at https://pr.seegenemedical.com/user/js/common.js?ver=20260415:160:26
[ 1488348ms] TypeError: btnList.size is not a function
    at https://pr.seegenemedical.com/user/js/common.js?ver=20260415:230:26
[ 1490852ms] TypeError: btnList.size is not a function
    at https://pr.seegenemedical.com/user/js/common.js?ver=20260415:1609:26
[ 1491349ms] TypeError: btnList.size is not a function
    at https://pr.seegenemedical.com/user/js/common.js?ver=20260415:160:26
[ 1491349ms] TypeError: btnList.size is not a function
    at https://pr.seegenemedical.com/user/js/common.js?ver=20260415:230:26
[ 1494352ms] TypeError: btnList.size is not a function
    at https://pr.seegenemedical.com/user/js/common.js?ver=20260415:160:26
[ 1494352ms] TypeError: btnList.size is not a function
    at https://pr.seegenemedical.com/user/js/common.js?ver=20260415:230:26
[ 1496358ms] TypeError: btnList.size is not a function
    at https://pr.seegenemedical.com/user/js/common.js?ver=20260415:1609:26
[ 1497345ms] TypeError: btnList.size is not a function
    at https://pr.seegenemedical.com/user/js/common.js?ver=20260415:160:26
[ 1497346ms] TypeError: btnList.size is not a function
    at https://pr.seegenemedical.com/user/js/common.js?ver=20260415:230:26
[ 1500352ms] TypeError: btnList.size is not a function
    at https://pr.seegenemedical.com/user/js/common.js?ver=20260415:160:26
[ 1500353ms] TypeError: btnList.size is not a function
    at https://pr.seegenemedical.com/user/js/common.js?ver=20260415:230:26
[ 1501845ms] TypeError: btnList.size is not a function
    at https://pr.seegenemedical.com/user/js/common.js?ver=20260415:1609:26
[ 1503344ms] TypeError: btnList.size is not a function
    at https://pr.seegenemedical.com/user/js/common.js?ver=20260415:160:26
[ 1503344ms] TypeError: btnList.size is not a function
    at https://pr.seegenemedical.com/user/js/common.js?ver=20260415:230:26
[ 1506356ms] TypeError: btnList.size is not a function
    at https://pr.seegenemedical.com/user/js/common.js?ver=20260415:160:26
[ 1506356ms] TypeError: btnList.size is not a function
    at https://pr.seegenemedical.com/user/js/common.js?ver=20260415:230:26
[ 1507348ms] TypeError: btnList.size is not a function
    at https://pr.seegenemedical.com/user/js/common.js?ver=20260415:1609:26
[ 1509350ms] TypeError: btnList.size is not a function
    at https://pr.seegenemedical.com/user/js/common.js?ver=20260415:160:26
[ 1509350ms] TypeError: btnList.size is not a function
    at https://pr.seegenemedical.com/user/js/common.js?ver=20260415:230:26
[ 1512347ms] TypeError: btnList.size is not a function
    at https://pr.seegenemedical.com/user/js/common.js?ver=20260415:160:26
[ 1512347ms] TypeError: btnList.size is not a function
    at https://pr.seegenemedical.com/user/js/common.js?ver=20260415:230:26
[ 1512851ms] TypeError: btnList.size is not a function
    at https://pr.seegenemedical.com/user/js/common.js?ver=20260415:1609:26
[ 1515345ms] TypeError: btnList.size is not a function
    at https://pr.seegenemedical.com/user/js/common.js?ver=20260415:160:26
[ 1515346ms] TypeError: btnList.size is not a function
    at https://pr.seegenemedical.com/user/js/common.js?ver=20260415:230:26
[ 1518353ms] TypeError: btnList.size is not a function
    at https://pr.seegenemedical.com/user/js/common.js?ver=20260415:160:26
[ 1518354ms] TypeError: btnList.size is not a function
    at https://pr.seegenemedical.com/user/js/common.js?ver=20260415:230:26
[ 1518354ms] TypeError: btnList.size is not a function
    at https://pr.seegenemedical.com/user/js/common.js?ver=20260415:1609:26
[ 1521345ms] TypeError: btnList.size is not a function
    at https://pr.seegenemedical.com/user/js/common.js?ver=20260415:160:26
[ 1521345ms] TypeError: btnList.size is not a function
    at https://pr.seegenemedical.com/user/js/common.js?ver=20260415:230:26
[ 1523846ms] TypeError: btnList.size is not a function
    at https://pr.seegenemedical.com/user/js/common.js?ver=20260415:1609:26
[ 1524342ms] TypeError: btnList.size is not a function
    at https://pr.seegenemedical.com/user/js/common.js?ver=20260415:160:26
[ 1524345ms] TypeError: btnList.size is not a function
    at https://pr.seegenemedical.com/user/js/common.js?ver=20260415:230:26
[ 1527353ms] TypeError: btnList.size is not a function
    at https://pr.seegenemedical.com/user/js/common.js?ver=20260415:160:26
[ 1527353ms] TypeError: btnList.size is not a function
    at https://pr.seegenemedical.com/user/js/common.js?ver=20260415:230:26
[ 1529357ms] TypeError: btnList.size is not a function
    at https://pr.seegenemedical.com/user/js/common.js?ver=20260415:1609:26
[ 1530344ms] TypeError: btnList.size is not a function
    at https://pr.seegenemedical.com/user/js/common.js?ver=20260415:160:26
[ 1530345ms] TypeError: btnList.size is not a function
    at https://pr.seegenemedical.com/user/js/common.js?ver=20260415:230:26
[ 1533344ms] TypeError: btnList.size is not a function
    at https://pr.seegenemedical.com/user/js/common.js?ver=20260415:160:26
[ 1533345ms] TypeError: btnList.size is not a function
    at https://pr.seegenemedical.com/user/js/common.js?ver=20260415:230:26
[ 1534845ms] TypeError: btnList.size is not a function
    at https://pr.seegenemedical.com/user/js/common.js?ver=20260415:1609:26
[ 1536350ms] TypeError: btnList.size is not a function
    at https://pr.seegenemedical.com/user/js/common.js?ver=20260415:160:26
[ 1536350ms] TypeError: btnList.size is not a function
    at https://pr.seegenemedical.com/user/js/common.js?ver=20260415:230:26
[ 1539344ms] TypeError: btnList.size is not a function
    at https://pr.seegenemedical.com/user/js/common.js?ver=20260415:160:26
[ 1539344ms] TypeError: btnList.size is not a function
    at https://pr.seegenemedical.com/user/js/common.js?ver=20260415:230:26
[ 1540349ms] TypeError: btnList.size is not a function
    at https://pr.seegenemedical.com/user/js/common.js?ver=20260415:1609:26
[ 1542347ms] TypeError: btnList.size is not a function
    at https://pr.seegenemedical.com/user/js/common.js?ver=20260415:160:26
[ 1542347ms] TypeError: btnList.size is not a function
    at https://pr.seegenemedical.com/user/js/common.js?ver=20260415:230:26
[ 1545350ms] TypeError: btnList.size is not a function
    at https://pr.seegenemedical.com/user/js/common.js?ver=20260415:160:26
[ 1545351ms] TypeError: btnList.size is not a function
    at https://pr.seegenemedical.com/user/js/common.js?ver=20260415:230:26
[ 1545851ms] TypeError: btnList.size is not a function
    at https://pr.seegenemedical.com/user/js/common.js?ver=20260415:1609:26
[ 1548342ms] TypeError: btnList.size is not a function
    at https://pr.seegenemedical.com/user/js/common.js?ver=20260415:160:26
[ 1548343ms] TypeError: btnList.size is not a function
    at https://pr.seegenemedical.com/user/js/common.js?ver=20260415:230:26
[ 1551349ms] TypeError: btnList.size is not a function
    at https://pr.seegenemedical.com/user/js/common.js?ver=20260415:160:26
[ 1551349ms] TypeError: btnList.size is not a function
    at https://pr.seegenemedical.com/user/js/common.js?ver=20260415:230:26
[ 1551349ms] TypeError: btnList.size is not a function
    at https://pr.seegenemedical.com/user/js/common.js?ver=20260415:1609:26
[ 1554348ms] TypeError: btnList.size is not a function
    at https://pr.seegenemedical.com/user/js/common.js?ver=20260415:160:26
[ 1554348ms] TypeError: btnList.size is not a function
    at https://pr.seegenemedical.com/user/js/common.js?ver=20260415:230:26
[ 1556849ms] TypeError: btnList.size is not a function
    at https://pr.seegenemedical.com/user/js/common.js?ver=20260415:1609:26
[ 1557348ms] TypeError: btnList.size is not a function
    at https://pr.seegenemedical.com/user/js/common.js?ver=20260415:160:26
[ 1557348ms] TypeError: btnList.size is not a function
    at https://pr.seegenemedical.com/user/js/common.js?ver=20260415:230:26
[ 1560349ms] TypeError: btnList.size is not a function
    at https://pr.seegenemedical.com/user/js/common.js?ver=20260415:160:26
[ 1560349ms] TypeError: btnList.size is not a function
    at https://pr.seegenemedical.com/user/js/common.js?ver=20260415:230:26
[ 1562345ms] TypeError: btnList.size is not a function
    at https://pr.seegenemedical.com/user/js/common.js?ver=20260415:1609:26
[ 1563350ms] TypeError: btnList.size is not a function
    at https://pr.seegenemedical.com/user/js/common.js?ver=20260415:160:26
[ 1563350ms] TypeError: btnList.size is not a function
    at https://pr.seegenemedical.com/user/js/common.js?ver=20260415:230:26
[ 1566349ms] TypeError: btnList.size is not a function
    at https://pr.seegenemedical.com/user/js/common.js?ver=20260415:160:26
[ 1566350ms] TypeError: btnList.size is not a function
    at https://pr.seegenemedical.com/user/js/common.js?ver=20260415:230:26
[ 1567851ms] TypeError: btnList.size is not a function
    at https://pr.seegenemedical.com/user/js/common.js?ver=20260415:1609:26
[ 1569350ms] TypeError: btnList.size is not a function
    at https://pr.seegenemedical.com/user/js/common.js?ver=20260415:160:26
[ 1569350ms] TypeError: btnList.size is not a function
    at https://pr.seegenemedical.com/user/js/common.js?ver=20260415:230:26
[ 1572344ms] TypeError: btnList.size is not a function
    at https://pr.seegenemedical.com/user/js/common.js?ver=20260415:160:26
[ 1572344ms] TypeError: btnList.size is not a function
    at https://pr.seegenemedical.com/user/js/common.js?ver=20260415:230:26
[ 1573348ms] TypeError: btnList.size is not a function
    at https://pr.seegenemedical.com/user/js/common.js?ver=20260415:1609:26
[ 1575349ms] TypeError: btnList.size is not a function
    at https://pr.seegenemedical.com/user/js/common.js?ver=20260415:160:26
[ 1575350ms] TypeError: btnList.size is not a function
    at https://pr.seegenemedical.com/user/js/common.js?ver=20260415:230:26
[ 1578350ms] TypeError: btnList.size is not a function
    at https://pr.seegenemedical.com/user/js/common.js?ver=20260415:160:26
[ 1578350ms] TypeError: btnList.size is not a function
    at https://pr.seegenemedical.com/user/js/common.js?ver=20260415:230:26
[ 1578843ms] TypeError: btnList.size is not a function
    at https://pr.seegenemedical.com/user/js/common.js?ver=20260415:1609:26
[ 1581345ms] TypeError: btnList.size is not a function
    at https://pr.seegenemedical.com/user/js/common.js?ver=20260415:160:26
[ 1581346ms] TypeError: btnList.size is not a function
    at https://pr.seegenemedical.com/user/js/common.js?ver=20260415:230:26
[ 1584349ms] TypeError: btnList.size is not a function
    at https://pr.seegenemedical.com/user/js/common.js?ver=20260415:160:26
[ 1584349ms] TypeError: btnList.size is not a function
    at https://pr.seegenemedical.com/user/js/common.js?ver=20260415:230:26
[ 1584349ms] TypeError: btnList.size is not a function
    at https://pr.seegenemedical.com/user/js/common.js?ver=20260415:1609:26
[ 1587345ms] TypeError: btnList.size is not a function
    at https://pr.seegenemedical.com/user/js/common.js?ver=20260415:160:26
[ 1587345ms] TypeError: btnList.size is not a function
    at https://pr.seegenemedical.com/user/js/common.js?ver=20260415:230:26
[ 1589847ms] TypeError: btnList.size is not a function
    at https://pr.seegenemedical.com/user/js/common.js?ver=20260415:1609:26
[ 1590348ms] TypeError: btnList.size is not a function
    at https://pr.seegenemedical.com/user/js/common.js?ver=20260415:160:26
[ 1590348ms] TypeError: btnList.size is not a function
    at https://pr.seegenemedical.com/user/js/common.js?ver=20260415:230:26
[ 1593339ms] TypeError: btnList.size is not a function
    at https://pr.seegenemedical.com/user/js/common.js?ver=20260415:160:26
[ 1593345ms] TypeError: btnList.size is not a function
    at https://pr.seegenemedical.com/user/js/common.js?ver=20260415:230:26
[ 1595348ms] TypeError: btnList.size is not a function
    at https://pr.seegenemedical.com/user/js/common.js?ver=20260415:1609:26
[ 1596342ms] TypeError: btnList.size is not a function
    at https://pr.seegenemedical.com/user/js/common.js?ver=20260415:160:26
[ 1596343ms] TypeError: btnList.size is not a function
    at https://pr.seegenemedical.com/user/js/common.js?ver=20260415:230:26
[ 1599348ms] TypeError: btnList.size is not a function
    at https://pr.seegenemedical.com/user/js/common.js?ver=20260415:160:26
[ 1599349ms] TypeError: btnList.size is not a function
    at https://pr.seegenemedical.com/user/js/common.js?ver=20260415:230:26
[ 1600859ms] TypeError: btnList.size is not a function
    at https://pr.seegenemedical.com/user/js/common.js?ver=20260415:1609:26
[ 1602349ms] TypeError: btnList.size is not a function
    at https://pr.seegenemedical.com/user/js/common.js?ver=20260415:160:26
[ 1602349ms] TypeError: btnList.size is not a function
    at https://pr.seegenemedical.com/user/js/common.js?ver=20260415:230:26
[ 1605351ms] TypeError: btnList.size is not a function
    at https://pr.seegenemedical.com/user/js/common.js?ver=20260415:160:26
[ 1605351ms] TypeError: btnList.size is not a function
    at https://pr.seegenemedical.com/user/js/common.js?ver=20260415:230:26
[ 1606350ms] TypeError: btnList.size is not a function
    at https://pr.seegenemedical.com/user/js/common.js?ver=20260415:1609:26
[ 1608346ms] TypeError: btnList.size is not a function
    at https://pr.seegenemedical.com/user/js/common.js?ver=20260415:160:26
[ 1608346ms] TypeError: btnList.size is not a function
    at https://pr.seegenemedical.com/user/js/common.js?ver=20260415:230:26
[ 1611349ms] TypeError: btnList.size is not a function
    at https://pr.seegenemedical.com/user/js/common.js?ver=20260415:160:26
[ 1611349ms] TypeError: btnList.size is not a function
    at https://pr.seegenemedical.com/user/js/common.js?ver=20260415:230:26
[ 1611846ms] TypeError: btnList.size is not a function
    at https://pr.seegenemedical.com/user/js/common.js?ver=20260415:1609:26
[ 1614345ms] TypeError: btnList.size is not a function
    at https://pr.seegenemedical.com/user/js/common.js?ver=20260415:160:26
[ 1614345ms] TypeError: btnList.size is not a function
    at https://pr.seegenemedical.com/user/js/common.js?ver=20260415:230:26
[ 1617344ms] TypeError: btnList.size is not a function
    at https://pr.seegenemedical.com/user/js/common.js?ver=20260415:160:26
[ 1617344ms] TypeError: btnList.size is not a function
    at https://pr.seegenemedical.com/user/js/common.js?ver=20260415:230:26
[ 1617344ms] TypeError: btnList.size is not a function
    at https://pr.seegenemedical.com/user/js/common.js?ver=20260415:1609:26
[ 1620342ms] TypeError: btnList.size is not a function
    at https://pr.seegenemedical.com/user/js/common.js?ver=20260415:160:26
[ 1620343ms] TypeError: btnList.size is not a function
    at https://pr.seegenemedical.com/user/js/common.js?ver=20260415:230:26
[ 1622848ms] TypeError: btnList.size is not a function
    at https://pr.seegenemedical.com/user/js/common.js?ver=20260415:1609:26
[ 1623349ms] TypeError: btnList.size is not a function
    at https://pr.seegenemedical.com/user/js/common.js?ver=20260415:160:26
[ 1623349ms] TypeError: btnList.size is not a function
    at https://pr.seegenemedical.com/user/js/common.js?ver=20260415:230:26
[ 1626345ms] TypeError: btnList.size is not a function
    at https://pr.seegenemedical.com/user/js/common.js?ver=20260415:160:26
[ 1626345ms] TypeError: btnList.size is not a function
    at https://pr.seegenemedical.com/user/js/common.js?ver=20260415:230:26
[ 1628343ms] TypeError: btnList.size is not a function
    at https://pr.seegenemedical.com/user/js/common.js?ver=20260415:1609:26
[ 1629342ms] TypeError: btnList.size is not a function
    at https://pr.seegenemedical.com/user/js/common.js?ver=20260415:160:26
[ 1629342ms] TypeError: btnList.size is not a function
    at https://pr.seegenemedical.com/user/js/common.js?ver=20260415:230:26
[ 1632344ms] TypeError: btnList.size is not a function
    at https://pr.seegenemedical.com/user/js/common.js?ver=20260415:160:26
[ 1632344ms] TypeError: btnList.size is not a function
    at https://pr.seegenemedical.com/user/js/common.js?ver=20260415:230:26
[ 1633856ms] TypeError: btnList.size is not a function
    at https://pr.seegenemedical.com/user/js/common.js?ver=20260415:1609:26
[ 1635344ms] TypeError: btnList.size is not a function
    at https://pr.seegenemedical.com/user/js/common.js?ver=20260415:160:26
[ 1635344ms] TypeError: btnList.size is not a function
    at https://pr.seegenemedical.com/user/js/common.js?ver=20260415:230:26
[ 1638344ms] TypeError: btnList.size is not a function
    at https://pr.seegenemedical.com/user/js/common.js?ver=20260415:160:26
[ 1638344ms] TypeError: btnList.size is not a function
    at https://pr.seegenemedical.com/user/js/common.js?ver=20260415:230:26
[ 1639353ms] TypeError: btnList.size is not a function
    at https://pr.seegenemedical.com/user/js/common.js?ver=20260415:1609:26
[ 1641349ms] TypeError: btnList.size is not a function
    at https://pr.seegenemedical.com/user/js/common.js?ver=20260415:160:26
[ 1641350ms] TypeError: btnList.size is not a function
    at https://pr.seegenemedical.com/user/js/common.js?ver=20260415:230:26
[ 1644348ms] TypeError: btnList.size is not a function
    at https://pr.seegenemedical.com/user/js/common.js?ver=20260415:160:26
[ 1644349ms] TypeError: btnList.size is not a function
    at https://pr.seegenemedical.com/user/js/common.js?ver=20260415:230:26
[ 1644851ms] TypeError: btnList.size is not a function
    at https://pr.seegenemedical.com/user/js/common.js?ver=20260415:1609:26
[ 1647341ms] TypeError: btnList.size is not a function
    at https://pr.seegenemedical.com/user/js/common.js?ver=20260415:160:26
[ 1647345ms] TypeError: btnList.size is not a function
    at https://pr.seegenemedical.com/user/js/common.js?ver=20260415:230:26
[ 1650349ms] TypeError: btnList.size is not a function
    at https://pr.seegenemedical.com/user/js/common.js?ver=20260415:160:26
[ 1650350ms] TypeError: btnList.size is not a function
    at https://pr.seegenemedical.com/user/js/common.js?ver=20260415:230:26
[ 1650350ms] TypeError: btnList.size is not a function
    at https://pr.seegenemedical.com/user/js/common.js?ver=20260415:1609:26
[ 1653349ms] TypeError: btnList.size is not a function
    at https://pr.seegenemedical.com/user/js/common.js?ver=20260415:160:26
[ 1653350ms] TypeError: btnList.size is not a function
    at https://pr.seegenemedical.com/user/js/common.js?ver=20260415:230:26
[ 1655856ms] TypeError: btnList.size is not a function
    at https://pr.seegenemedical.com/user/js/common.js?ver=20260415:1609:26
[ 1656351ms] TypeError: btnList.size is not a function
    at https://pr.seegenemedical.com/user/js/common.js?ver=20260415:160:26
[ 1656351ms] TypeError: btnList.size is not a function
    at https://pr.seegenemedical.com/user/js/common.js?ver=20260415:230:26
[ 1659346ms] TypeError: btnList.size is not a function
    at https://pr.seegenemedical.com/user/js/common.js?ver=20260415:160:26
[ 1659346ms] TypeError: btnList.size is not a function
    at https://pr.seegenemedical.com/user/js/common.js?ver=20260415:230:26
[ 1661347ms] TypeError: btnList.size is not a function
    at https://pr.seegenemedical.com/user/js/common.js?ver=20260415:1609:26
[ 1662345ms] TypeError: btnList.size is not a function
    at https://pr.seegenemedical.com/user/js/common.js?ver=20260415:160:26
[ 1662345ms] TypeError: btnList.size is not a function
    at https://pr.seegenemedical.com/user/js/common.js?ver=20260415:230:26
[ 1665349ms] TypeError: btnList.size is not a function
    at https://pr.seegenemedical.com/user/js/common.js?ver=20260415:160:26
[ 1665350ms] TypeError: btnList.size is not a function
    at https://pr.seegenemedical.com/user/js/common.js?ver=20260415:230:26
[ 1666857ms] TypeError: btnList.size is not a function
    at https://pr.seegenemedical.com/user/js/common.js?ver=20260415:1609:26
[ 1668346ms] TypeError: btnList.size is not a function
    at https://pr.seegenemedical.com/user/js/common.js?ver=20260415:160:26
[ 1668347ms] TypeError: btnList.size is not a function
    at https://pr.seegenemedical.com/user/js/common.js?ver=20260415:230:26
[ 1671355ms] TypeError: btnList.size is not a function
    at https://pr.seegenemedical.com/user/js/common.js?ver=20260415:160:26
[ 1671355ms] TypeError: btnList.size is not a function
    at https://pr.seegenemedical.com/user/js/common.js?ver=20260415:230:26
[ 1672346ms] TypeError: btnList.size is not a function
    at https://pr.seegenemedical.com/user/js/common.js?ver=20260415:1609:26
[ 1674349ms] TypeError: btnList.size is not a function
    at https://pr.seegenemedical.com/user/js/common.js?ver=20260415:160:26
[ 1674349ms] TypeError: btnList.size is not a function
    at https://pr.seegenemedical.com/user/js/common.js?ver=20260415:230:26
[ 1677344ms] TypeError: btnList.size is not a function
    at https://pr.seegenemedical.com/user/js/common.js?ver=20260415:160:26
[ 1677344ms] TypeError: btnList.size is not a function
    at https://pr.seegenemedical.com/user/js/common.js?ver=20260415:230:26
[ 1677850ms] TypeError: btnList.size is not a function
    at https://pr.seegenemedical.com/user/js/common.js?ver=20260415:1609:26
[ 1680350ms] TypeError: btnList.size is not a function
    at https://pr.seegenemedical.com/user/js/common.js?ver=20260415:160:26
[ 1680350ms] TypeError: btnList.size is not a function
    at https://pr.seegenemedical.com/user/js/common.js?ver=20260415:230:26
[ 1683340ms] TypeError: btnList.size is not a function
    at https://pr.seegenemedical.com/user/js/common.js?ver=20260415:160:26
[ 1683345ms] TypeError: btnList.size is not a function
    at https://pr.seegenemedical.com/user/js/common.js?ver=20260415:230:26
[ 1683345ms] TypeError: btnList.size is not a function
    at https://pr.seegenemedical.com/user/js/common.js?ver=20260415:1609:26
[ 1686347ms] TypeError: btnList.size is not a function
    at https://pr.seegenemedical.com/user/js/common.js?ver=20260415:160:26
[ 1686347ms] TypeError: btnList.size is not a function
    at https://pr.seegenemedical.com/user/js/common.js?ver=20260415:230:26
[ 1688850ms] TypeError: btnList.size is not a function
    at https://pr.seegenemedical.com/user/js/common.js?ver=20260415:1609:26
[ 1689350ms] TypeError: btnList.size is not a function
    at https://pr.seegenemedical.com/user/js/common.js?ver=20260415:160:26
[ 1689350ms] TypeError: btnList.size is not a function
    at https://pr.seegenemedical.com/user/js/common.js?ver=20260415:230:26
[ 1692346ms] TypeError: btnList.size is not a function
    at https://pr.seegenemedical.com/user/js/common.js?ver=20260415:160:26
[ 1692347ms] TypeError: btnList.size is not a function
    at https://pr.seegenemedical.com/user/js/common.js?ver=20260415:230:26
[ 1694353ms] TypeError: btnList.size is not a function
    at https://pr.seegenemedical.com/user/js/common.js?ver=20260415:1609:26
[ 1695346ms] TypeError: btnList.size is not a function
    at https://pr.seegenemedical.com/user/js/common.js?ver=20260415:160:26
[ 1695346ms] TypeError: btnList.size is not a function
    at https://pr.seegenemedical.com/user/js/common.js?ver=20260415:230:26
[ 1698343ms] TypeError: btnList.size is not a function
    at https://pr.seegenemedical.com/user/js/common.js?ver=20260415:160:26
[ 1698344ms] TypeError: btnList.size is not a function
    at https://pr.seegenemedical.com/user/js/common.js?ver=20260415:230:26
[ 1699859ms] TypeError: btnList.size is not a function
    at https://pr.seegenemedical.com/user/js/common.js?ver=20260415:1609:26
[ 1701344ms] TypeError: btnList.size is not a function
    at https://pr.seegenemedical.com/user/js/common.js?ver=20260415:160:26
[ 1701345ms] TypeError: btnList.size is not a function
    at https://pr.seegenemedical.com/user/js/common.js?ver=20260415:230:26
[ 1704345ms] TypeError: btnList.size is not a function
    at https://pr.seegenemedical.com/user/js/common.js?ver=20260415:160:26
[ 1704345ms] TypeError: btnList.size is not a function
    at https://pr.seegenemedical.com/user/js/common.js?ver=20260415:230:26
[ 1705347ms] TypeError: btnList.size is not a function
    at https://pr.seegenemedical.com/user/js/common.js?ver=20260415:1609:26
[ 1707345ms] TypeError: btnList.size is not a function
    at https://pr.seegenemedical.com/user/js/common.js?ver=20260415:160:26
[ 1707345ms] TypeError: btnList.size is not a function
    at https://pr.seegenemedical.com/user/js/common.js?ver=20260415:230:26
[ 1710345ms] TypeError: btnList.size is not a function
    at https://pr.seegenemedical.com/user/js/common.js?ver=20260415:160:26
[ 1710345ms] TypeError: btnList.size is not a function
    at https://pr.seegenemedical.com/user/js/common.js?ver=20260415:230:26
[ 1710850ms] TypeError: btnList.size is not a function
    at https://pr.seegenemedical.com/user/js/common.js?ver=20260415:1609:26
[ 1713346ms] TypeError: btnList.size is not a function
    at https://pr.seegenemedical.com/user/js/common.js?ver=20260415:160:26
[ 1713347ms] TypeError: btnList.size is not a function
    at https://pr.seegenemedical.com/user/js/common.js?ver=20260415:230:26
[ 1716349ms] TypeError: btnList.size is not a function
    at https://pr.seegenemedical.com/user/js/common.js?ver=20260415:160:26
[ 1716349ms] TypeError: btnList.size is not a function
    at https://pr.seegenemedical.com/user/js/common.js?ver=20260415:230:26
[ 1716349ms] TypeError: btnList.size is not a function
    at https://pr.seegenemedical.com/user/js/common.js?ver=20260415:1609:26
[ 1719348ms] TypeError: btnList.size is not a function
    at https://pr.seegenemedical.com/user/js/common.js?ver=20260415:160:26
[ 1719348ms] TypeError: btnList.size is not a function
    at https://pr.seegenemedical.com/user/js/common.js?ver=20260415:230:26
[ 1721848ms] TypeError: btnList.size is not a function
    at https://pr.seegenemedical.com/user/js/common.js?ver=20260415:1609:26
[ 1722350ms] TypeError: btnList.size is not a function
    at https://pr.seegenemedical.com/user/js/common.js?ver=20260415:160:26
[ 1722350ms] TypeError: btnList.size is not a function
    at https://pr.seegenemedical.com/user/js/common.js?ver=20260415:230:26
[ 1725350ms] TypeError: btnList.size is not a function
    at https://pr.seegenemedical.com/user/js/common.js?ver=20260415:160:26
[ 1725350ms] TypeError: btnList.size is not a function
    at https://pr.seegenemedical.com/user/js/common.js?ver=20260415:230:26
[ 1727353ms] TypeError: btnList.size is not a function
    at https://pr.seegenemedical.com/user/js/common.js?ver=20260415:1609:26
[ 1728351ms] TypeError: btnList.size is not a function
    at https://pr.seegenemedical.com/user/js/common.js?ver=20260415:160:26
[ 1728351ms] TypeError: btnList.size is not a function
    at https://pr.seegenemedical.com/user/js/common.js?ver=20260415:230:26
[ 1731340ms] TypeError: btnList.size is not a function
    at https://pr.seegenemedical.com/user/js/common.js?ver=20260415:160:26
[ 1731345ms] TypeError: btnList.size is not a function
    at https://pr.seegenemedical.com/user/js/common.js?ver=20260415:230:26
[ 1732843ms] TypeError: btnList.size is not a function
    at https://pr.seegenemedical.com/user/js/common.js?ver=20260415:1609:26
[ 1734343ms] TypeError: btnList.size is not a function
    at https://pr.seegenemedical.com/user/js/common.js?ver=20260415:160:26
[ 1734343ms] TypeError: btnList.size is not a function
    at https://pr.seegenemedical.com/user/js/common.js?ver=20260415:230:26
[ 1737353ms] TypeError: btnList.size is not a function
    at https://pr.seegenemedical.com/user/js/common.js?ver=20260415:160:26
[ 1737353ms] TypeError: btnList.size is not a function
    at https://pr.seegenemedical.com/user/js/common.js?ver=20260415:230:26
[ 1738347ms] TypeError: btnList.size is not a function
    at https://pr.seegenemedical.com/user/js/common.js?ver=20260415:1609:26
[ 1740341ms] TypeError: btnList.size is not a function
    at https://pr.seegenemedical.com/user/js/common.js?ver=20260415:160:26
[ 1740341ms] TypeError: btnList.size is not a function
    at https://pr.seegenemedical.com/user/js/common.js?ver=20260415:230:26
[ 1743351ms] TypeError: btnList.size is not a function
    at https://pr.seegenemedical.com/user/js/common.js?ver=20260415:160:26
[ 1743352ms] TypeError: btnList.size is not a function
    at https://pr.seegenemedical.com/user/js/common.js?ver=20260415:230:26
[ 1743849ms] TypeError: btnList.size is not a function
    at https://pr.seegenemedical.com/user/js/common.js?ver=20260415:1609:26
[ 1746354ms] TypeError: btnList.size is not a function
    at https://pr.seegenemedical.com/user/js/common.js?ver=20260415:160:26
[ 1746354ms] TypeError: btnList.size is not a function
    at https://pr.seegenemedical.com/user/js/common.js?ver=20260415:230:26
[ 1749345ms] TypeError: btnList.size is not a function
    at https://pr.seegenemedical.com/user/js/common.js?ver=20260415:160:26
[ 1749345ms] TypeError: btnList.size is not a function
    at https://pr.seegenemedical.com/user/js/common.js?ver=20260415:230:26
[ 1749345ms] TypeError: btnList.size is not a function
    at https://pr.seegenemedical.com/user/js/common.js?ver=20260415:1609:26
[ 1752354ms] TypeError: btnList.size is not a function
    at https://pr.seegenemedical.com/user/js/common.js?ver=20260415:160:26
[ 1752354ms] TypeError: btnList.size is not a function
    at https://pr.seegenemedical.com/user/js/common.js?ver=20260415:230:26
[ 1754843ms] TypeError: btnList.size is not a function
    at https://pr.seegenemedical.com/user/js/common.js?ver=20260415:1609:26
[ 1755343ms] TypeError: btnList.size is not a function
    at https://pr.seegenemedical.com/user/js/common.js?ver=20260415:160:26
[ 1755343ms] TypeError: btnList.size is not a function
    at https://pr.seegenemedical.com/user/js/common.js?ver=20260415:230:26
[ 1758342ms] TypeError: btnList.size is not a function
    at https://pr.seegenemedical.com/user/js/common.js?ver=20260415:160:26
[ 1758342ms] TypeError: btnList.size is not a function
    at https://pr.seegenemedical.com/user/js/common.js?ver=20260415:230:26
[ 1760351ms] TypeError: btnList.size is not a function
    at https://pr.seegenemedical.com/user/js/common.js?ver=20260415:1609:26
[ 1761342ms] TypeError: btnList.size is not a function
    at https://pr.seegenemedical.com/user/js/common.js?ver=20260415:160:26
[ 1761343ms] TypeError: btnList.size is not a function
    at https://pr.seegenemedical.com/user/js/common.js?ver=20260415:230:26
[ 1764347ms] TypeError: btnList.size is not a function
    at https://pr.seegenemedical.com/user/js/common.js?ver=20260415:160:26
[ 1764347ms] TypeError: btnList.size is not a function
    at https://pr.seegenemedical.com/user/js/common.js?ver=20260415:230:26
[ 1765857ms] TypeError: btnList.size is not a function
    at https://pr.seegenemedical.com/user/js/common.js?ver=20260415:1609:26
[ 1767341ms] TypeError: btnList.size is not a function
    at https://pr.seegenemedical.com/user/js/common.js?ver=20260415:160:26
[ 1767341ms] TypeError: btnList.size is not a function
    at https://pr.seegenemedical.com/user/js/common.js?ver=20260415:230:26
[ 1770349ms] TypeError: btnList.size is not a function
    at https://pr.seegenemedical.com/user/js/common.js?ver=20260415:160:26
[ 1770349ms] TypeError: btnList.size is not a function
    at https://pr.seegenemedical.com/user/js/common.js?ver=20260415:230:26
[ 1771350ms] TypeError: btnList.size is not a function
    at https://pr.seegenemedical.com/user/js/common.js?ver=20260415:1609:26
[ 1773346ms] TypeError: btnList.size is not a function
    at https://pr.seegenemedical.com/user/js/common.js?ver=20260415:160:26
[ 1773346ms] TypeError: btnList.size is not a function
    at https://pr.seegenemedical.com/user/js/common.js?ver=20260415:230:26
[ 1776345ms] TypeError: btnList.size is not a function
    at https://pr.seegenemedical.com/user/js/common.js?ver=20260415:160:26
[ 1776345ms] TypeError: btnList.size is not a function
    at https://pr.seegenemedical.com/user/js/common.js?ver=20260415:230:26
[ 1776843ms] TypeError: btnList.size is not a function
    at https://pr.seegenemedical.com/user/js/common.js?ver=20260415:1609:26
[ 1779343ms] TypeError: btnList.size is not a function
    at https://pr.seegenemedical.com/user/js/common.js?ver=20260415:160:26
[ 1779344ms] TypeError: btnList.size is not a function
    at https://pr.seegenemedical.com/user/js/common.js?ver=20260415:230:26
[ 1782352ms] TypeError: btnList.size is not a function
    at https://pr.seegenemedical.com/user/js/common.js?ver=20260415:160:26
[ 1782353ms] TypeError: btnList.size is not a function
    at https://pr.seegenemedical.com/user/js/common.js?ver=20260415:230:26
[ 1782353ms] TypeError: btnList.size is not a function
    at https://pr.seegenemedical.com/user/js/common.js?ver=20260415:1609:26
[ 1785350ms] TypeError: btnList.size is not a function
    at https://pr.seegenemedical.com/user/js/common.js?ver=20260415:160:26
[ 1785351ms] TypeError: btnList.size is not a function
    at https://pr.seegenemedical.com/user/js/common.js?ver=20260415:230:26
[ 1787843ms] TypeError: btnList.size is not a function
    at https://pr.seegenemedical.com/user/js/common.js?ver=20260415:1609:26
[ 1788355ms] TypeError: btnList.size is not a function
    at https://pr.seegenemedical.com/user/js/common.js?ver=20260415:160:26
[ 1788355ms] TypeError: btnList.size is not a function
    at https://pr.seegenemedical.com/user/js/common.js?ver=20260415:230:26
[ 1791349ms] TypeError: btnList.size is not a function
    at https://pr.seegenemedical.com/user/js/common.js?ver=20260415:160:26
[ 1791349ms] TypeError: btnList.size is not a function
    at https://pr.seegenemedical.com/user/js/common.js?ver=20260415:230:26
[ 1793343ms] TypeError: btnList.size is not a function
    at https://pr.seegenemedical.com/user/js/common.js?ver=20260415:1609:26
[ 1794354ms] TypeError: btnList.size is not a function
    at https://pr.seegenemedical.com/user/js/common.js?ver=20260415:160:26
[ 1794354ms] TypeError: btnList.size is not a function
    at https://pr.seegenemedical.com/user/js/common.js?ver=20260415:230:26
[ 1797349ms] TypeError: btnList.size is not a function
    at https://pr.seegenemedical.com/user/js/common.js?ver=20260415:160:26
[ 1797350ms] TypeError: btnList.size is not a function
    at https://pr.seegenemedical.com/user/js/common.js?ver=20260415:230:26
[ 1798843ms] TypeError: btnList.size is not a function
    at https://pr.seegenemedical.com/user/js/common.js?ver=20260415:1609:26
[ 1800348ms] TypeError: btnList.size is not a function
    at https://pr.seegenemedical.com/user/js/common.js?ver=20260415:160:26
[ 1800349ms] TypeError: btnList.size is not a function
    at https://pr.seegenemedical.com/user/js/common.js?ver=20260415:230:26
[ 1803347ms] TypeError: btnList.size is not a function
    at https://pr.seegenemedical.com/user/js/common.js?ver=20260415:160:26
[ 1803348ms] TypeError: btnList.size is not a function
    at https://pr.seegenemedical.com/user/js/common.js?ver=20260415:230:26
[ 1804345ms] TypeError: btnList.size is not a function
    at https://pr.seegenemedical.com/user/js/common.js?ver=20260415:1609:26
[ 1806344ms] TypeError: btnList.size is not a function
    at https://pr.seegenemedical.com/user/js/common.js?ver=20260415:160:26
[ 1806345ms] TypeError: btnList.size is not a function
    at https://pr.seegenemedical.com/user/js/common.js?ver=20260415:230:26
[ 1809347ms] TypeError: btnList.size is not a function
    at https://pr.seegenemedical.com/user/js/common.js?ver=20260415:160:26
[ 1809347ms] TypeError: btnList.size is not a function
    at https://pr.seegenemedical.com/user/js/common.js?ver=20260415:230:26
[ 1809843ms] TypeError: btnList.size is not a function
    at https://pr.seegenemedical.com/user/js/common.js?ver=20260415:1609:26
[ 1812341ms] TypeError: btnList.size is not a function
    at https://pr.seegenemedical.com/user/js/common.js?ver=20260415:160:26
[ 1812342ms] TypeError: btnList.size is not a function
    at https://pr.seegenemedical.com/user/js/common.js?ver=20260415:230:26
[ 1815356ms] TypeError: btnList.size is not a function
    at https://pr.seegenemedical.com/user/js/common.js?ver=20260415:160:26
[ 1815357ms] TypeError: btnList.size is not a function
    at https://pr.seegenemedical.com/user/js/common.js?ver=20260415:230:26
[ 1815357ms] TypeError: btnList.size is not a function
    at https://pr.seegenemedical.com/user/js/common.js?ver=20260415:1609:26
[ 1818346ms] TypeError: btnList.size is not a function
    at https://pr.seegenemedical.com/user/js/common.js?ver=20260415:160:26
[ 1818346ms] TypeError: btnList.size is not a function
    at https://pr.seegenemedical.com/user/js/common.js?ver=20260415:230:26
[ 1820859ms] TypeError: btnList.size is not a function
    at https://pr.seegenemedical.com/user/js/common.js?ver=20260415:1609:26
[ 1821354ms] TypeError: btnList.size is not a function
    at https://pr.seegenemedical.com/user/js/common.js?ver=20260415:160:26
[ 1821354ms] TypeError: btnList.size is not a function
    at https://pr.seegenemedical.com/user/js/common.js?ver=20260415:230:26
[ 1824343ms] TypeError: btnList.size is not a function
    at https://pr.seegenemedical.com/user/js/common.js?ver=20260415:160:26
[ 1824343ms] TypeError: btnList.size is not a function
    at https://pr.seegenemedical.com/user/js/common.js?ver=20260415:230:26
[ 1826354ms] TypeError: btnList.size is not a function
    at https://pr.seegenemedical.com/user/js/common.js?ver=20260415:1609:26
[ 1827348ms] TypeError: btnList.size is not a function
    at https://pr.seegenemedical.com/user/js/common.js?ver=20260415:160:26
[ 1827349ms] TypeError: btnList.size is not a function
    at https://pr.seegenemedical.com/user/js/common.js?ver=20260415:230:26
[ 1830356ms] TypeError: btnList.size is not a function
    at https://pr.seegenemedical.com/user/js/common.js?ver=20260415:160:26
[ 1830357ms] TypeError: btnList.size is not a function
    at https://pr.seegenemedical.com/user/js/common.js?ver=20260415:230:26
[ 1831846ms] TypeError: btnList.size is not a function
    at https://pr.seegenemedical.com/user/js/common.js?ver=20260415:1609:26
[ 1833350ms] TypeError: btnList.size is not a function
    at https://pr.seegenemedical.com/user/js/common.js?ver=20260415:160:26
[ 1833351ms] TypeError: btnList.size is not a function
    at https://pr.seegenemedical.com/user/js/common.js?ver=20260415:230:26
[ 1836349ms] TypeError: btnList.size is not a function
    at https://pr.seegenemedical.com/user/js/common.js?ver=20260415:160:26
[ 1836349ms] TypeError: btnList.size is not a function
    at https://pr.seegenemedical.com/user/js/common.js?ver=20260415:230:26
[ 1837350ms] TypeError: btnList.size is not a function
    at https://pr.seegenemedical.com/user/js/common.js?ver=20260415:1609:26
[ 1839349ms] TypeError: btnList.size is not a function
    at https://pr.seegenemedical.com/user/js/common.js?ver=20260415:160:26
[ 1839349ms] TypeError: btnList.size is not a function
    at https://pr.seegenemedical.com/user/js/common.js?ver=20260415:230:26
[ 1842345ms] TypeError: btnList.size is not a function
    at https://pr.seegenemedical.com/user/js/common.js?ver=20260415:160:26
[ 1842345ms] TypeError: btnList.size is not a function
    at https://pr.seegenemedical.com/user/js/common.js?ver=20260415:230:26
[ 1842850ms] TypeError: btnList.size is not a function
    at https://pr.seegenemedical.com/user/js/common.js?ver=20260415:1609:26
[ 1845358ms] TypeError: btnList.size is not a function
    at https://pr.seegenemedical.com/user/js/common.js?ver=20260415:160:26
[ 1845358ms] TypeError: btnList.size is not a function
    at https://pr.seegenemedical.com/user/js/common.js?ver=20260415:230:26
[ 1848344ms] TypeError: btnList.size is not a function
    at https://pr.seegenemedical.com/user/js/common.js?ver=20260415:160:26
[ 1848345ms] TypeError: btnList.size is not a function
    at https://pr.seegenemedical.com/user/js/common.js?ver=20260415:230:26
[ 1848345ms] TypeError: btnList.size is not a function
    at https://pr.seegenemedical.com/user/js/common.js?ver=20260415:1609:26
[ 1851354ms] TypeError: btnList.size is not a function
    at https://pr.seegenemedical.com/user/js/common.js?ver=20260415:160:26
[ 1851354ms] TypeError: btnList.size is not a function
    at https://pr.seegenemedical.com/user/js/common.js?ver=20260415:230:26
[ 1853855ms] TypeError: btnList.size is not a function
    at https://pr.seegenemedical.com/user/js/common.js?ver=20260415:1609:26
[ 1854350ms] TypeError: btnList.size is not a function
    at https://pr.seegenemedical.com/user/js/common.js?ver=20260415:160:26
[ 1854350ms] TypeError: btnList.size is not a function
    at https://pr.seegenemedical.com/user/js/common.js?ver=20260415:230:26
[ 1857347ms] TypeError: btnList.size is not a function
    at https://pr.seegenemedical.com/user/js/common.js?ver=20260415:160:26
[ 1857347ms] TypeError: btnList.size is not a function
    at https://pr.seegenemedical.com/user/js/common.js?ver=20260415:230:26
[ 1859354ms] TypeError: btnList.size is not a function
    at https://pr.seegenemedical.com/user/js/common.js?ver=20260415:1609:26
[ 1860351ms] TypeError: btnList.size is not a function
    at https://pr.seegenemedical.com/user/js/common.js?ver=20260415:160:26
[ 1860351ms] TypeError: btnList.size is not a function
    at https://pr.seegenemedical.com/user/js/common.js?ver=20260415:230:26
[ 1863349ms] TypeError: btnList.size is not a function
    at https://pr.seegenemedical.com/user/js/common.js?ver=20260415:160:26
[ 1863349ms] TypeError: btnList.size is not a function
    at https://pr.seegenemedical.com/user/js/common.js?ver=20260415:230:26
[ 1864852ms] TypeError: btnList.size is not a function
    at https://pr.seegenemedical.com/user/js/common.js?ver=20260415:1609:26
[ 1866349ms] TypeError: btnList.size is not a function
    at https://pr.seegenemedical.com/user/js/common.js?ver=20260415:160:26
[ 1866350ms] TypeError: btnList.size is not a function
    at https://pr.seegenemedical.com/user/js/common.js?ver=20260415:230:26
[ 1869349ms] TypeError: btnList.size is not a function
    at https://pr.seegenemedical.com/user/js/common.js?ver=20260415:160:26
[ 1869350ms] TypeError: btnList.size is not a function
    at https://pr.seegenemedical.com/user/js/common.js?ver=20260415:230:26
[ 1870351ms] TypeError: btnList.size is not a function
    at https://pr.seegenemedical.com/user/js/common.js?ver=20260415:1609:26
[ 1872351ms] TypeError: btnList.size is not a function
    at https://pr.seegenemedical.com/user/js/common.js?ver=20260415:160:26
[ 1872352ms] TypeError: btnList.size is not a function
    at https://pr.seegenemedical.com/user/js/common.js?ver=20260415:230:26
[ 1875347ms] TypeError: btnList.size is not a function
    at https://pr.seegenemedical.com/user/js/common.js?ver=20260415:160:26
[ 1875347ms] TypeError: btnList.size is not a function
    at https://pr.seegenemedical.com/user/js/common.js?ver=20260415:230:26
[ 1875851ms] TypeError: btnList.size is not a function
    at https://pr.seegenemedical.com/user/js/common.js?ver=20260415:1609:26
[ 1878350ms] TypeError: btnList.size is not a function
    at https://pr.seegenemedical.com/user/js/common.js?ver=20260415:160:26
[ 1878350ms] TypeError: btnList.size is not a function
    at https://pr.seegenemedical.com/user/js/common.js?ver=20260415:230:26
[ 1881353ms] TypeError: btnList.size is not a function
    at https://pr.seegenemedical.com/user/js/common.js?ver=20260415:160:26
[ 1881353ms] TypeError: btnList.size is not a function
    at https://pr.seegenemedical.com/user/js/common.js?ver=20260415:230:26
[ 1881353ms] TypeError: btnList.size is not a function
    at https://pr.seegenemedical.com/user/js/common.js?ver=20260415:1609:26
[ 1884344ms] TypeError: btnList.size is not a function
    at https://pr.seegenemedical.com/user/js/common.js?ver=20260415:160:26
[ 1884345ms] TypeError: btnList.size is not a function
    at https://pr.seegenemedical.com/user/js/common.js?ver=20260415:230:26
[ 1886846ms] TypeError: btnList.size is not a function
    at https://pr.seegenemedical.com/user/js/common.js?ver=20260415:1609:26
[ 1887342ms] TypeError: btnList.size is not a function
    at https://pr.seegenemedical.com/user/js/common.js?ver=20260415:160:26
[ 1887342ms] TypeError: btnList.size is not a function
    at https://pr.seegenemedical.com/user/js/common.js?ver=20260415:230:26
[ 1890355ms] TypeError: btnList.size is not a function
    at https://pr.seegenemedical.com/user/js/common.js?ver=20260415:160:26
[ 1890355ms] TypeError: btnList.size is not a function
    at https://pr.seegenemedical.com/user/js/common.js?ver=20260415:230:26
[ 1892346ms] TypeError: btnList.size is not a function
    at https://pr.seegenemedical.com/user/js/common.js?ver=20260415:1609:26
[ 1893350ms] TypeError: btnList.size is not a function
    at https://pr.seegenemedical.com/user/js/common.js?ver=20260415:160:26
[ 1893350ms] TypeError: btnList.size is not a function
    at https://pr.seegenemedical.com/user/js/common.js?ver=20260415:230:26
[ 1896352ms] TypeError: btnList.size is not a function
    at https://pr.seegenemedical.com/user/js/common.js?ver=20260415:160:26
[ 1896352ms] TypeError: btnList.size is not a function
    at https://pr.seegenemedical.com/user/js/common.js?ver=20260415:230:26
[ 1897847ms] TypeError: btnList.size is not a function
    at https://pr.seegenemedical.com/user/js/common.js?ver=20260415:1609:26
[ 1899350ms] TypeError: btnList.size is not a function
    at https://pr.seegenemedical.com/user/js/common.js?ver=20260415:160:26
[ 1899351ms] TypeError: btnList.size is not a function
    at https://pr.seegenemedical.com/user/js/common.js?ver=20260415:230:26
[ 1902353ms] TypeError: btnList.size is not a function
    at https://pr.seegenemedical.com/user/js/common.js?ver=20260415:160:26
[ 1902354ms] TypeError: btnList.size is not a function
    at https://pr.seegenemedical.com/user/js/common.js?ver=20260415:230:26
[ 1903352ms] TypeError: btnList.size is not a function
    at https://pr.seegenemedical.com/user/js/common.js?ver=20260415:1609:26
[ 1905349ms] TypeError: btnList.size is not a function
    at https://pr.seegenemedical.com/user/js/common.js?ver=20260415:160:26
[ 1905350ms] TypeError: btnList.size is not a function
    at https://pr.seegenemedical.com/user/js/common.js?ver=20260415:230:26
[ 1908356ms] TypeError: btnList.size is not a function
    at https://pr.seegenemedical.com/user/js/common.js?ver=20260415:160:26
[ 1908357ms] TypeError: btnList.size is not a function
    at https://pr.seegenemedical.com/user/js/common.js?ver=20260415:230:26
[ 1908843ms] TypeError: btnList.size is not a function
    at https://pr.seegenemedical.com/user/js/common.js?ver=20260415:1609:26
[ 1911350ms] TypeError: btnList.size is not a function
    at https://pr.seegenemedical.com/user/js/common.js?ver=20260415:160:26
[ 1911351ms] TypeError: btnList.size is not a function
    at https://pr.seegenemedical.com/user/js/common.js?ver=20260415:230:26
[ 1914349ms] TypeError: btnList.size is not a function
    at https://pr.seegenemedical.com/user/js/common.js?ver=20260415:160:26
[ 1914349ms] TypeError: btnList.size is not a function
    at https://pr.seegenemedical.com/user/js/common.js?ver=20260415:230:26
[ 1914350ms] TypeError: btnList.size is not a function
    at https://pr.seegenemedical.com/user/js/common.js?ver=20260415:1609:26
[ 1917342ms] TypeError: btnList.size is not a function
    at https://pr.seegenemedical.com/user/js/common.js?ver=20260415:160:26
[ 1917342ms] TypeError: btnList.size is not a function
    at https://pr.seegenemedical.com/user/js/common.js?ver=20260415:230:26
[ 1919854ms] TypeError: btnList.size is not a function
    at https://pr.seegenemedical.com/user/js/common.js?ver=20260415:1609:26
[ 1920347ms] TypeError: btnList.size is not a function
    at https://pr.seegenemedical.com/user/js/common.js?ver=20260415:160:26
[ 1920347ms] TypeError: btnList.size is not a function
    at https://pr.seegenemedical.com/user/js/common.js?ver=20260415:230:26
[ 1923349ms] TypeError: btnList.size is not a function
    at https://pr.seegenemedical.com/user/js/common.js?ver=20260415:160:26
[ 1923349ms] TypeError: btnList.size is not a function
    at https://pr.seegenemedical.com/user/js/common.js?ver=20260415:230:26
[ 1925351ms] TypeError: btnList.size is not a function
    at https://pr.seegenemedical.com/user/js/common.js?ver=20260415:1609:26
[ 1926345ms] TypeError: btnList.size is not a function
    at https://pr.seegenemedical.com/user/js/common.js?ver=20260415:160:26
[ 1926345ms] TypeError: btnList.size is not a function
    at https://pr.seegenemedical.com/user/js/common.js?ver=20260415:230:26
[ 1929345ms] TypeError: btnList.size is not a function
    at https://pr.seegenemedical.com/user/js/common.js?ver=20260415:160:26
[ 1929346ms] TypeError: btnList.size is not a function
    at https://pr.seegenemedical.com/user/js/common.js?ver=20260415:230:26
[ 1930849ms] TypeError: btnList.size is not a function
    at https://pr.seegenemedical.com/user/js/common.js?ver=20260415:1609:26
[ 1932342ms] TypeError: btnList.size is not a function
    at https://pr.seegenemedical.com/user/js/common.js?ver=20260415:160:26
[ 1932347ms] TypeError: btnList.size is not a function
    at https://pr.seegenemedical.com/user/js/common.js?ver=20260415:230:26
[ 1935347ms] TypeError: btnList.size is not a function
    at https://pr.seegenemedical.com/user/js/common.js?ver=20260415:160:26
[ 1935347ms] TypeError: btnList.size is not a function
    at https://pr.seegenemedical.com/user/js/common.js?ver=20260415:230:26
[ 1936350ms] TypeError: btnList.size is not a function
    at https://pr.seegenemedical.com/user/js/common.js?ver=20260415:1609:26
[ 1938342ms] TypeError: btnList.size is not a function
    at https://pr.seegenemedical.com/user/js/common.js?ver=20260415:160:26
[ 1938343ms] TypeError: btnList.size is not a function
    at https://pr.seegenemedical.com/user/js/common.js?ver=20260415:230:26
[ 1941343ms] TypeError: btnList.size is not a function
    at https://pr.seegenemedical.com/user/js/common.js?ver=20260415:160:26
[ 1941344ms] TypeError: btnList.size is not a function
    at https://pr.seegenemedical.com/user/js/common.js?ver=20260415:230:26
[ 1941843ms] TypeError: btnList.size is not a function
    at https://pr.seegenemedical.com/user/js/common.js?ver=20260415:1609:26
[ 1944345ms] TypeError: btnList.size is not a function
    at https://pr.seegenemedical.com/user/js/common.js?ver=20260415:160:26
[ 1944345ms] TypeError: btnList.size is not a function
    at https://pr.seegenemedical.com/user/js/common.js?ver=20260415:230:26
[ 1947352ms] TypeError: btnList.size is not a function
    at https://pr.seegenemedical.com/user/js/common.js?ver=20260415:160:26
[ 1947352ms] TypeError: btnList.size is not a function
    at https://pr.seegenemedical.com/user/js/common.js?ver=20260415:230:26
[ 1947352ms] TypeError: btnList.size is not a function
    at https://pr.seegenemedical.com/user/js/common.js?ver=20260415:1609:26
[ 1950352ms] TypeError: btnList.size is not a function
    at https://pr.seegenemedical.com/user/js/common.js?ver=20260415:160:26
[ 1950352ms] TypeError: btnList.size is not a function
    at https://pr.seegenemedical.com/user/js/common.js?ver=20260415:230:26
[ 1952851ms] TypeError: btnList.size is not a function
    at https://pr.seegenemedical.com/user/js/common.js?ver=20260415:1609:26
[ 1953344ms] TypeError: btnList.size is not a function
    at https://pr.seegenemedical.com/user/js/common.js?ver=20260415:160:26
[ 1953344ms] TypeError: btnList.size is not a function
    at https://pr.seegenemedical.com/user/js/common.js?ver=20260415:230:26
[ 1956350ms] TypeError: btnList.size is not a function
    at https://pr.seegenemedical.com/user/js/common.js?ver=20260415:160:26
[ 1956350ms] TypeError: btnList.size is not a function
    at https://pr.seegenemedical.com/user/js/common.js?ver=20260415:230:26
[ 1958349ms] TypeError: btnList.size is not a function
    at https://pr.seegenemedical.com/user/js/common.js?ver=20260415:1609:26
[ 1959349ms] TypeError: btnList.size is not a function
    at https://pr.seegenemedical.com/user/js/common.js?ver=20260415:160:26
[ 1959350ms] TypeError: btnList.size is not a function
    at https://pr.seegenemedical.com/user/js/common.js?ver=20260415:230:26
[ 1962349ms] TypeError: btnList.size is not a function
    at https://pr.seegenemedical.com/user/js/common.js?ver=20260415:160:26
[ 1962350ms] TypeError: btnList.size is not a function
    at https://pr.seegenemedical.com/user/js/common.js?ver=20260415:230:26
[ 1963844ms] TypeError: btnList.size is not a function
    at https://pr.seegenemedical.com/user/js/common.js?ver=20260415:1609:26
[ 1965344ms] TypeError: btnList.size is not a function
    at https://pr.seegenemedical.com/user/js/common.js?ver=20260415:160:26
[ 1965345ms] TypeError: btnList.size is not a function
    at https://pr.seegenemedical.com/user/js/common.js?ver=20260415:230:26
[ 1968351ms] TypeError: btnList.size is not a function
    at https://pr.seegenemedical.com/user/js/common.js?ver=20260415:160:26
[ 1968351ms] TypeError: btnList.size is not a function
    at https://pr.seegenemedical.com/user/js/common.js?ver=20260415:230:26
[ 1969353ms] TypeError: btnList.size is not a function
    at https://pr.seegenemedical.com/user/js/common.js?ver=20260415:1609:26
[ 1971349ms] TypeError: btnList.size is not a function
    at https://pr.seegenemedical.com/user/js/common.js?ver=20260415:160:26
[ 1971349ms] TypeError: btnList.size is not a function
    at https://pr.seegenemedical.com/user/js/common.js?ver=20260415:230:26
[ 1974340ms] TypeError: btnList.size is not a function
    at https://pr.seegenemedical.com/user/js/common.js?ver=20260415:160:26
[ 1974340ms] TypeError: btnList.size is not a function
    at https://pr.seegenemedical.com/user/js/common.js?ver=20260415:230:26
[ 1974847ms] TypeError: btnList.size is not a function
    at https://pr.seegenemedical.com/user/js/common.js?ver=20260415:1609:26
[ 1977341ms] TypeError: btnList.size is not a function
    at https://pr.seegenemedical.com/user/js/common.js?ver=20260415:160:26
[ 1977341ms] TypeError: btnList.size is not a function
    at https://pr.seegenemedical.com/user/js/common.js?ver=20260415:230:26
[ 1980348ms] TypeError: btnList.size is not a function
    at https://pr.seegenemedical.com/user/js/common.js?ver=20260415:160:26
[ 1980348ms] TypeError: btnList.size is not a function
    at https://pr.seegenemedical.com/user/js/common.js?ver=20260415:230:26
[ 1980348ms] TypeError: btnList.size is not a function
    at https://pr.seegenemedical.com/user/js/common.js?ver=20260415:1609:26
[ 1983347ms] TypeError: btnList.size is not a function
    at https://pr.seegenemedical.com/user/js/common.js?ver=20260415:160:26
[ 1983348ms] TypeError: btnList.size is not a function
    at https://pr.seegenemedical.com/user/js/common.js?ver=20260415:230:26
[ 1985850ms] TypeError: btnList.size is not a function
    at https://pr.seegenemedical.com/user/js/common.js?ver=20260415:1609:26
[ 1986349ms] TypeError: btnList.size is not a function
    at https://pr.seegenemedical.com/user/js/common.js?ver=20260415:160:26
[ 1986349ms] TypeError: btnList.size is not a function
    at https://pr.seegenemedical.com/user/js/common.js?ver=20260415:230:26
[ 1989343ms] TypeError: btnList.size is not a function
    at https://pr.seegenemedical.com/user/js/common.js?ver=20260415:160:26
[ 1989344ms] TypeError: btnList.size is not a function
    at https://pr.seegenemedical.com/user/js/common.js?ver=20260415:230:26
[ 1991350ms] TypeError: btnList.size is not a function
    at https://pr.seegenemedical.com/user/js/common.js?ver=20260415:1609:26
[ 1992345ms] TypeError: btnList.size is not a function
    at https://pr.seegenemedical.com/user/js/common.js?ver=20260415:160:26
[ 1992346ms] TypeError: btnList.size is not a function
    at https://pr.seegenemedical.com/user/js/common.js?ver=20260415:230:26
[ 1995346ms] TypeError: btnList.size is not a function
    at https://pr.seegenemedical.com/user/js/common.js?ver=20260415:160:26
[ 1995346ms] TypeError: btnList.size is not a function
    at https://pr.seegenemedical.com/user/js/common.js?ver=20260415:230:26
[ 1996850ms] TypeError: btnList.size is not a function
    at https://pr.seegenemedical.com/user/js/common.js?ver=20260415:1609:26
[ 1998347ms] TypeError: btnList.size is not a function
    at https://pr.seegenemedical.com/user/js/common.js?ver=20260415:160:26
[ 1998348ms] TypeError: btnList.size is not a function
    at https://pr.seegenemedical.com/user/js/common.js?ver=20260415:230:26
[ 2001349ms] TypeError: btnList.size is not a function
    at https://pr.seegenemedical.com/user/js/common.js?ver=20260415:160:26
[ 2001350ms] TypeError: btnList.size is not a function
    at https://pr.seegenemedical.com/user/js/common.js?ver=20260415:230:26
[ 2002351ms] TypeError: btnList.size is not a function
    at https://pr.seegenemedical.com/user/js/common.js?ver=20260415:1609:26
[ 2004350ms] TypeError: btnList.size is not a function
    at https://pr.seegenemedical.com/user/js/common.js?ver=20260415:160:26
[ 2004350ms] TypeError: btnList.size is not a function
    at https://pr.seegenemedical.com/user/js/common.js?ver=20260415:230:26
[ 2007347ms] TypeError: btnList.size is not a function
    at https://pr.seegenemedical.com/user/js/common.js?ver=20260415:160:26
[ 2007347ms] TypeError: btnList.size is not a function
    at https://pr.seegenemedical.com/user/js/common.js?ver=20260415:230:26
[ 2007844ms] TypeError: btnList.size is not a function
    at https://pr.seegenemedical.com/user/js/common.js?ver=20260415:1609:26
[ 2010347ms] TypeError: btnList.size is not a function
    at https://pr.seegenemedical.com/user/js/common.js?ver=20260415:160:26
[ 2010347ms] TypeError: btnList.size is not a function
    at https://pr.seegenemedical.com/user/js/common.js?ver=20260415:230:26
[ 2013343ms] TypeError: btnList.size is not a function
    at https://pr.seegenemedical.com/user/js/common.js?ver=20260415:160:26
[ 2013344ms] TypeError: btnList.size is not a function
    at https://pr.seegenemedical.com/user/js/common.js?ver=20260415:230:26
[ 2013344ms] TypeError: btnList.size is not a function
    at https://pr.seegenemedical.com/user/js/common.js?ver=20260415:1609:26
[ 2016347ms] TypeError: btnList.size is not a function
    at https://pr.seegenemedical.com/user/js/common.js?ver=20260415:160:26
[ 2016348ms] TypeError: btnList.size is not a function
    at https://pr.seegenemedical.com/user/js/common.js?ver=20260415:230:26
[ 2018845ms] TypeError: btnList.size is not a function
    at https://pr.seegenemedical.com/user/js/common.js?ver=20260415:1609:26
[ 2019348ms] TypeError: btnList.size is not a function
    at https://pr.seegenemedical.com/user/js/common.js?ver=20260415:160:26
[ 2019348ms] TypeError: btnList.size is not a function
    at https://pr.seegenemedical.com/user/js/common.js?ver=20260415:230:26
[ 2022353ms] TypeError: btnList.size is not a function
    at https://pr.seegenemedical.com/user/js/common.js?ver=20260415:160:26
[ 2022354ms] TypeError: btnList.size is not a function
    at https://pr.seegenemedical.com/user/js/common.js?ver=20260415:230:26
[ 2024343ms] TypeError: btnList.size is not a function
    at https://pr.seegenemedical.com/user/js/common.js?ver=20260415:1609:26
[ 2025343ms] TypeError: btnList.size is not a function
    at https://pr.seegenemedical.com/user/js/common.js?ver=20260415:160:26
[ 2025343ms] TypeError: btnList.size is not a function
    at https://pr.seegenemedical.com/user/js/common.js?ver=20260415:230:26
[ 2028342ms] TypeError: btnList.size is not a function
    at https://pr.seegenemedical.com/user/js/common.js?ver=20260415:160:26
[ 2028342ms] TypeError: btnList.size is not a function
    at https://pr.seegenemedical.com/user/js/common.js?ver=20260415:230:26
[ 2029844ms] TypeError: btnList.size is not a function
    at https://pr.seegenemedical.com/user/js/common.js?ver=20260415:1609:26
[ 2031343ms] TypeError: btnList.size is not a function
    at https://pr.seegenemedical.com/user/js/common.js?ver=20260415:160:26
[ 2031344ms] TypeError: btnList.size is not a function
    at https://pr.seegenemedical.com/user/js/common.js?ver=20260415:230:26
[ 2034358ms] TypeError: btnList.size is not a function
    at https://pr.seegenemedical.com/user/js/common.js?ver=20260415:160:26
[ 2034358ms] TypeError: btnList.size is not a function
    at https://pr.seegenemedical.com/user/js/common.js?ver=20260415:230:26
[ 2035349ms] TypeError: btnList.size is not a function
    at https://pr.seegenemedical.com/user/js/common.js?ver=20260415:1609:26
[ 2037347ms] TypeError: btnList.size is not a function
    at https://pr.seegenemedical.com/user/js/common.js?ver=20260415:160:26
[ 2037347ms] TypeError: btnList.size is not a function
    at https://pr.seegenemedical.com/user/js/common.js?ver=20260415:230:26
[ 2040351ms] TypeError: btnList.size is not a function
    at https://pr.seegenemedical.com/user/js/common.js?ver=20260415:160:26
[ 2040351ms] TypeError: btnList.size is not a function
    at https://pr.seegenemedical.com/user/js/common.js?ver=20260415:230:26
[ 2040843ms] TypeError: btnList.size is not a function
    at https://pr.seegenemedical.com/user/js/common.js?ver=20260415:1609:26
[ 2043350ms] TypeError: btnList.size is not a function
    at https://pr.seegenemedical.com/user/js/common.js?ver=20260415:160:26
[ 2043350ms] TypeError: btnList.size is not a function
    at https://pr.seegenemedical.com/user/js/common.js?ver=20260415:230:26
[ 2046350ms] TypeError: btnList.size is not a function
    at https://pr.seegenemedical.com/user/js/common.js?ver=20260415:160:26
[ 2046350ms] TypeError: btnList.size is not a function
    at https://pr.seegenemedical.com/user/js/common.js?ver=20260415:230:26
[ 2046350ms] TypeError: btnList.size is not a function
    at https://pr.seegenemedical.com/user/js/common.js?ver=20260415:1609:26
[ 2049349ms] TypeError: btnList.size is not a function
    at https://pr.seegenemedical.com/user/js/common.js?ver=20260415:160:26
[ 2049350ms] TypeError: btnList.size is not a function
    at https://pr.seegenemedical.com/user/js/common.js?ver=20260415:230:26
[ 2051851ms] TypeError: btnList.size is not a function
    at https://pr.seegenemedical.com/user/js/common.js?ver=20260415:1609:26
[ 2052343ms] TypeError: btnList.size is not a function
    at https://pr.seegenemedical.com/user/js/common.js?ver=20260415:160:26
[ 2052343ms] TypeError: btnList.size is not a function
    at https://pr.seegenemedical.com/user/js/common.js?ver=20260415:230:26
[ 2055350ms] TypeError: btnList.size is not a function
    at https://pr.seegenemedical.com/user/js/common.js?ver=20260415:160:26
[ 2055350ms] TypeError: btnList.size is not a function
    at https://pr.seegenemedical.com/user/js/common.js?ver=20260415:230:26
[ 2057351ms] TypeError: btnList.size is not a function
    at https://pr.seegenemedical.com/user/js/common.js?ver=20260415:1609:26
[ 2058343ms] TypeError: btnList.size is not a function
    at https://pr.seegenemedical.com/user/js/common.js?ver=20260415:160:26
[ 2058344ms] TypeError: btnList.size is not a function
    at https://pr.seegenemedical.com/user/js/common.js?ver=20260415:230:26
[ 2061346ms] TypeError: btnList.size is not a function
    at https://pr.seegenemedical.com/user/js/common.js?ver=20260415:160:26
[ 2061346ms] TypeError: btnList.size is not a function
    at https://pr.seegenemedical.com/user/js/common.js?ver=20260415:230:26
[ 2062845ms] TypeError: btnList.size is not a function
    at https://pr.seegenemedical.com/user/js/common.js?ver=20260415:1609:26
[ 2064350ms] TypeError: btnList.size is not a function
    at https://pr.seegenemedical.com/user/js/common.js?ver=20260415:160:26
[ 2064351ms] TypeError: btnList.size is not a function
    at https://pr.seegenemedical.com/user/js/common.js?ver=20260415:230:26
[ 2067352ms] TypeError: btnList.size is not a function
    at https://pr.seegenemedical.com/user/js/common.js?ver=20260415:160:26
[ 2067352ms] TypeError: btnList.size is not a function
    at https://pr.seegenemedical.com/user/js/common.js?ver=20260415:230:26
[ 2068356ms] TypeError: btnList.size is not a function
    at https://pr.seegenemedical.com/user/js/common.js?ver=20260415:1609:26
[ 2070343ms] TypeError: btnList.size is not a function
    at https://pr.seegenemedical.com/user/js/common.js?ver=20260415:160:26
[ 2070343ms] TypeError: btnList.size is not a function
    at https://pr.seegenemedical.com/user/js/common.js?ver=20260415:230:26
[ 2073351ms] TypeError: btnList.size is not a function
    at https://pr.seegenemedical.com/user/js/common.js?ver=20260415:160:26
[ 2073351ms] TypeError: btnList.size is not a function
    at https://pr.seegenemedical.com/user/js/common.js?ver=20260415:230:26
[ 2073844ms] TypeError: btnList.size is not a function
    at https://pr.seegenemedical.com/user/js/common.js?ver=20260415:1609:26
[ 2076354ms] TypeError: btnList.size is not a function
    at https://pr.seegenemedical.com/user/js/common.js?ver=20260415:160:26
[ 2076354ms] TypeError: btnList.size is not a function
    at https://pr.seegenemedical.com/user/js/common.js?ver=20260415:230:26
[ 2079350ms] TypeError: btnList.size is not a function
    at https://pr.seegenemedical.com/user/js/common.js?ver=20260415:160:26
[ 2079351ms] TypeError: btnList.size is not a function
    at https://pr.seegenemedical.com/user/js/common.js?ver=20260415:230:26
[ 2079351ms] TypeError: btnList.size is not a function
    at https://pr.seegenemedical.com/user/js/common.js?ver=20260415:1609:26
[ 2082348ms] TypeError: btnList.size is not a function
    at https://pr.seegenemedical.com/user/js/common.js?ver=20260415:160:26
[ 2082348ms] TypeError: btnList.size is not a function
    at https://pr.seegenemedical.com/user/js/common.js?ver=20260415:230:26
[ 2084847ms] TypeError: btnList.size is not a function
    at https://pr.seegenemedical.com/user/js/common.js?ver=20260415:1609:26
[ 2085352ms] TypeError: btnList.size is not a function
    at https://pr.seegenemedical.com/user/js/common.js?ver=20260415:160:26
[ 2085353ms] TypeError: btnList.size is not a function
    at https://pr.seegenemedical.com/user/js/common.js?ver=20260415:230:26
[ 2088350ms] TypeError: btnList.size is not a function
    at https://pr.seegenemedical.com/user/js/common.js?ver=20260415:160:26
[ 2088350ms] TypeError: btnList.size is not a function
    at https://pr.seegenemedical.com/user/js/common.js?ver=20260415:230:26
[ 2090352ms] TypeError: btnList.size is not a function
    at https://pr.seegenemedical.com/user/js/common.js?ver=20260415:1609:26
[ 2091345ms] TypeError: btnList.size is not a function
    at https://pr.seegenemedical.com/user/js/common.js?ver=20260415:160:26
[ 2091345ms] TypeError: btnList.size is not a function
    at https://pr.seegenemedical.com/user/js/common.js?ver=20260415:230:26
[ 2094343ms] TypeError: btnList.size is not a function
    at https://pr.seegenemedical.com/user/js/common.js?ver=20260415:160:26
[ 2094343ms] TypeError: btnList.size is not a function
    at https://pr.seegenemedical.com/user/js/common.js?ver=20260415:230:26
[ 2095850ms] TypeError: btnList.size is not a function
    at https://pr.seegenemedical.com/user/js/common.js?ver=20260415:1609:26
[ 2097351ms] TypeError: btnList.size is not a function
    at https://pr.seegenemedical.com/user/js/common.js?ver=20260415:160:26
[ 2097351ms] TypeError: btnList.size is not a function
    at https://pr.seegenemedical.com/user/js/common.js?ver=20260415:230:26
[ 2100350ms] TypeError: btnList.size is not a function
    at https://pr.seegenemedical.com/user/js/common.js?ver=20260415:160:26
[ 2100351ms] TypeError: btnList.size is not a function
    at https://pr.seegenemedical.com/user/js/common.js?ver=20260415:230:26
[ 2101352ms] TypeError: btnList.size is not a function
    at https://pr.seegenemedical.com/user/js/common.js?ver=20260415:1609:26
[ 2103346ms] TypeError: btnList.size is not a function
    at https://pr.seegenemedical.com/user/js/common.js?ver=20260415:160:26
[ 2103346ms] TypeError: btnList.size is not a function
    at https://pr.seegenemedical.com/user/js/common.js?ver=20260415:230:26
[ 2106351ms] TypeError: btnList.size is not a function
    at https://pr.seegenemedical.com/user/js/common.js?ver=20260415:160:26
[ 2106352ms] TypeError: btnList.size is not a function
    at https://pr.seegenemedical.com/user/js/common.js?ver=20260415:230:26
[ 2106851ms] TypeError: btnList.size is not a function
    at https://pr.seegenemedical.com/user/js/common.js?ver=20260415:1609:26
[ 2109346ms] TypeError: btnList.size is not a function
    at https://pr.seegenemedical.com/user/js/common.js?ver=20260415:160:26
[ 2109346ms] TypeError: btnList.size is not a function
    at https://pr.seegenemedical.com/user/js/common.js?ver=20260415:230:26
[ 2112350ms] TypeError: btnList.size is not a function
    at https://pr.seegenemedical.com/user/js/common.js?ver=20260415:160:26
[ 2112351ms] TypeError: btnList.size is not a function
    at https://pr.seegenemedical.com/user/js/common.js?ver=20260415:230:26
[ 2112351ms] TypeError: btnList.size is not a function
    at https://pr.seegenemedical.com/user/js/common.js?ver=20260415:1609:26
[ 2115348ms] TypeError: btnList.size is not a function
    at https://pr.seegenemedical.com/user/js/common.js?ver=20260415:160:26
[ 2115348ms] TypeError: btnList.size is not a function
    at https://pr.seegenemedical.com/user/js/common.js?ver=20260415:230:26
[ 2117850ms] TypeError: btnList.size is not a function
    at https://pr.seegenemedical.com/user/js/common.js?ver=20260415:1609:26
[ 2118347ms] TypeError: btnList.size is not a function
    at https://pr.seegenemedical.com/user/js/common.js?ver=20260415:160:26
[ 2118348ms] TypeError: btnList.size is not a function
    at https://pr.seegenemedical.com/user/js/common.js?ver=20260415:230:26
[ 2121348ms] TypeError: btnList.size is not a function
    at https://pr.seegenemedical.com/user/js/common.js?ver=20260415:160:26
[ 2121349ms] TypeError: btnList.size is not a function
    at https://pr.seegenemedical.com/user/js/common.js?ver=20260415:230:26
[ 2123344ms] TypeError: btnList.size is not a function
    at https://pr.seegenemedical.com/user/js/common.js?ver=20260415:1609:26
[ 2124349ms] TypeError: btnList.size is not a function
    at https://pr.seegenemedical.com/user/js/common.js?ver=20260415:160:26
[ 2124349ms] TypeError: btnList.size is not a function
    at https://pr.seegenemedical.com/user/js/common.js?ver=20260415:230:26
[ 2127346ms] TypeError: btnList.size is not a function
    at https://pr.seegenemedical.com/user/js/common.js?ver=20260415:160:26
[ 2127346ms] TypeError: btnList.size is not a function
    at https://pr.seegenemedical.com/user/js/common.js?ver=20260415:230:26
[ 2128861ms] TypeError: btnList.size is not a function
    at https://pr.seegenemedical.com/user/js/common.js?ver=20260415:1609:26
[ 2130349ms] TypeError: btnList.size is not a function
    at https://pr.seegenemedical.com/user/js/common.js?ver=20260415:160:26
[ 2130349ms] TypeError: btnList.size is not a function
    at https://pr.seegenemedical.com/user/js/common.js?ver=20260415:230:26
[ 2133344ms] TypeError: btnList.size is not a function
    at https://pr.seegenemedical.com/user/js/common.js?ver=20260415:160:26
[ 2133344ms] TypeError: btnList.size is not a function
    at https://pr.seegenemedical.com/user/js/common.js?ver=20260415:230:26
[ 2134352ms] TypeError: btnList.size is not a function
    at https://pr.seegenemedical.com/user/js/common.js?ver=20260415:1609:26
[ 2136351ms] TypeError: btnList.size is not a function
    at https://pr.seegenemedical.com/user/js/common.js?ver=20260415:160:26
[ 2136351ms] TypeError: btnList.size is not a function
    at https://pr.seegenemedical.com/user/js/common.js?ver=20260415:230:26
[ 2139347ms] TypeError: btnList.size is not a function
    at https://pr.seegenemedical.com/user/js/common.js?ver=20260415:160:26
[ 2139348ms] TypeError: btnList.size is not a function
    at https://pr.seegenemedical.com/user/js/common.js?ver=20260415:230:26
[ 2139850ms] TypeError: btnList.size is not a function
    at https://pr.seegenemedical.com/user/js/common.js?ver=20260415:1609:26
[ 2142351ms] TypeError: btnList.size is not a function
    at https://pr.seegenemedical.com/user/js/common.js?ver=20260415:160:26
[ 2142351ms] TypeError: btnList.size is not a function
    at https://pr.seegenemedical.com/user/js/common.js?ver=20260415:230:26
[ 2145346ms] TypeError: btnList.size is not a function
    at https://pr.seegenemedical.com/user/js/common.js?ver=20260415:160:26
[ 2145346ms] TypeError: btnList.size is not a function
    at https://pr.seegenemedical.com/user/js/common.js?ver=20260415:230:26
[ 2145346ms] TypeError: btnList.size is not a function
    at https://pr.seegenemedical.com/user/js/common.js?ver=20260415:1609:26
[ 2148342ms] TypeError: btnList.size is not a function
    at https://pr.seegenemedical.com/user/js/common.js?ver=20260415:160:26
[ 2148342ms] TypeError: btnList.size is not a function
    at https://pr.seegenemedical.com/user/js/common.js?ver=20260415:230:26
[ 2150844ms] TypeError: btnList.size is not a function
    at https://pr.seegenemedical.com/user/js/common.js?ver=20260415:1609:26
[ 2151347ms] TypeError: btnList.size is not a function
    at https://pr.seegenemedical.com/user/js/common.js?ver=20260415:160:26
[ 2151347ms] TypeError: btnList.size is not a function
    at https://pr.seegenemedical.com/user/js/common.js?ver=20260415:230:26
[ 2154347ms] TypeError: btnList.size is not a function
    at https://pr.seegenemedical.com/user/js/common.js?ver=20260415:160:26
[ 2154347ms] TypeError: btnList.size is not a function
    at https://pr.seegenemedical.com/user/js/common.js?ver=20260415:230:26
[ 2156360ms] TypeError: btnList.size is not a function
    at https://pr.seegenemedical.com/user/js/common.js?ver=20260415:1609:26
[ 2157347ms] TypeError: btnList.size is not a function
    at https://pr.seegenemedical.com/user/js/common.js?ver=20260415:160:26
[ 2157348ms] TypeError: btnList.size is not a function
    at https://pr.seegenemedical.com/user/js/common.js?ver=20260415:230:26
[ 2160349ms] TypeError: btnList.size is not a function
    at https://pr.seegenemedical.com/user/js/common.js?ver=20260415:160:26
[ 2160349ms] TypeError: btnList.size is not a function
    at https://pr.seegenemedical.com/user/js/common.js?ver=20260415:230:26
[ 2161845ms] TypeError: btnList.size is not a function
    at https://pr.seegenemedical.com/user/js/common.js?ver=20260415:1609:26
[ 2163347ms] TypeError: btnList.size is not a function
    at https://pr.seegenemedical.com/user/js/common.js?ver=20260415:160:26
[ 2163347ms] TypeError: btnList.size is not a function
    at https://pr.seegenemedical.com/user/js/common.js?ver=20260415:230:26
[ 2166349ms] TypeError: btnList.size is not a function
    at https://pr.seegenemedical.com/user/js/common.js?ver=20260415:160:26
[ 2166349ms] TypeError: btnList.size is not a function
    at https://pr.seegenemedical.com/user/js/common.js?ver=20260415:230:26
[ 2167343ms] TypeError: btnList.size is not a function
    at https://pr.seegenemedical.com/user/js/common.js?ver=20260415:1609:26
[ 2169347ms] TypeError: btnList.size is not a function
    at https://pr.seegenemedical.com/user/js/common.js?ver=20260415:160:26
[ 2169347ms] TypeError: btnList.size is not a function
    at https://pr.seegenemedical.com/user/js/common.js?ver=20260415:230:26
[ 2172346ms] TypeError: btnList.size is not a function
    at https://pr.seegenemedical.com/user/js/common.js?ver=20260415:160:26
[ 2172346ms] TypeError: btnList.size is not a function
    at https://pr.seegenemedical.com/user/js/common.js?ver=20260415:230:26
[ 2172843ms] TypeError: btnList.size is not a function
    at https://pr.seegenemedical.com/user/js/common.js?ver=20260415:1609:26
[ 2175342ms] TypeError: btnList.size is not a function
    at https://pr.seegenemedical.com/user/js/common.js?ver=20260415:160:26
[ 2175342ms] TypeError: btnList.size is not a function
    at https://pr.seegenemedical.com/user/js/common.js?ver=20260415:230:26
[ 2178341ms] TypeError: btnList.size is not a function
    at https://pr.seegenemedical.com/user/js/common.js?ver=20260415:160:26
[ 2178342ms] TypeError: btnList.size is not a function
    at https://pr.seegenemedical.com/user/js/common.js?ver=20260415:230:26
[ 2178346ms] TypeError: btnList.size is not a function
    at https://pr.seegenemedical.com/user/js/common.js?ver=20260415:1609:26
[ 2181348ms] TypeError: btnList.size is not a function
    at https://pr.seegenemedical.com/user/js/common.js?ver=20260415:160:26
[ 2181348ms] TypeError: btnList.size is not a function
    at https://pr.seegenemedical.com/user/js/common.js?ver=20260415:230:26
[ 2183849ms] TypeError: btnList.size is not a function
    at https://pr.seegenemedical.com/user/js/common.js?ver=20260415:1609:26
[ 2184349ms] TypeError: btnList.size is not a function
    at https://pr.seegenemedical.com/user/js/common.js?ver=20260415:160:26
[ 2184349ms] TypeError: btnList.size is not a function
    at https://pr.seegenemedical.com/user/js/common.js?ver=20260415:230:26
[ 2187347ms] TypeError: btnList.size is not a function
    at https://pr.seegenemedical.com/user/js/common.js?ver=20260415:160:26
[ 2187347ms] TypeError: btnList.size is not a function
    at https://pr.seegenemedical.com/user/js/common.js?ver=20260415:230:26
[ 2189343ms] TypeError: btnList.size is not a function
    at https://pr.seegenemedical.com/user/js/common.js?ver=20260415:1609:26
[ 2190355ms] TypeError: btnList.size is not a function
    at https://pr.seegenemedical.com/user/js/common.js?ver=20260415:160:26
[ 2190356ms] TypeError: btnList.size is not a function
    at https://pr.seegenemedical.com/user/js/common.js?ver=20260415:230:26
[ 2193348ms] TypeError: btnList.size is not a function
    at https://pr.seegenemedical.com/user/js/common.js?ver=20260415:160:26
[ 2193348ms] TypeError: btnList.size is not a function
    at https://pr.seegenemedical.com/user/js/common.js?ver=20260415:230:26
[ 2194850ms] TypeError: btnList.size is not a function
    at https://pr.seegenemedical.com/user/js/common.js?ver=20260415:1609:26
[ 2196346ms] TypeError: btnList.size is not a function
    at https://pr.seegenemedical.com/user/js/common.js?ver=20260415:160:26
[ 2196346ms] TypeError: btnList.size is not a function
    at https://pr.seegenemedical.com/user/js/common.js?ver=20260415:230:26
[ 2199341ms] TypeError: btnList.size is not a function
    at https://pr.seegenemedical.com/user/js/common.js?ver=20260415:160:26
[ 2199345ms] TypeError: btnList.size is not a function
    at https://pr.seegenemedical.com/user/js/common.js?ver=20260415:230:26
[ 2200351ms] TypeError: btnList.size is not a function
    at https://pr.seegenemedical.com/user/js/common.js?ver=20260415:1609:26
[ 2202343ms] TypeError: btnList.size is not a function
    at https://pr.seegenemedical.com/user/js/common.js?ver=20260415:160:26
[ 2202343ms] TypeError: btnList.size is not a function
    at https://pr.seegenemedical.com/user/js/common.js?ver=20260415:230:26
[ 2205342ms] TypeError: btnList.size is not a function
    at https://pr.seegenemedical.com/user/js/common.js?ver=20260415:160:26
[ 2205342ms] TypeError: btnList.size is not a function
    at https://pr.seegenemedical.com/user/js/common.js?ver=20260415:230:26
[ 2205851ms] TypeError: btnList.size is not a function
    at https://pr.seegenemedical.com/user/js/common.js?ver=20260415:1609:26
[ 2208351ms] TypeError: btnList.size is not a function
    at https://pr.seegenemedical.com/user/js/common.js?ver=20260415:160:26
[ 2208351ms] TypeError: btnList.size is not a function
    at https://pr.seegenemedical.com/user/js/common.js?ver=20260415:230:26
[ 2211350ms] TypeError: btnList.size is not a function
    at https://pr.seegenemedical.com/user/js/common.js?ver=20260415:160:26
[ 2211350ms] TypeError: btnList.size is not a function
    at https://pr.seegenemedical.com/user/js/common.js?ver=20260415:230:26
[ 2211350ms] TypeError: btnList.size is not a function
    at https://pr.seegenemedical.com/user/js/common.js?ver=20260415:1609:26
[ 2214349ms] TypeError: btnList.size is not a function
    at https://pr.seegenemedical.com/user/js/common.js?ver=20260415:160:26
[ 2214349ms] TypeError: btnList.size is not a function
    at https://pr.seegenemedical.com/user/js/common.js?ver=20260415:230:26
[ 2216859ms] TypeError: btnList.size is not a function
    at https://pr.seegenemedical.com/user/js/common.js?ver=20260415:1609:26
[ 2217342ms] TypeError: btnList.size is not a function
    at https://pr.seegenemedical.com/user/js/common.js?ver=20260415:160:26
[ 2217343ms] TypeError: btnList.size is not a function
    at https://pr.seegenemedical.com/user/js/common.js?ver=20260415:230:26
[ 2220349ms] TypeError: btnList.size is not a function
    at https://pr.seegenemedical.com/user/js/common.js?ver=20260415:160:26
[ 2220350ms] TypeError: btnList.size is not a function
    at https://pr.seegenemedical.com/user/js/common.js?ver=20260415:230:26
[ 2222344ms] TypeError: btnList.size is not a function
    at https://pr.seegenemedical.com/user/js/common.js?ver=20260415:1609:26
[ 2223350ms] TypeError: btnList.size is not a function
    at https://pr.seegenemedical.com/user/js/common.js?ver=20260415:160:26
[ 2223350ms] TypeError: btnList.size is not a function
    at https://pr.seegenemedical.com/user/js/common.js?ver=20260415:230:26
[ 2226350ms] TypeError: btnList.size is not a function
    at https://pr.seegenemedical.com/user/js/common.js?ver=20260415:160:26
[ 2226350ms] TypeError: btnList.size is not a function
    at https://pr.seegenemedical.com/user/js/common.js?ver=20260415:230:26
[ 2227850ms] TypeError: btnList.size is not a function
    at https://pr.seegenemedical.com/user/js/common.js?ver=20260415:1609:26
[ 2229349ms] TypeError: btnList.size is not a function
    at https://pr.seegenemedical.com/user/js/common.js?ver=20260415:160:26
[ 2229350ms] TypeError: btnList.size is not a function
    at https://pr.seegenemedical.com/user/js/common.js?ver=20260415:230:26
[ 2232353ms] TypeError: btnList.size is not a function
    at https://pr.seegenemedical.com/user/js/common.js?ver=20260415:160:26
[ 2232353ms] TypeError: btnList.size is not a function
    at https://pr.seegenemedical.com/user/js/common.js?ver=20260415:230:26
[ 2233349ms] TypeError: btnList.size is not a function
    at https://pr.seegenemedical.com/user/js/common.js?ver=20260415:1609:26
[ 2235343ms] TypeError: btnList.size is not a function
    at https://pr.seegenemedical.com/user/js/common.js?ver=20260415:160:26
[ 2235343ms] TypeError: btnList.size is not a function
    at https://pr.seegenemedical.com/user/js/common.js?ver=20260415:230:26
[ 2238351ms] TypeError: btnList.size is not a function
    at https://pr.seegenemedical.com/user/js/common.js?ver=20260415:160:26
[ 2238351ms] TypeError: btnList.size is not a function
    at https://pr.seegenemedical.com/user/js/common.js?ver=20260415:230:26
[ 2238844ms] TypeError: btnList.size is not a function
    at https://pr.seegenemedical.com/user/js/common.js?ver=20260415:1609:26
[ 2241353ms] TypeError: btnList.size is not a function
    at https://pr.seegenemedical.com/user/js/common.js?ver=20260415:160:26
[ 2241354ms] TypeError: btnList.size is not a function
    at https://pr.seegenemedical.com/user/js/common.js?ver=20260415:230:26
[ 2244344ms] TypeError: btnList.size is not a function
    at https://pr.seegenemedical.com/user/js/common.js?ver=20260415:160:26
[ 2244345ms] TypeError: btnList.size is not a function
    at https://pr.seegenemedical.com/user/js/common.js?ver=20260415:230:26
[ 2244345ms] TypeError: btnList.size is not a function
    at https://pr.seegenemedical.com/user/js/common.js?ver=20260415:1609:26
[ 2247349ms] TypeError: btnList.size is not a function
    at https://pr.seegenemedical.com/user/js/common.js?ver=20260415:160:26
[ 2247350ms] TypeError: btnList.size is not a function
    at https://pr.seegenemedical.com/user/js/common.js?ver=20260415:230:26
[ 2249845ms] TypeError: btnList.size is not a function
    at https://pr.seegenemedical.com/user/js/common.js?ver=20260415:1609:26
[ 2250345ms] TypeError: btnList.size is not a function
    at https://pr.seegenemedical.com/user/js/common.js?ver=20260415:160:26
[ 2250345ms] TypeError: btnList.size is not a function
    at https://pr.seegenemedical.com/user/js/common.js?ver=20260415:230:26
[ 2253346ms] TypeError: btnList.size is not a function
    at https://pr.seegenemedical.com/user/js/common.js?ver=20260415:160:26
[ 2253347ms] TypeError: btnList.size is not a function
    at https://pr.seegenemedical.com/user/js/common.js?ver=20260415:230:26
[ 2255345ms] TypeError: btnList.size is not a function
    at https://pr.seegenemedical.com/user/js/common.js?ver=20260415:1609:26
[ 2256344ms] TypeError: btnList.size is not a function
    at https://pr.seegenemedical.com/user/js/common.js?ver=20260415:160:26
[ 2256344ms] TypeError: btnList.size is not a function
    at https://pr.seegenemedical.com/user/js/common.js?ver=20260415:230:26
[ 2259343ms] TypeError: btnList.size is not a function
    at https://pr.seegenemedical.com/user/js/common.js?ver=20260415:160:26
[ 2259343ms] TypeError: btnList.size is not a function
    at https://pr.seegenemedical.com/user/js/common.js?ver=20260415:230:26
[ 2260851ms] TypeError: btnList.size is not a function
    at https://pr.seegenemedical.com/user/js/common.js?ver=20260415:1609:26
[ 2262345ms] TypeError: btnList.size is not a function
    at https://pr.seegenemedical.com/user/js/common.js?ver=20260415:160:26
[ 2262345ms] TypeError: btnList.size is not a function
    at https://pr.seegenemedical.com/user/js/common.js?ver=20260415:230:26
[ 2265345ms] TypeError: btnList.size is not a function
    at https://pr.seegenemedical.com/user/js/common.js?ver=20260415:160:26
[ 2265345ms] TypeError: btnList.size is not a function
    at https://pr.seegenemedical.com/user/js/common.js?ver=20260415:230:26
[ 2266351ms] TypeError: btnList.size is not a function
    at https://pr.seegenemedical.com/user/js/common.js?ver=20260415:1609:26
[ 2268345ms] TypeError: btnList.size is not a function
    at https://pr.seegenemedical.com/user/js/common.js?ver=20260415:160:26
[ 2268345ms] TypeError: btnList.size is not a function
    at https://pr.seegenemedical.com/user/js/common.js?ver=20260415:230:26
[ 2271347ms] TypeError: btnList.size is not a function
    at https://pr.seegenemedical.com/user/js/common.js?ver=20260415:160:26
[ 2271347ms] TypeError: btnList.size is not a function
    at https://pr.seegenemedical.com/user/js/common.js?ver=20260415:230:26
[ 2271850ms] TypeError: btnList.size is not a function
    at https://pr.seegenemedical.com/user/js/common.js?ver=20260415:1609:26
[ 2274356ms] TypeError: btnList.size is not a function
    at https://pr.seegenemedical.com/user/js/common.js?ver=20260415:160:26
[ 2274356ms] TypeError: btnList.size is not a function
    at https://pr.seegenemedical.com/user/js/common.js?ver=20260415:230:26
[ 2277346ms] TypeError: btnList.size is not a function
    at https://pr.seegenemedical.com/user/js/common.js?ver=20260415:160:26
[ 2277347ms] TypeError: btnList.size is not a function
    at https://pr.seegenemedical.com/user/js/common.js?ver=20260415:230:26
[ 2277347ms] TypeError: btnList.size is not a function
    at https://pr.seegenemedical.com/user/js/common.js?ver=20260415:1609:26
[ 2280343ms] TypeError: btnList.size is not a function
    at https://pr.seegenemedical.com/user/js/common.js?ver=20260415:160:26
[ 2280343ms] TypeError: btnList.size is not a function
    at https://pr.seegenemedical.com/user/js/common.js?ver=20260415:230:26
[ 2282847ms] TypeError: btnList.size is not a function
    at https://pr.seegenemedical.com/user/js/common.js?ver=20260415:1609:26
[ 2283346ms] TypeError: btnList.size is not a function
    at https://pr.seegenemedical.com/user/js/common.js?ver=20260415:160:26
[ 2283346ms] TypeError: btnList.size is not a function
    at https://pr.seegenemedical.com/user/js/common.js?ver=20260415:230:26
[ 2286346ms] TypeError: btnList.size is not a function
    at https://pr.seegenemedical.com/user/js/common.js?ver=20260415:160:26
[ 2286346ms] TypeError: btnList.size is not a function
    at https://pr.seegenemedical.com/user/js/common.js?ver=20260415:230:26
[ 2288350ms] TypeError: btnList.size is not a function
    at https://pr.seegenemedical.com/user/js/common.js?ver=20260415:1609:26
[ 2289349ms] TypeError: btnList.size is not a function
    at https://pr.seegenemedical.com/user/js/common.js?ver=20260415:160:26
[ 2289350ms] TypeError: btnList.size is not a function
    at https://pr.seegenemedical.com/user/js/common.js?ver=20260415:230:26
[ 2292356ms] TypeError: btnList.size is not a function
    at https://pr.seegenemedical.com/user/js/common.js?ver=20260415:160:26
[ 2292356ms] TypeError: btnList.size is not a function
    at https://pr.seegenemedical.com/user/js/common.js?ver=20260415:230:26
[ 2293851ms] TypeError: btnList.size is not a function
    at https://pr.seegenemedical.com/user/js/common.js?ver=20260415:1609:26
[ 2295347ms] TypeError: btnList.size is not a function
    at https://pr.seegenemedical.com/user/js/common.js?ver=20260415:160:26
[ 2295347ms] TypeError: btnList.size is not a function
    at https://pr.seegenemedical.com/user/js/common.js?ver=20260415:230:26
[ 2298342ms] TypeError: btnList.size is not a function
    at https://pr.seegenemedical.com/user/js/common.js?ver=20260415:160:26
[ 2298342ms] TypeError: btnList.size is not a function
    at https://pr.seegenemedical.com/user/js/common.js?ver=20260415:230:26
[ 2299349ms] TypeError: btnList.size is not a function
    at https://pr.seegenemedical.com/user/js/common.js?ver=20260415:1609:26
[ 2301341ms] TypeError: btnList.size is not a function
    at https://pr.seegenemedical.com/user/js/common.js?ver=20260415:160:26
[ 2301342ms] TypeError: btnList.size is not a function
    at https://pr.seegenemedical.com/user/js/common.js?ver=20260415:230:26
[ 2304342ms] TypeError: btnList.size is not a function
    at https://pr.seegenemedical.com/user/js/common.js?ver=20260415:160:26
[ 2304342ms] TypeError: btnList.size is not a function
    at https://pr.seegenemedical.com/user/js/common.js?ver=20260415:230:26
[ 2304848ms] TypeError: btnList.size is not a function
    at https://pr.seegenemedical.com/user/js/common.js?ver=20260415:1609:26
[ 2307343ms] TypeError: btnList.size is not a function
    at https://pr.seegenemedical.com/user/js/common.js?ver=20260415:160:26
[ 2307343ms] TypeError: btnList.size is not a function
    at https://pr.seegenemedical.com/user/js/common.js?ver=20260415:230:26
[ 2310345ms] TypeError: btnList.size is not a function
    at https://pr.seegenemedical.com/user/js/common.js?ver=20260415:160:26
[ 2310346ms] TypeError: btnList.size is not a function
    at https://pr.seegenemedical.com/user/js/common.js?ver=20260415:230:26
[ 2310346ms] TypeError: btnList.size is not a function
    at https://pr.seegenemedical.com/user/js/common.js?ver=20260415:1609:26
[ 2313341ms] TypeError: btnList.size is not a function
    at https://pr.seegenemedical.com/user/js/common.js?ver=20260415:160:26
[ 2313341ms] TypeError: btnList.size is not a function
    at https://pr.seegenemedical.com/user/js/common.js?ver=20260415:230:26
[ 2315846ms] TypeError: btnList.size is not a function
    at https://pr.seegenemedical.com/user/js/common.js?ver=20260415:1609:26
[ 2316344ms] TypeError: btnList.size is not a function
    at https://pr.seegenemedical.com/user/js/common.js?ver=20260415:160:26
[ 2316344ms] TypeError: btnList.size is not a function
    at https://pr.seegenemedical.com/user/js/common.js?ver=20260415:230:26
[ 2319348ms] TypeError: btnList.size is not a function
    at https://pr.seegenemedical.com/user/js/common.js?ver=20260415:160:26
[ 2319348ms] TypeError: btnList.size is not a function
    at https://pr.seegenemedical.com/user/js/common.js?ver=20260415:230:26
[ 2321350ms] TypeError: btnList.size is not a function
    at https://pr.seegenemedical.com/user/js/common.js?ver=20260415:1609:26
[ 2322347ms] TypeError: btnList.size is not a function
    at https://pr.seegenemedical.com/user/js/common.js?ver=20260415:160:26
[ 2322347ms] TypeError: btnList.size is not a function
    at https://pr.seegenemedical.com/user/js/common.js?ver=20260415:230:26
[ 2325356ms] TypeError: btnList.size is not a function
    at https://pr.seegenemedical.com/user/js/common.js?ver=20260415:160:26
[ 2325356ms] TypeError: btnList.size is not a function
    at https://pr.seegenemedical.com/user/js/common.js?ver=20260415:230:26
[ 2326848ms] TypeError: btnList.size is not a function
    at https://pr.seegenemedical.com/user/js/common.js?ver=20260415:1609:26
[ 2328343ms] TypeError: btnList.size is not a function
    at https://pr.seegenemedical.com/user/js/common.js?ver=20260415:160:26
[ 2328343ms] TypeError: btnList.size is not a function
    at https://pr.seegenemedical.com/user/js/common.js?ver=20260415:230:26
[ 2331354ms] TypeError: btnList.size is not a function
    at https://pr.seegenemedical.com/user/js/common.js?ver=20260415:160:26
[ 2331354ms] TypeError: btnList.size is not a function
    at https://pr.seegenemedical.com/user/js/common.js?ver=20260415:230:26
[ 2332349ms] TypeError: btnList.size is not a function
    at https://pr.seegenemedical.com/user/js/common.js?ver=20260415:1609:26
[ 2334344ms] TypeError: btnList.size is not a function
    at https://pr.seegenemedical.com/user/js/common.js?ver=20260415:160:26
[ 2334344ms] TypeError: btnList.size is not a function
    at https://pr.seegenemedical.com/user/js/common.js?ver=20260415:230:26
[ 2337356ms] TypeError: btnList.size is not a function
    at https://pr.seegenemedical.com/user/js/common.js?ver=20260415:160:26
[ 2337356ms] TypeError: btnList.size is not a function
    at https://pr.seegenemedical.com/user/js/common.js?ver=20260415:230:26
[ 2337849ms] TypeError: btnList.size is not a function
    at https://pr.seegenemedical.com/user/js/common.js?ver=20260415:1609:26
[ 2340348ms] TypeError: btnList.size is not a function
    at https://pr.seegenemedical.com/user/js/common.js?ver=20260415:160:26
[ 2340348ms] TypeError: btnList.size is not a function
    at https://pr.seegenemedical.com/user/js/common.js?ver=20260415:230:26
[ 2343342ms] TypeError: btnList.size is not a function
    at https://pr.seegenemedical.com/user/js/common.js?ver=20260415:160:26
[ 2343342ms] TypeError: btnList.size is not a function
    at https://pr.seegenemedical.com/user/js/common.js?ver=20260415:230:26
[ 2343347ms] TypeError: btnList.size is not a function
    at https://pr.seegenemedical.com/user/js/common.js?ver=20260415:1609:26
[ 2346356ms] TypeError: btnList.size is not a function
    at https://pr.seegenemedical.com/user/js/common.js?ver=20260415:160:26
[ 2346356ms] TypeError: btnList.size is not a function
    at https://pr.seegenemedical.com/user/js/common.js?ver=20260415:230:26
[ 2348845ms] TypeError: btnList.size is not a function
    at https://pr.seegenemedical.com/user/js/common.js?ver=20260415:1609:26
[ 2349345ms] TypeError: btnList.size is not a function
    at https://pr.seegenemedical.com/user/js/common.js?ver=20260415:160:26
[ 2349345ms] TypeError: btnList.size is not a function
    at https://pr.seegenemedical.com/user/js/common.js?ver=20260415:230:26
[ 2352347ms] TypeError: btnList.size is not a function
    at https://pr.seegenemedical.com/user/js/common.js?ver=20260415:160:26
[ 2352347ms] TypeError: btnList.size is not a function
    at https://pr.seegenemedical.com/user/js/common.js?ver=20260415:230:26
[ 2354347ms] TypeError: btnList.size is not a function
    at https://pr.seegenemedical.com/user/js/common.js?ver=20260415:1609:26
[ 2355347ms] TypeError: btnList.size is not a function
    at https://pr.seegenemedical.com/user/js/common.js?ver=20260415:160:26
[ 2355347ms] TypeError: btnList.size is not a function
    at https://pr.seegenemedical.com/user/js/common.js?ver=20260415:230:26
[ 2358356ms] TypeError: btnList.size is not a function
    at https://pr.seegenemedical.com/user/js/common.js?ver=20260415:160:26
[ 2358356ms] TypeError: btnList.size is not a function
    at https://pr.seegenemedical.com/user/js/common.js?ver=20260415:230:26
[ 2359847ms] TypeError: btnList.size is not a function
    at https://pr.seegenemedical.com/user/js/common.js?ver=20260415:1609:26
[ 2361346ms] TypeError: btnList.size is not a function
    at https://pr.seegenemedical.com/user/js/common.js?ver=20260415:160:26
[ 2361346ms] TypeError: btnList.size is not a function
    at https://pr.seegenemedical.com/user/js/common.js?ver=20260415:230:26
[ 2364347ms] TypeError: btnList.size is not a function
    at https://pr.seegenemedical.com/user/js/common.js?ver=20260415:160:26
[ 2364348ms] TypeError: btnList.size is not a function
    at https://pr.seegenemedical.com/user/js/common.js?ver=20260415:230:26
[ 2365350ms] TypeError: btnList.size is not a function
    at https://pr.seegenemedical.com/user/js/common.js?ver=20260415:1609:26
[ 2367343ms] TypeError: btnList.size is not a function
    at https://pr.seegenemedical.com/user/js/common.js?ver=20260415:160:26
[ 2367343ms] TypeError: btnList.size is not a function
    at https://pr.seegenemedical.com/user/js/common.js?ver=20260415:230:26
[ 2370342ms] TypeError: btnList.size is not a function
    at https://pr.seegenemedical.com/user/js/common.js?ver=20260415:160:26
[ 2370342ms] TypeError: btnList.size is not a function
    at https://pr.seegenemedical.com/user/js/common.js?ver=20260415:230:26
[ 2370850ms] TypeError: btnList.size is not a function
    at https://pr.seegenemedical.com/user/js/common.js?ver=20260415:1609:26
[ 2373345ms] TypeError: btnList.size is not a function
    at https://pr.seegenemedical.com/user/js/common.js?ver=20260415:160:26
[ 2373345ms] TypeError: btnList.size is not a function
    at https://pr.seegenemedical.com/user/js/common.js?ver=20260415:230:26
[ 2376344ms] TypeError: btnList.size is not a function
    at https://pr.seegenemedical.com/user/js/common.js?ver=20260415:160:26
[ 2376344ms] TypeError: btnList.size is not a function
    at https://pr.seegenemedical.com/user/js/common.js?ver=20260415:230:26
[ 2376344ms] TypeError: btnList.size is not a function
    at https://pr.seegenemedical.com/user/js/common.js?ver=20260415:1609:26
[ 2379356ms] TypeError: btnList.size is not a function
    at https://pr.seegenemedical.com/user/js/common.js?ver=20260415:160:26
[ 2379356ms] TypeError: btnList.size is not a function
    at https://pr.seegenemedical.com/user/js/common.js?ver=20260415:230:26
[ 2381849ms] TypeError: btnList.size is not a function
    at https://pr.seegenemedical.com/user/js/common.js?ver=20260415:1609:26
[ 2382348ms] TypeError: btnList.size is not a function
    at https://pr.seegenemedical.com/user/js/common.js?ver=20260415:160:26
[ 2382348ms] TypeError: btnList.size is not a function
    at https://pr.seegenemedical.com/user/js/common.js?ver=20260415:230:26
[ 2385342ms] TypeError: btnList.size is not a function
    at https://pr.seegenemedical.com/user/js/common.js?ver=20260415:160:26
[ 2385343ms] TypeError: btnList.size is not a function
    at https://pr.seegenemedical.com/user/js/common.js?ver=20260415:230:26
[ 2387348ms] TypeError: btnList.size is not a function
    at https://pr.seegenemedical.com/user/js/common.js?ver=20260415:1609:26
[ 2388344ms] TypeError: btnList.size is not a function
    at https://pr.seegenemedical.com/user/js/common.js?ver=20260415:160:26
[ 2388344ms] TypeError: btnList.size is not a function
    at https://pr.seegenemedical.com/user/js/common.js?ver=20260415:230:26
[ 2391341ms] TypeError: btnList.size is not a function
    at https://pr.seegenemedical.com/user/js/common.js?ver=20260415:160:26
[ 2391342ms] TypeError: btnList.size is not a function
    at https://pr.seegenemedical.com/user/js/common.js?ver=20260415:230:26
[ 2392842ms] TypeError: btnList.size is not a function
    at https://pr.seegenemedical.com/user/js/common.js?ver=20260415:1609:26
[ 2394351ms] TypeError: btnList.size is not a function
    at https://pr.seegenemedical.com/user/js/common.js?ver=20260415:160:26
[ 2394351ms] TypeError: btnList.size is not a function
    at https://pr.seegenemedical.com/user/js/common.js?ver=20260415:230:26
[ 2397342ms] TypeError: btnList.size is not a function
    at https://pr.seegenemedical.com/user/js/common.js?ver=20260415:160:26
[ 2397342ms] TypeError: btnList.size is not a function
    at https://pr.seegenemedical.com/user/js/common.js?ver=20260415:230:26
[ 2398352ms] TypeError: btnList.size is not a function
    at https://pr.seegenemedical.com/user/js/common.js?ver=20260415:1609:26
[ 2400355ms] TypeError: btnList.size is not a function
    at https://pr.seegenemedical.com/user/js/common.js?ver=20260415:160:26
[ 2400355ms] TypeError: btnList.size is not a function
    at https://pr.seegenemedical.com/user/js/common.js?ver=20260415:230:26
[ 2403356ms] TypeError: btnList.size is not a function
    at https://pr.seegenemedical.com/user/js/common.js?ver=20260415:160:26
[ 2403357ms] TypeError: btnList.size is not a function
    at https://pr.seegenemedical.com/user/js/common.js?ver=20260415:230:26
[ 2403849ms] TypeError: btnList.size is not a function
    at https://pr.seegenemedical.com/user/js/common.js?ver=20260415:1609:26
[ 2406344ms] TypeError: btnList.size is not a function
    at https://pr.seegenemedical.com/user/js/common.js?ver=20260415:160:26
[ 2406345ms] TypeError: btnList.size is not a function
    at https://pr.seegenemedical.com/user/js/common.js?ver=20260415:230:26
[ 2409342ms] TypeError: btnList.size is not a function
    at https://pr.seegenemedical.com/user/js/common.js?ver=20260415:160:26
[ 2409343ms] TypeError: btnList.size is not a function
    at https://pr.seegenemedical.com/user/js/common.js?ver=20260415:230:26
[ 2409347ms] TypeError: btnList.size is not a function
    at https://pr.seegenemedical.com/user/js/common.js?ver=20260415:1609:26
[ 2412356ms] TypeError: btnList.size is not a function
    at https://pr.seegenemedical.com/user/js/common.js?ver=20260415:160:26
[ 2412356ms] TypeError: btnList.size is not a function
    at https://pr.seegenemedical.com/user/js/common.js?ver=20260415:230:26
[ 2414859ms] TypeError: btnList.size is not a function
    at https://pr.seegenemedical.com/user/js/common.js?ver=20260415:1609:26
[ 2415355ms] TypeError: btnList.size is not a function
    at https://pr.seegenemedical.com/user/js/common.js?ver=20260415:160:26
[ 2415355ms] TypeError: btnList.size is not a function
    at https://pr.seegenemedical.com/user/js/common.js?ver=20260415:230:26
[ 2418343ms] TypeError: btnList.size is not a function
    at https://pr.seegenemedical.com/user/js/common.js?ver=20260415:160:26
[ 2418344ms] TypeError: btnList.size is not a function
    at https://pr.seegenemedical.com/user/js/common.js?ver=20260415:230:26
[ 2420349ms] TypeError: btnList.size is not a function
    at https://pr.seegenemedical.com/user/js/common.js?ver=20260415:1609:26
[ 2421343ms] TypeError: btnList.size is not a function
    at https://pr.seegenemedical.com/user/js/common.js?ver=20260415:160:26
[ 2421344ms] TypeError: btnList.size is not a function
    at https://pr.seegenemedical.com/user/js/common.js?ver=20260415:230:26
[ 2424350ms] TypeError: btnList.size is not a function
    at https://pr.seegenemedical.com/user/js/common.js?ver=20260415:160:26
[ 2424350ms] TypeError: btnList.size is not a function
    at https://pr.seegenemedical.com/user/js/common.js?ver=20260415:230:26
[ 2425849ms] TypeError: btnList.size is not a function
    at https://pr.seegenemedical.com/user/js/common.js?ver=20260415:1609:26
[ 2427348ms] TypeError: btnList.size is not a function
    at https://pr.seegenemedical.com/user/js/common.js?ver=20260415:160:26
[ 2427348ms] TypeError: btnList.size is not a function
    at https://pr.seegenemedical.com/user/js/common.js?ver=20260415:230:26
[ 2430347ms] TypeError: btnList.size is not a function
    at https://pr.seegenemedical.com/user/js/common.js?ver=20260415:160:26
[ 2430347ms] TypeError: btnList.size is not a function
    at https://pr.seegenemedical.com/user/js/common.js?ver=20260415:230:26
[ 2431343ms] TypeError: btnList.size is not a function
    at https://pr.seegenemedical.com/user/js/common.js?ver=20260415:1609:26
[ 2433343ms] TypeError: btnList.size is not a function
    at https://pr.seegenemedical.com/user/js/common.js?ver=20260415:160:26
[ 2433343ms] TypeError: btnList.size is not a function
    at https://pr.seegenemedical.com/user/js/common.js?ver=20260415:230:26
[ 2436348ms] TypeError: btnList.size is not a function
    at https://pr.seegenemedical.com/user/js/common.js?ver=20260415:160:26
[ 2436348ms] TypeError: btnList.size is not a function
    at https://pr.seegenemedical.com/user/js/common.js?ver=20260415:230:26
[ 2436842ms] TypeError: btnList.size is not a function
    at https://pr.seegenemedical.com/user/js/common.js?ver=20260415:1609:26
[ 2439349ms] TypeError: btnList.size is not a function
    at https://pr.seegenemedical.com/user/js/common.js?ver=20260415:160:26
[ 2439349ms] TypeError: btnList.size is not a function
    at https://pr.seegenemedical.com/user/js/common.js?ver=20260415:230:26
[ 2442341ms] TypeError: btnList.size is not a function
    at https://pr.seegenemedical.com/user/js/common.js?ver=20260415:160:26
[ 2442341ms] TypeError: btnList.size is not a function
    at https://pr.seegenemedical.com/user/js/common.js?ver=20260415:230:26
[ 2442345ms] TypeError: btnList.size is not a function
    at https://pr.seegenemedical.com/user/js/common.js?ver=20260415:1609:26
[ 2445345ms] TypeError: btnList.size is not a function
    at https://pr.seegenemedical.com/user/js/common.js?ver=20260415:160:26
[ 2445346ms] TypeError: btnList.size is not a function
    at https://pr.seegenemedical.com/user/js/common.js?ver=20260415:230:26
[ 2447842ms] TypeError: btnList.size is not a function
    at https://pr.seegenemedical.com/user/js/common.js?ver=20260415:1609:26
[ 2448348ms] TypeError: btnList.size is not a function
    at https://pr.seegenemedical.com/user/js/common.js?ver=20260415:160:26
[ 2448349ms] TypeError: btnList.size is not a function
    at https://pr.seegenemedical.com/user/js/common.js?ver=20260415:230:26
[ 2451350ms] TypeError: btnList.size is not a function
    at https://pr.seegenemedical.com/user/js/common.js?ver=20260415:160:26
[ 2451351ms] TypeError: btnList.size is not a function
    at https://pr.seegenemedical.com/user/js/common.js?ver=20260415:230:26
[ 2453348ms] TypeError: btnList.size is not a function
    at https://pr.seegenemedical.com/user/js/common.js?ver=20260415:1609:26
[ 2454346ms] TypeError: btnList.size is not a function
    at https://pr.seegenemedical.com/user/js/common.js?ver=20260415:160:26
[ 2454346ms] TypeError: btnList.size is not a function
    at https://pr.seegenemedical.com/user/js/common.js?ver=20260415:230:26
[ 2457351ms] TypeError: btnList.size is not a function
    at https://pr.seegenemedical.com/user/js/common.js?ver=20260415:160:26
[ 2457351ms] TypeError: btnList.size is not a function
    at https://pr.seegenemedical.com/user/js/common.js?ver=20260415:230:26
[ 2458845ms] TypeError: btnList.size is not a function
    at https://pr.seegenemedical.com/user/js/common.js?ver=20260415:1609:26
[ 2460352ms] TypeError: btnList.size is not a function
    at https://pr.seegenemedical.com/user/js/common.js?ver=20260415:160:26
[ 2460352ms] TypeError: btnList.size is not a function
    at https://pr.seegenemedical.com/user/js/common.js?ver=20260415:230:26
[ 2463350ms] TypeError: btnList.size is not a function
    at https://pr.seegenemedical.com/user/js/common.js?ver=20260415:160:26
[ 2463350ms] TypeError: btnList.size is not a function
    at https://pr.seegenemedical.com/user/js/common.js?ver=20260415:230:26
[ 2464354ms] TypeError: btnList.size is not a function
    at https://pr.seegenemedical.com/user/js/common.js?ver=20260415:1609:26
[ 2466345ms] TypeError: btnList.size is not a function
    at https://pr.seegenemedical.com/user/js/common.js?ver=20260415:160:26
[ 2466345ms] TypeError: btnList.size is not a function
    at https://pr.seegenemedical.com/user/js/common.js?ver=20260415:230:26
[ 2469345ms] TypeError: btnList.size is not a function
    at https://pr.seegenemedical.com/user/js/common.js?ver=20260415:160:26
[ 2469346ms] TypeError: btnList.size is not a function
    at https://pr.seegenemedical.com/user/js/common.js?ver=20260415:230:26
[ 2469847ms] TypeError: btnList.size is not a function
    at https://pr.seegenemedical.com/user/js/common.js?ver=20260415:1609:26
[ 2472340ms] TypeError: btnList.size is not a function
    at https://pr.seegenemedical.com/user/js/common.js?ver=20260415:160:26
[ 2472344ms] TypeError: btnList.size is not a function
    at https://pr.seegenemedical.com/user/js/common.js?ver=20260415:230:26
[ 2475346ms] TypeError: btnList.size is not a function
    at https://pr.seegenemedical.com/user/js/common.js?ver=20260415:160:26
[ 2475346ms] TypeError: btnList.size is not a function
    at https://pr.seegenemedical.com/user/js/common.js?ver=20260415:230:26
[ 2475346ms] TypeError: btnList.size is not a function
    at https://pr.seegenemedical.com/user/js/common.js?ver=20260415:1609:26
[ 2478346ms] TypeError: btnList.size is not a function
    at https://pr.seegenemedical.com/user/js/common.js?ver=20260415:160:26
[ 2478346ms] TypeError: btnList.size is not a function
    at https://pr.seegenemedical.com/user/js/common.js?ver=20260415:230:26
[ 2480844ms] TypeError: btnList.size is not a function
    at https://pr.seegenemedical.com/user/js/common.js?ver=20260415:1609:26
[ 2481347ms] TypeError: btnList.size is not a function
    at https://pr.seegenemedical.com/user/js/common.js?ver=20260415:160:26
[ 2481348ms] TypeError: btnList.size is not a function
    at https://pr.seegenemedical.com/user/js/common.js?ver=20260415:230:26
[ 2484352ms] TypeError: btnList.size is not a function
    at https://pr.seegenemedical.com/user/js/common.js?ver=20260415:160:26
[ 2484352ms] TypeError: btnList.size is not a function
    at https://pr.seegenemedical.com/user/js/common.js?ver=20260415:230:26
[ 2486357ms] TypeError: btnList.size is not a function
    at https://pr.seegenemedical.com/user/js/common.js?ver=20260415:1609:26
[ 2487347ms] TypeError: btnList.size is not a function
    at https://pr.seegenemedical.com/user/js/common.js?ver=20260415:160:26
[ 2487347ms] TypeError: btnList.size is not a function
    at https://pr.seegenemedical.com/user/js/common.js?ver=20260415:230:26
[ 2490346ms] TypeError: btnList.size is not a function
    at https://pr.seegenemedical.com/user/js/common.js?ver=20260415:160:26
[ 2490346ms] TypeError: btnList.size is not a function
    at https://pr.seegenemedical.com/user/js/common.js?ver=20260415:230:26
[ 2491852ms] TypeError: btnList.size is not a function
    at https://pr.seegenemedical.com/user/js/common.js?ver=20260415:1609:26
[ 2493344ms] TypeError: btnList.size is not a function
    at https://pr.seegenemedical.com/user/js/common.js?ver=20260415:160:26
[ 2493344ms] TypeError: btnList.size is not a function
    at https://pr.seegenemedical.com/user/js/common.js?ver=20260415:230:26
[ 2496346ms] TypeError: btnList.size is not a function
    at https://pr.seegenemedical.com/user/js/common.js?ver=20260415:160:26
[ 2496347ms] TypeError: btnList.size is not a function
    at https://pr.seegenemedical.com/user/js/common.js?ver=20260415:230:26
[ 2497346ms] TypeError: btnList.size is not a function
    at https://pr.seegenemedical.com/user/js/common.js?ver=20260415:1609:26
[ 2499352ms] TypeError: btnList.size is not a function
    at https://pr.seegenemedical.com/user/js/common.js?ver=20260415:160:26
[ 2499352ms] TypeError: btnList.size is not a function
    at https://pr.seegenemedical.com/user/js/common.js?ver=20260415:230:26
[ 2502345ms] TypeError: btnList.size is not a function
    at https://pr.seegenemedical.com/user/js/common.js?ver=20260415:160:26
[ 2502346ms] TypeError: btnList.size is not a function
    at https://pr.seegenemedical.com/user/js/common.js?ver=20260415:230:26
[ 2502851ms] TypeError: btnList.size is not a function
    at https://pr.seegenemedical.com/user/js/common.js?ver=20260415:1609:26
[ 2505347ms] TypeError: btnList.size is not a function
    at https://pr.seegenemedical.com/user/js/common.js?ver=20260415:160:26
[ 2505347ms] TypeError: btnList.size is not a function
    at https://pr.seegenemedical.com/user/js/common.js?ver=20260415:230:26
[ 2508350ms] TypeError: btnList.size is not a function
    at https://pr.seegenemedical.com/user/js/common.js?ver=20260415:160:26
[ 2508350ms] TypeError: btnList.size is not a function
    at https://pr.seegenemedical.com/user/js/common.js?ver=20260415:230:26
[ 2508350ms] TypeError: btnList.size is not a function
    at https://pr.seegenemedical.com/user/js/common.js?ver=20260415:1609:26
[ 2511354ms] TypeError: btnList.size is not a function
    at https://pr.seegenemedical.com/user/js/common.js?ver=20260415:160:26
[ 2511355ms] TypeError: btnList.size is not a function
    at https://pr.seegenemedical.com/user/js/common.js?ver=20260415:230:26
[ 2513848ms] TypeError: btnList.size is not a function
    at https://pr.seegenemedical.com/user/js/common.js?ver=20260415:1609:26
[ 2514345ms] TypeError: btnList.size is not a function
    at https://pr.seegenemedical.com/user/js/common.js?ver=20260415:160:26
[ 2514346ms] TypeError: btnList.size is not a function
    at https://pr.seegenemedical.com/user/js/common.js?ver=20260415:230:26
[ 2517352ms] TypeError: btnList.size is not a function
    at https://pr.seegenemedical.com/user/js/common.js?ver=20260415:160:26
[ 2517352ms] TypeError: btnList.size is not a function
    at https://pr.seegenemedical.com/user/js/common.js?ver=20260415:230:26
[ 2519350ms] TypeError: btnList.size is not a function
    at https://pr.seegenemedical.com/user/js/common.js?ver=20260415:1609:26
[ 2520349ms] TypeError: btnList.size is not a function
    at https://pr.seegenemedical.com/user/js/common.js?ver=20260415:160:26
[ 2520349ms] TypeError: btnList.size is not a function
    at https://pr.seegenemedical.com/user/js/common.js?ver=20260415:230:26
[ 2523345ms] TypeError: btnList.size is not a function
    at https://pr.seegenemedical.com/user/js/common.js?ver=20260415:160:26
[ 2523345ms] TypeError: btnList.size is not a function
    at https://pr.seegenemedical.com/user/js/common.js?ver=20260415:230:26
[ 2524854ms] TypeError: btnList.size is not a function
    at https://pr.seegenemedical.com/user/js/common.js?ver=20260415:1609:26
[ 2526345ms] TypeError: btnList.size is not a function
    at https://pr.seegenemedical.com/user/js/common.js?ver=20260415:160:26
[ 2526345ms] TypeError: btnList.size is not a function
    at https://pr.seegenemedical.com/user/js/common.js?ver=20260415:230:26
[ 2529351ms] TypeError: btnList.size is not a function
    at https://pr.seegenemedical.com/user/js/common.js?ver=20260415:160:26
[ 2529351ms] TypeError: btnList.size is not a function
    at https://pr.seegenemedical.com/user/js/common.js?ver=20260415:230:26
[ 2530351ms] TypeError: btnList.size is not a function
    at https://pr.seegenemedical.com/user/js/common.js?ver=20260415:1609:26
[ 2532351ms] TypeError: btnList.size is not a function
    at https://pr.seegenemedical.com/user/js/common.js?ver=20260415:160:26
[ 2532352ms] TypeError: btnList.size is not a function
    at https://pr.seegenemedical.com/user/js/common.js?ver=20260415:230:26
[ 2535356ms] TypeError: btnList.size is not a function
    at https://pr.seegenemedical.com/user/js/common.js?ver=20260415:160:26
[ 2535356ms] TypeError: btnList.size is not a function
    at https://pr.seegenemedical.com/user/js/common.js?ver=20260415:230:26
[ 2535851ms] TypeError: btnList.size is not a function
    at https://pr.seegenemedical.com/user/js/common.js?ver=20260415:1609:26
[ 2538348ms] TypeError: btnList.size is not a function
    at https://pr.seegenemedical.com/user/js/common.js?ver=20260415:160:26
[ 2538348ms] TypeError: btnList.size is not a function
    at https://pr.seegenemedical.com/user/js/common.js?ver=20260415:230:26
[ 2541351ms] TypeError: btnList.size is not a function
    at https://pr.seegenemedical.com/user/js/common.js?ver=20260415:160:26
[ 2541351ms] TypeError: btnList.size is not a function
    at https://pr.seegenemedical.com/user/js/common.js?ver=20260415:230:26
[ 2541351ms] TypeError: btnList.size is not a function
    at https://pr.seegenemedical.com/user/js/common.js?ver=20260415:1609:26
[ 2544356ms] TypeError: btnList.size is not a function
    at https://pr.seegenemedical.com/user/js/common.js?ver=20260415:160:26
[ 2544356ms] TypeError: btnList.size is not a function
    at https://pr.seegenemedical.com/user/js/common.js?ver=20260415:230:26
[ 2546852ms] TypeError: btnList.size is not a function
    at https://pr.seegenemedical.com/user/js/common.js?ver=20260415:1609:26
[ 2547352ms] TypeError: btnList.size is not a function
    at https://pr.seegenemedical.com/user/js/common.js?ver=20260415:160:26
[ 2547352ms] TypeError: btnList.size is not a function
    at https://pr.seegenemedical.com/user/js/common.js?ver=20260415:230:26
[ 2550351ms] TypeError: btnList.size is not a function
    at https://pr.seegenemedical.com/user/js/common.js?ver=20260415:160:26
[ 2550352ms] TypeError: btnList.size is not a function
    at https://pr.seegenemedical.com/user/js/common.js?ver=20260415:230:26
[ 2552355ms] TypeError: btnList.size is not a function
    at https://pr.seegenemedical.com/user/js/common.js?ver=20260415:1609:26
[ 2553352ms] TypeError: btnList.size is not a function
    at https://pr.seegenemedical.com/user/js/common.js?ver=20260415:160:26
[ 2553352ms] TypeError: btnList.size is not a function
    at https://pr.seegenemedical.com/user/js/common.js?ver=20260415:230:26
[ 2556346ms] TypeError: btnList.size is not a function
    at https://pr.seegenemedical.com/user/js/common.js?ver=20260415:160:26
[ 2556346ms] TypeError: btnList.size is not a function
    at https://pr.seegenemedical.com/user/js/common.js?ver=20260415:230:26
[ 2557843ms] TypeError: btnList.size is not a function
    at https://pr.seegenemedical.com/user/js/common.js?ver=20260415:1609:26
[ 2559352ms] TypeError: btnList.size is not a function
    at https://pr.seegenemedical.com/user/js/common.js?ver=20260415:160:26
[ 2559352ms] TypeError: btnList.size is not a function
    at https://pr.seegenemedical.com/user/js/common.js?ver=20260415:230:26
[ 2562341ms] TypeError: btnList.size is not a function
    at https://pr.seegenemedical.com/user/js/common.js?ver=20260415:160:26
[ 2562345ms] TypeError: btnList.size is not a function
    at https://pr.seegenemedical.com/user/js/common.js?ver=20260415:230:26
[ 2563351ms] TypeError: btnList.size is not a function
    at https://pr.seegenemedical.com/user/js/common.js?ver=20260415:1609:26
[ 2565349ms] TypeError: btnList.size is not a function
    at https://pr.seegenemedical.com/user/js/common.js?ver=20260415:160:26
[ 2565349ms] TypeError: btnList.size is not a function
    at https://pr.seegenemedical.com/user/js/common.js?ver=20260415:230:26
[ 2568350ms] TypeError: btnList.size is not a function
    at https://pr.seegenemedical.com/user/js/common.js?ver=20260415:160:26
[ 2568351ms] TypeError: btnList.size is not a function
    at https://pr.seegenemedical.com/user/js/common.js?ver=20260415:230:26
[ 2568850ms] TypeError: btnList.size is not a function
    at https://pr.seegenemedical.com/user/js/common.js?ver=20260415:1609:26
[ 2571348ms] TypeError: btnList.size is not a function
    at https://pr.seegenemedical.com/user/js/common.js?ver=20260415:160:26
[ 2571348ms] TypeError: btnList.size is not a function
    at https://pr.seegenemedical.com/user/js/common.js?ver=20260415:230:26
[ 2574349ms] TypeError: btnList.size is not a function
    at https://pr.seegenemedical.com/user/js/common.js?ver=20260415:160:26
[ 2574350ms] TypeError: btnList.size is not a function
    at https://pr.seegenemedical.com/user/js/common.js?ver=20260415:230:26
[ 2574350ms] TypeError: btnList.size is not a function
    at https://pr.seegenemedical.com/user/js/common.js?ver=20260415:1609:26
[ 2577348ms] TypeError: btnList.size is not a function
    at https://pr.seegenemedical.com/user/js/common.js?ver=20260415:160:26
[ 2577348ms] TypeError: btnList.size is not a function
    at https://pr.seegenemedical.com/user/js/common.js?ver=20260415:230:26
[ 2579847ms] TypeError: btnList.size is not a function
    at https://pr.seegenemedical.com/user/js/common.js?ver=20260415:1609:26
[ 2580347ms] TypeError: btnList.size is not a function
    at https://pr.seegenemedical.com/user/js/common.js?ver=20260415:160:26
[ 2580347ms] TypeError: btnList.size is not a function
    at https://pr.seegenemedical.com/user/js/common.js?ver=20260415:230:26
[ 2583349ms] TypeError: btnList.size is not a function
    at https://pr.seegenemedical.com/user/js/common.js?ver=20260415:160:26
[ 2583349ms] TypeError: btnList.size is not a function
    at https://pr.seegenemedical.com/user/js/common.js?ver=20260415:230:26
[ 2585346ms] TypeError: btnList.size is not a function
    at https://pr.seegenemedical.com/user/js/common.js?ver=20260415:1609:26
[ 2586354ms] TypeError: btnList.size is not a function
    at https://pr.seegenemedical.com/user/js/common.js?ver=20260415:160:26
[ 2586354ms] TypeError: btnList.size is not a function
    at https://pr.seegenemedical.com/user/js/common.js?ver=20260415:230:26
[ 2589355ms] TypeError: btnList.size is not a function
    at https://pr.seegenemedical.com/user/js/common.js?ver=20260415:160:26
[ 2589355ms] TypeError: btnList.size is not a function
    at https://pr.seegenemedical.com/user/js/common.js?ver=20260415:230:26
[ 2590856ms] TypeError: btnList.size is not a function
    at https://pr.seegenemedical.com/user/js/common.js?ver=20260415:1609:26
[ 2592357ms] TypeError: btnList.size is not a function
    at https://pr.seegenemedical.com/user/js/common.js?ver=20260415:160:26
[ 2592357ms] TypeError: btnList.size is not a function
    at https://pr.seegenemedical.com/user/js/common.js?ver=20260415:230:26
[ 2595344ms] TypeError: btnList.size is not a function
    at https://pr.seegenemedical.com/user/js/common.js?ver=20260415:160:26
[ 2595344ms] TypeError: btnList.size is not a function
    at https://pr.seegenemedical.com/user/js/common.js?ver=20260415:230:26
[ 2596347ms] TypeError: btnList.size is not a function
    at https://pr.seegenemedical.com/user/js/common.js?ver=20260415:1609:26
[ 2598355ms] TypeError: btnList.size is not a function
    at https://pr.seegenemedical.com/user/js/common.js?ver=20260415:160:26
[ 2598355ms] TypeError: btnList.size is not a function
    at https://pr.seegenemedical.com/user/js/common.js?ver=20260415:230:26
[ 2601352ms] TypeError: btnList.size is not a function
    at https://pr.seegenemedical.com/user/js/common.js?ver=20260415:160:26
[ 2601352ms] TypeError: btnList.size is not a function
    at https://pr.seegenemedical.com/user/js/common.js?ver=20260415:230:26
[ 2601851ms] TypeError: btnList.size is not a function
    at https://pr.seegenemedical.com/user/js/common.js?ver=20260415:1609:26
[ 2604352ms] TypeError: btnList.size is not a function
    at https://pr.seegenemedical.com/user/js/common.js?ver=20260415:160:26
[ 2604353ms] TypeError: btnList.size is not a function
    at https://pr.seegenemedical.com/user/js/common.js?ver=20260415:230:26
[ 2607351ms] TypeError: btnList.size is not a function
    at https://pr.seegenemedical.com/user/js/common.js?ver=20260415:160:26
[ 2607352ms] TypeError: btnList.size is not a function
    at https://pr.seegenemedical.com/user/js/common.js?ver=20260415:230:26
[ 2607352ms] TypeError: btnList.size is not a function
    at https://pr.seegenemedical.com/user/js/common.js?ver=20260415:1609:26
[ 2610342ms] TypeError: btnList.size is not a function
    at https://pr.seegenemedical.com/user/js/common.js?ver=20260415:160:26
[ 2610346ms] TypeError: btnList.size is not a function
    at https://pr.seegenemedical.com/user/js/common.js?ver=20260415:230:26
[ 2612856ms] TypeError: btnList.size is not a function
    at https://pr.seegenemedical.com/user/js/common.js?ver=20260415:1609:26
[ 2613355ms] TypeError: btnList.size is not a function
    at https://pr.seegenemedical.com/user/js/common.js?ver=20260415:160:26
[ 2613355ms] TypeError: btnList.size is not a function
    at https://pr.seegenemedical.com/user/js/common.js?ver=20260415:230:26
[ 2616350ms] TypeError: btnList.size is not a function
    at https://pr.seegenemedical.com/user/js/common.js?ver=20260415:160:26
[ 2616350ms] TypeError: btnList.size is not a function
    at https://pr.seegenemedical.com/user/js/common.js?ver=20260415:230:26
[ 2618351ms] TypeError: btnList.size is not a function
    at https://pr.seegenemedical.com/user/js/common.js?ver=20260415:1609:26
[ 2619350ms] TypeError: btnList.size is not a function
    at https://pr.seegenemedical.com/user/js/common.js?ver=20260415:160:26
[ 2619350ms] TypeError: btnList.size is not a function
    at https://pr.seegenemedical.com/user/js/common.js?ver=20260415:230:26
[ 2622351ms] TypeError: btnList.size is not a function
    at https://pr.seegenemedical.com/user/js/common.js?ver=20260415:160:26
[ 2622351ms] TypeError: btnList.size is not a function
    at https://pr.seegenemedical.com/user/js/common.js?ver=20260415:230:26
[ 2623852ms] TypeError: btnList.size is not a function
    at https://pr.seegenemedical.com/user/js/common.js?ver=20260415:1609:26
[ 2625351ms] TypeError: btnList.size is not a function
    at https://pr.seegenemedical.com/user/js/common.js?ver=20260415:160:26
[ 2625351ms] TypeError: btnList.size is not a function
    at https://pr.seegenemedical.com/user/js/common.js?ver=20260415:230:26
[ 2628351ms] TypeError: btnList.size is not a function
    at https://pr.seegenemedical.com/user/js/common.js?ver=20260415:160:26
[ 2628351ms] TypeError: btnList.size is not a function
    at https://pr.seegenemedical.com/user/js/common.js?ver=20260415:230:26
[ 2629351ms] TypeError: btnList.size is not a function
    at https://pr.seegenemedical.com/user/js/common.js?ver=20260415:1609:26
[ 2631346ms] TypeError: btnList.size is not a function
    at https://pr.seegenemedical.com/user/js/common.js?ver=20260415:160:26
[ 2631346ms] TypeError: btnList.size is not a function
    at https://pr.seegenemedical.com/user/js/common.js?ver=20260415:230:26
[ 2634346ms] TypeError: btnList.size is not a function
    at https://pr.seegenemedical.com/user/js/common.js?ver=20260415:160:26
[ 2634346ms] TypeError: btnList.size is not a function
    at https://pr.seegenemedical.com/user/js/common.js?ver=20260415:230:26
[ 2634851ms] TypeError: btnList.size is not a function
    at https://pr.seegenemedical.com/user/js/common.js?ver=20260415:1609:26
[ 2637348ms] TypeError: btnList.size is not a function
    at https://pr.seegenemedical.com/user/js/common.js?ver=20260415:160:26
[ 2637348ms] TypeError: btnList.size is not a function
    at https://pr.seegenemedical.com/user/js/common.js?ver=20260415:230:26
[ 2640348ms] TypeError: btnList.size is not a function
    at https://pr.seegenemedical.com/user/js/common.js?ver=20260415:160:26
[ 2640348ms] TypeError: btnList.size is not a function
    at https://pr.seegenemedical.com/user/js/common.js?ver=20260415:230:26
[ 2640348ms] TypeError: btnList.size is not a function
    at https://pr.seegenemedical.com/user/js/common.js?ver=20260415:1609:26
[ 2643345ms] TypeError: btnList.size is not a function
    at https://pr.seegenemedical.com/user/js/common.js?ver=20260415:160:26
[ 2643345ms] TypeError: btnList.size is not a function
    at https://pr.seegenemedical.com/user/js/common.js?ver=20260415:230:26
[ 2645850ms] TypeError: btnList.size is not a function
    at https://pr.seegenemedical.com/user/js/common.js?ver=20260415:1609:26
[ 2646351ms] TypeError: btnList.size is not a function
    at https://pr.seegenemedical.com/user/js/common.js?ver=20260415:160:26
[ 2646351ms] TypeError: btnList.size is not a function
    at https://pr.seegenemedical.com/user/js/common.js?ver=20260415:230:26
[ 2649350ms] TypeError: btnList.size is not a function
    at https://pr.seegenemedical.com/user/js/common.js?ver=20260415:160:26
[ 2649350ms] TypeError: btnList.size is not a function
    at https://pr.seegenemedical.com/user/js/common.js?ver=20260415:230:26
[ 2651353ms] TypeError: btnList.size is not a function
    at https://pr.seegenemedical.com/user/js/common.js?ver=20260415:1609:26
[ 2652348ms] TypeError: btnList.size is not a function
    at https://pr.seegenemedical.com/user/js/common.js?ver=20260415:160:26
[ 2652349ms] TypeError: btnList.size is not a function
    at https://pr.seegenemedical.com/user/js/common.js?ver=20260415:230:26
[ 2655352ms] TypeError: btnList.size is not a function
    at https://pr.seegenemedical.com/user/js/common.js?ver=20260415:160:26
[ 2655353ms] TypeError: btnList.size is not a function
    at https://pr.seegenemedical.com/user/js/common.js?ver=20260415:230:26
[ 2656850ms] TypeError: btnList.size is not a function
    at https://pr.seegenemedical.com/user/js/common.js?ver=20260415:1609:26
[ 2658351ms] TypeError: btnList.size is not a function
    at https://pr.seegenemedical.com/user/js/common.js?ver=20260415:160:26
[ 2658351ms] TypeError: btnList.size is not a function
    at https://pr.seegenemedical.com/user/js/common.js?ver=20260415:230:26
[ 2661350ms] TypeError: btnList.size is not a function
    at https://pr.seegenemedical.com/user/js/common.js?ver=20260415:160:26
[ 2661351ms] TypeError: btnList.size is not a function
    at https://pr.seegenemedical.com/user/js/common.js?ver=20260415:230:26
[ 2662349ms] TypeError: btnList.size is not a function
    at https://pr.seegenemedical.com/user/js/common.js?ver=20260415:1609:26
[ 2664348ms] TypeError: btnList.size is not a function
    at https://pr.seegenemedical.com/user/js/common.js?ver=20260415:160:26
[ 2664348ms] TypeError: btnList.size is not a function
    at https://pr.seegenemedical.com/user/js/common.js?ver=20260415:230:26
[ 2667346ms] TypeError: btnList.size is not a function
    at https://pr.seegenemedical.com/user/js/common.js?ver=20260415:160:26
[ 2667347ms] TypeError: btnList.size is not a function
    at https://pr.seegenemedical.com/user/js/common.js?ver=20260415:230:26
[ 2667852ms] TypeError: btnList.size is not a function
    at https://pr.seegenemedical.com/user/js/common.js?ver=20260415:1609:26
[ 2670346ms] TypeError: btnList.size is not a function
    at https://pr.seegenemedical.com/user/js/common.js?ver=20260415:160:26
[ 2670346ms] TypeError: btnList.size is not a function
    at https://pr.seegenemedical.com/user/js/common.js?ver=20260415:230:26
[ 2673350ms] TypeError: btnList.size is not a function
    at https://pr.seegenemedical.com/user/js/common.js?ver=20260415:160:26
[ 2673351ms] TypeError: btnList.size is not a function
    at https://pr.seegenemedical.com/user/js/common.js?ver=20260415:230:26
[ 2673351ms] TypeError: btnList.size is not a function
    at https://pr.seegenemedical.com/user/js/common.js?ver=20260415:1609:26
[ 2676351ms] TypeError: btnList.size is not a function
    at https://pr.seegenemedical.com/user/js/common.js?ver=20260415:160:26
[ 2676351ms] TypeError: btnList.size is not a function
    at https://pr.seegenemedical.com/user/js/common.js?ver=20260415:230:26
[ 2678851ms] TypeError: btnList.size is not a function
    at https://pr.seegenemedical.com/user/js/common.js?ver=20260415:1609:26
[ 2679346ms] TypeError: btnList.size is not a function
    at https://pr.seegenemedical.com/user/js/common.js?ver=20260415:160:26
[ 2679346ms] TypeError: btnList.size is not a function
    at https://pr.seegenemedical.com/user/js/common.js?ver=20260415:230:26
[ 2682341ms] TypeError: btnList.size is not a function
    at https://pr.seegenemedical.com/user/js/common.js?ver=20260415:160:26
[ 2682342ms] TypeError: btnList.size is not a function
    at https://pr.seegenemedical.com/user/js/common.js?ver=20260415:230:26
[ 2684344ms] TypeError: btnList.size is not a function
    at https://pr.seegenemedical.com/user/js/common.js?ver=20260415:1609:26
[ 2685345ms] TypeError: btnList.size is not a function
    at https://pr.seegenemedical.com/user/js/common.js?ver=20260415:160:26
[ 2685345ms] TypeError: btnList.size is not a function
    at https://pr.seegenemedical.com/user/js/common.js?ver=20260415:230:26
[ 2688346ms] TypeError: btnList.size is not a function
    at https://pr.seegenemedical.com/user/js/common.js?ver=20260415:160:26
[ 2688347ms] TypeError: btnList.size is not a function
    at https://pr.seegenemedical.com/user/js/common.js?ver=20260415:230:26
[ 2689850ms] TypeError: btnList.size is not a function
    at https://pr.seegenemedical.com/user/js/common.js?ver=20260415:1609:26
[ 2691355ms] TypeError: btnList.size is not a function
    at https://pr.seegenemedical.com/user/js/common.js?ver=20260415:160:26
[ 2691356ms] TypeError: btnList.size is not a function
    at https://pr.seegenemedical.com/user/js/common.js?ver=20260415:230:26
[ 2694345ms] TypeError: btnList.size is not a function
    at https://pr.seegenemedical.com/user/js/common.js?ver=20260415:160:26
[ 2694345ms] TypeError: btnList.size is not a function
    at https://pr.seegenemedical.com/user/js/common.js?ver=20260415:230:26
[ 2695360ms] TypeError: btnList.size is not a function
    at https://pr.seegenemedical.com/user/js/common.js?ver=20260415:1609:26
[ 2697348ms] TypeError: btnList.size is not a function
    at https://pr.seegenemedical.com/user/js/common.js?ver=20260415:160:26
[ 2697348ms] TypeError: btnList.size is not a function
    at https://pr.seegenemedical.com/user/js/common.js?ver=20260415:230:26
[ 2700348ms] TypeError: btnList.size is not a function
    at https://pr.seegenemedical.com/user/js/common.js?ver=20260415:160:26
[ 2700348ms] TypeError: btnList.size is not a function
    at https://pr.seegenemedical.com/user/js/common.js?ver=20260415:230:26
[ 2700850ms] TypeError: btnList.size is not a function
    at https://pr.seegenemedical.com/user/js/common.js?ver=20260415:1609:26
[ 2703348ms] TypeError: btnList.size is not a function
    at https://pr.seegenemedical.com/user/js/common.js?ver=20260415:160:26
[ 2703348ms] TypeError: btnList.size is not a function
    at https://pr.seegenemedical.com/user/js/common.js?ver=20260415:230:26
[ 2706350ms] TypeError: btnList.size is not a function
    at https://pr.seegenemedical.com/user/js/common.js?ver=20260415:160:26
[ 2706350ms] TypeError: btnList.size is not a function
    at https://pr.seegenemedical.com/user/js/common.js?ver=20260415:230:26
[ 2706350ms] TypeError: btnList.size is not a function
    at https://pr.seegenemedical.com/user/js/common.js?ver=20260415:1609:26
[ 2709354ms] TypeError: btnList.size is not a function
    at https://pr.seegenemedical.com/user/js/common.js?ver=20260415:160:26
[ 2709354ms] TypeError: btnList.size is not a function
    at https://pr.seegenemedical.com/user/js/common.js?ver=20260415:230:26
[ 2711850ms] TypeError: btnList.size is not a function
    at https://pr.seegenemedical.com/user/js/common.js?ver=20260415:1609:26
[ 2712356ms] TypeError: btnList.size is not a function
    at https://pr.seegenemedical.com/user/js/common.js?ver=20260415:160:26
[ 2712356ms] TypeError: btnList.size is not a function
    at https://pr.seegenemedical.com/user/js/common.js?ver=20260415:230:26
[ 2715351ms] TypeError: btnList.size is not a function
    at https://pr.seegenemedical.com/user/js/common.js?ver=20260415:160:26
[ 2715351ms] TypeError: btnList.size is not a function
    at https://pr.seegenemedical.com/user/js/common.js?ver=20260415:230:26
[ 2717349ms] TypeError: btnList.size is not a function
    at https://pr.seegenemedical.com/user/js/common.js?ver=20260415:1609:26
[ 2718352ms] TypeError: btnList.size is not a function
    at https://pr.seegenemedical.com/user/js/common.js?ver=20260415:160:26
[ 2718352ms] TypeError: btnList.size is not a function
    at https://pr.seegenemedical.com/user/js/common.js?ver=20260415:230:26
[ 2721348ms] TypeError: btnList.size is not a function
    at https://pr.seegenemedical.com/user/js/common.js?ver=20260415:160:26
[ 2721348ms] TypeError: btnList.size is not a function
    at https://pr.seegenemedical.com/user/js/common.js?ver=20260415:230:26
[ 2722851ms] TypeError: btnList.size is not a function
    at https://pr.seegenemedical.com/user/js/common.js?ver=20260415:1609:26
[ 2724351ms] TypeError: btnList.size is not a function
    at https://pr.seegenemedical.com/user/js/common.js?ver=20260415:160:26
[ 2724351ms] TypeError: btnList.size is not a function
    at https://pr.seegenemedical.com/user/js/common.js?ver=20260415:230:26
[ 2727348ms] TypeError: btnList.size is not a function
    at https://pr.seegenemedical.com/user/js/common.js?ver=20260415:160:26
[ 2727348ms] TypeError: btnList.size is not a function
    at https://pr.seegenemedical.com/user/js/common.js?ver=20260415:230:26
[ 2728349ms] TypeError: btnList.size is not a function
    at https://pr.seegenemedical.com/user/js/common.js?ver=20260415:1609:26
[ 2730349ms] TypeError: btnList.size is not a function
    at https://pr.seegenemedical.com/user/js/common.js?ver=20260415:160:26
[ 2730349ms] TypeError: btnList.size is not a function
    at https://pr.seegenemedical.com/user/js/common.js?ver=20260415:230:26
[ 2733340ms] TypeError: btnList.size is not a function
    at https://pr.seegenemedical.com/user/js/common.js?ver=20260415:160:26
[ 2733344ms] TypeError: btnList.size is not a function
    at https://pr.seegenemedical.com/user/js/common.js?ver=20260415:230:26
[ 2733850ms] TypeError: btnList.size is not a function
    at https://pr.seegenemedical.com/user/js/common.js?ver=20260415:1609:26
[ 2736346ms] TypeError: btnList.size is not a function
    at https://pr.seegenemedical.com/user/js/common.js?ver=20260415:160:26
[ 2736346ms] TypeError: btnList.size is not a function
    at https://pr.seegenemedical.com/user/js/common.js?ver=20260415:230:26
[ 2739349ms] TypeError: btnList.size is not a function
    at https://pr.seegenemedical.com/user/js/common.js?ver=20260415:160:26
[ 2739350ms] TypeError: btnList.size is not a function
    at https://pr.seegenemedical.com/user/js/common.js?ver=20260415:230:26
[ 2739350ms] TypeError: btnList.size is not a function
    at https://pr.seegenemedical.com/user/js/common.js?ver=20260415:1609:26
[ 2742339ms] TypeError: btnList.size is not a function
    at https://pr.seegenemedical.com/user/js/common.js?ver=20260415:160:26
[ 2742344ms] TypeError: btnList.size is not a function
    at https://pr.seegenemedical.com/user/js/common.js?ver=20260415:230:26
[ 2744851ms] TypeError: btnList.size is not a function
    at https://pr.seegenemedical.com/user/js/common.js?ver=20260415:1609:26
[ 2745355ms] TypeError: btnList.size is not a function
    at https://pr.seegenemedical.com/user/js/common.js?ver=20260415:160:26
[ 2745355ms] TypeError: btnList.size is not a function
    at https://pr.seegenemedical.com/user/js/common.js?ver=20260415:230:26
[ 2748350ms] TypeError: btnList.size is not a function
    at https://pr.seegenemedical.com/user/js/common.js?ver=20260415:160:26
[ 2748350ms] TypeError: btnList.size is not a function
    at https://pr.seegenemedical.com/user/js/common.js?ver=20260415:230:26
[ 2750357ms] TypeError: btnList.size is not a function
    at https://pr.seegenemedical.com/user/js/common.js?ver=20260415:1609:26
[ 2751349ms] TypeError: btnList.size is not a function
    at https://pr.seegenemedical.com/user/js/common.js?ver=20260415:160:26
[ 2751350ms] TypeError: btnList.size is not a function
    at https://pr.seegenemedical.com/user/js/common.js?ver=20260415:230:26
[ 2754349ms] TypeError: btnList.size is not a function
    at https://pr.seegenemedical.com/user/js/common.js?ver=20260415:160:26
[ 2754350ms] TypeError: btnList.size is not a function
    at https://pr.seegenemedical.com/user/js/common.js?ver=20260415:230:26
[ 2755843ms] TypeError: btnList.size is not a function
    at https://pr.seegenemedical.com/user/js/common.js?ver=20260415:1609:26
[ 2757350ms] TypeError: btnList.size is not a function
    at https://pr.seegenemedical.com/user/js/common.js?ver=20260415:160:26
[ 2757351ms] TypeError: btnList.size is not a function
    at https://pr.seegenemedical.com/user/js/common.js?ver=20260415:230:26
[ 2760342ms] TypeError: btnList.size is not a function
    at https://pr.seegenemedical.com/user/js/common.js?ver=20260415:160:26
[ 2760342ms] TypeError: btnList.size is not a function
    at https://pr.seegenemedical.com/user/js/common.js?ver=20260415:230:26
[ 2761343ms] TypeError: btnList.size is not a function
    at https://pr.seegenemedical.com/user/js/common.js?ver=20260415:1609:26
[ 2763352ms] TypeError: btnList.size is not a function
    at https://pr.seegenemedical.com/user/js/common.js?ver=20260415:160:26
[ 2763352ms] TypeError: btnList.size is not a function
    at https://pr.seegenemedical.com/user/js/common.js?ver=20260415:230:26
[ 2766352ms] TypeError: btnList.size is not a function
    at https://pr.seegenemedical.com/user/js/common.js?ver=20260415:160:26
[ 2766353ms] TypeError: btnList.size is not a function
    at https://pr.seegenemedical.com/user/js/common.js?ver=20260415:230:26
[ 2766850ms] TypeError: btnList.size is not a function
    at https://pr.seegenemedical.com/user/js/common.js?ver=20260415:1609:26
[ 2769345ms] TypeError: btnList.size is not a function
    at https://pr.seegenemedical.com/user/js/common.js?ver=20260415:160:26
[ 2769345ms] TypeError: btnList.size is not a function
    at https://pr.seegenemedical.com/user/js/common.js?ver=20260415:230:26
[ 2772357ms] TypeError: btnList.size is not a function
    at https://pr.seegenemedical.com/user/js/common.js?ver=20260415:160:26
[ 2772357ms] TypeError: btnList.size is not a function
    at https://pr.seegenemedical.com/user/js/common.js?ver=20260415:230:26
[ 2772357ms] TypeError: btnList.size is not a function
    at https://pr.seegenemedical.com/user/js/common.js?ver=20260415:1609:26
[ 2775347ms] TypeError: btnList.size is not a function
    at https://pr.seegenemedical.com/user/js/common.js?ver=20260415:160:26
[ 2775347ms] TypeError: btnList.size is not a function
    at https://pr.seegenemedical.com/user/js/common.js?ver=20260415:230:26
[ 2777847ms] TypeError: btnList.size is not a function
    at https://pr.seegenemedical.com/user/js/common.js?ver=20260415:1609:26
[ 2778343ms] TypeError: btnList.size is not a function
    at https://pr.seegenemedical.com/user/js/common.js?ver=20260415:160:26
[ 2778344ms] TypeError: btnList.size is not a function
    at https://pr.seegenemedical.com/user/js/common.js?ver=20260415:230:26
[ 2781348ms] TypeError: btnList.size is not a function
    at https://pr.seegenemedical.com/user/js/common.js?ver=20260415:160:26
[ 2781348ms] TypeError: btnList.size is not a function
    at https://pr.seegenemedical.com/user/js/common.js?ver=20260415:230:26
[ 2783346ms] TypeError: btnList.size is not a function
    at https://pr.seegenemedical.com/user/js/common.js?ver=20260415:1609:26
[ 2784355ms] TypeError: btnList.size is not a function
    at https://pr.seegenemedical.com/user/js/common.js?ver=20260415:160:26
[ 2784355ms] TypeError: btnList.size is not a function
    at https://pr.seegenemedical.com/user/js/common.js?ver=20260415:230:26
[ 2787345ms] TypeError: btnList.size is not a function
    at https://pr.seegenemedical.com/user/js/common.js?ver=20260415:160:26
[ 2787346ms] TypeError: btnList.size is not a function
    at https://pr.seegenemedical.com/user/js/common.js?ver=20260415:230:26
[ 2788852ms] TypeError: btnList.size is not a function
    at https://pr.seegenemedical.com/user/js/common.js?ver=20260415:1609:26
[ 2790352ms] TypeError: btnList.size is not a function
    at https://pr.seegenemedical.com/user/js/common.js?ver=20260415:160:26
[ 2790352ms] TypeError: btnList.size is not a function
    at https://pr.seegenemedical.com/user/js/common.js?ver=20260415:230:26
[ 2793354ms] TypeError: btnList.size is not a function
    at https://pr.seegenemedical.com/user/js/common.js?ver=20260415:160:26
[ 2793354ms] TypeError: btnList.size is not a function
    at https://pr.seegenemedical.com/user/js/common.js?ver=20260415:230:26
[ 2794354ms] TypeError: btnList.size is not a function
    at https://pr.seegenemedical.com/user/js/common.js?ver=20260415:1609:26
[ 2796357ms] TypeError: btnList.size is not a function
    at https://pr.seegenemedical.com/user/js/common.js?ver=20260415:160:26
[ 2796357ms] TypeError: btnList.size is not a function
    at https://pr.seegenemedical.com/user/js/common.js?ver=20260415:230:26
[ 2799350ms] TypeError: btnList.size is not a function
    at https://pr.seegenemedical.com/user/js/common.js?ver=20260415:160:26
[ 2799350ms] TypeError: btnList.size is not a function
    at https://pr.seegenemedical.com/user/js/common.js?ver=20260415:230:26
[ 2799851ms] TypeError: btnList.size is not a function
    at https://pr.seegenemedical.com/user/js/common.js?ver=20260415:1609:26
[ 2802354ms] TypeError: btnList.size is not a function
    at https://pr.seegenemedical.com/user/js/common.js?ver=20260415:160:26
[ 2802354ms] TypeError: btnList.size is not a function
    at https://pr.seegenemedical.com/user/js/common.js?ver=20260415:230:26
[ 2805343ms] TypeError: btnList.size is not a function
    at https://pr.seegenemedical.com/user/js/common.js?ver=20260415:160:26
[ 2805344ms] TypeError: btnList.size is not a function
    at https://pr.seegenemedical.com/user/js/common.js?ver=20260415:230:26
[ 2805349ms] TypeError: btnList.size is not a function
    at https://pr.seegenemedical.com/user/js/common.js?ver=20260415:1609:26
[ 2808346ms] TypeError: btnList.size is not a function
    at https://pr.seegenemedical.com/user/js/common.js?ver=20260415:160:26
[ 2808347ms] TypeError: btnList.size is not a function
    at https://pr.seegenemedical.com/user/js/common.js?ver=20260415:230:26
[ 2810846ms] TypeError: btnList.size is not a function
    at https://pr.seegenemedical.com/user/js/common.js?ver=20260415:1609:26
[ 2811347ms] TypeError: btnList.size is not a function
    at https://pr.seegenemedical.com/user/js/common.js?ver=20260415:160:26
[ 2811347ms] TypeError: btnList.size is not a function
    at https://pr.seegenemedical.com/user/js/common.js?ver=20260415:230:26
[ 2814347ms] TypeError: btnList.size is not a function
    at https://pr.seegenemedical.com/user/js/common.js?ver=20260415:160:26
[ 2814348ms] TypeError: btnList.size is not a function
    at https://pr.seegenemedical.com/user/js/common.js?ver=20260415:230:26
[ 2816349ms] TypeError: btnList.size is not a function
    at https://pr.seegenemedical.com/user/js/common.js?ver=20260415:1609:26
[ 2817347ms] TypeError: btnList.size is not a function
    at https://pr.seegenemedical.com/user/js/common.js?ver=20260415:160:26
[ 2817348ms] TypeError: btnList.size is not a function
    at https://pr.seegenemedical.com/user/js/common.js?ver=20260415:230:26
[ 2820346ms] TypeError: btnList.size is not a function
    at https://pr.seegenemedical.com/user/js/common.js?ver=20260415:160:26
[ 2820346ms] TypeError: btnList.size is not a function
    at https://pr.seegenemedical.com/user/js/common.js?ver=20260415:230:26
[ 2821850ms] TypeError: btnList.size is not a function
    at https://pr.seegenemedical.com/user/js/common.js?ver=20260415:1609:26
[ 2823343ms] TypeError: btnList.size is not a function
    at https://pr.seegenemedical.com/user/js/common.js?ver=20260415:160:26
[ 2823343ms] TypeError: btnList.size is not a function
    at https://pr.seegenemedical.com/user/js/common.js?ver=20260415:230:26
[ 2826344ms] TypeError: btnList.size is not a function
    at https://pr.seegenemedical.com/user/js/common.js?ver=20260415:160:26
[ 2826344ms] TypeError: btnList.size is not a function
    at https://pr.seegenemedical.com/user/js/common.js?ver=20260415:230:26
[ 2827344ms] TypeError: btnList.size is not a function
    at https://pr.seegenemedical.com/user/js/common.js?ver=20260415:1609:26
[ 2829355ms] TypeError: btnList.size is not a function
    at https://pr.seegenemedical.com/user/js/common.js?ver=20260415:160:26
[ 2829356ms] TypeError: btnList.size is not a function
    at https://pr.seegenemedical.com/user/js/common.js?ver=20260415:230:26
[ 2832356ms] TypeError: btnList.size is not a function
    at https://pr.seegenemedical.com/user/js/common.js?ver=20260415:160:26
[ 2832357ms] TypeError: btnList.size is not a function
    at https://pr.seegenemedical.com/user/js/common.js?ver=20260415:230:26
[ 2832852ms] TypeError: btnList.size is not a function
    at https://pr.seegenemedical.com/user/js/common.js?ver=20260415:1609:26
[ 2835350ms] TypeError: btnList.size is not a function
    at https://pr.seegenemedical.com/user/js/common.js?ver=20260415:160:26
[ 2835350ms] TypeError: btnList.size is not a function
    at https://pr.seegenemedical.com/user/js/common.js?ver=20260415:230:26
[ 2838348ms] TypeError: btnList.size is not a function
    at https://pr.seegenemedical.com/user/js/common.js?ver=20260415:160:26
[ 2838348ms] TypeError: btnList.size is not a function
    at https://pr.seegenemedical.com/user/js/common.js?ver=20260415:230:26
[ 2838349ms] TypeError: btnList.size is not a function
    at https://pr.seegenemedical.com/user/js/common.js?ver=20260415:1609:26
[ 2841342ms] TypeError: btnList.size is not a function
    at https://pr.seegenemedical.com/user/js/common.js?ver=20260415:160:26
[ 2841342ms] TypeError: btnList.size is not a function
    at https://pr.seegenemedical.com/user/js/common.js?ver=20260415:230:26
[ 2843848ms] TypeError: btnList.size is not a function
    at https://pr.seegenemedical.com/user/js/common.js?ver=20260415:1609:26
[ 2844343ms] TypeError: btnList.size is not a function
    at https://pr.seegenemedical.com/user/js/common.js?ver=20260415:160:26
[ 2844343ms] TypeError: btnList.size is not a function
    at https://pr.seegenemedical.com/user/js/common.js?ver=20260415:230:26
[ 2847341ms] TypeError: btnList.size is not a function
    at https://pr.seegenemedical.com/user/js/common.js?ver=20260415:160:26
[ 2847341ms] TypeError: btnList.size is not a function
    at https://pr.seegenemedical.com/user/js/common.js?ver=20260415:230:26
[ 2849354ms] TypeError: btnList.size is not a function
    at https://pr.seegenemedical.com/user/js/common.js?ver=20260415:1609:26
[ 2850345ms] TypeError: btnList.size is not a function
    at https://pr.seegenemedical.com/user/js/common.js?ver=20260415:160:26
[ 2850345ms] TypeError: btnList.size is not a function
    at https://pr.seegenemedical.com/user/js/common.js?ver=20260415:230:26
[ 2853349ms] TypeError: btnList.size is not a function
    at https://pr.seegenemedical.com/user/js/common.js?ver=20260415:160:26
[ 2853349ms] TypeError: btnList.size is not a function
    at https://pr.seegenemedical.com/user/js/common.js?ver=20260415:230:26
[ 2854844ms] TypeError: btnList.size is not a function
    at https://pr.seegenemedical.com/user/js/common.js?ver=20260415:1609:26
[ 2856344ms] TypeError: btnList.size is not a function
    at https://pr.seegenemedical.com/user/js/common.js?ver=20260415:160:26
[ 2856345ms] TypeError: btnList.size is not a function
    at https://pr.seegenemedical.com/user/js/common.js?ver=20260415:230:26
[ 2859344ms] TypeError: btnList.size is not a function
    at https://pr.seegenemedical.com/user/js/common.js?ver=20260415:160:26
[ 2859344ms] TypeError: btnList.size is not a function
    at https://pr.seegenemedical.com/user/js/common.js?ver=20260415:230:26
[ 2860348ms] TypeError: btnList.size is not a function
    at https://pr.seegenemedical.com/user/js/common.js?ver=20260415:1609:26
[ 2862349ms] TypeError: btnList.size is not a function
    at https://pr.seegenemedical.com/user/js/common.js?ver=20260415:160:26
[ 2862349ms] TypeError: btnList.size is not a function
    at https://pr.seegenemedical.com/user/js/common.js?ver=20260415:230:26
[ 2865345ms] TypeError: btnList.size is not a function
    at https://pr.seegenemedical.com/user/js/common.js?ver=20260415:160:26
[ 2865345ms] TypeError: btnList.size is not a function
    at https://pr.seegenemedical.com/user/js/common.js?ver=20260415:230:26
[ 2865847ms] TypeError: btnList.size is not a function
    at https://pr.seegenemedical.com/user/js/common.js?ver=20260415:1609:26
[ 2868347ms] TypeError: btnList.size is not a function
    at https://pr.seegenemedical.com/user/js/common.js?ver=20260415:160:26
[ 2868347ms] TypeError: btnList.size is not a function
    at https://pr.seegenemedical.com/user/js/common.js?ver=20260415:230:26
[ 2871345ms] TypeError: btnList.size is not a function
    at https://pr.seegenemedical.com/user/js/common.js?ver=20260415:160:26
[ 2871345ms] TypeError: btnList.size is not a function
    at https://pr.seegenemedical.com/user/js/common.js?ver=20260415:230:26
[ 2871345ms] TypeError: btnList.size is not a function
    at https://pr.seegenemedical.com/user/js/common.js?ver=20260415:1609:26
[ 2874344ms] TypeError: btnList.size is not a function
    at https://pr.seegenemedical.com/user/js/common.js?ver=20260415:160:26
[ 2874344ms] TypeError: btnList.size is not a function
    at https://pr.seegenemedical.com/user/js/common.js?ver=20260415:230:26
[ 2876858ms] TypeError: btnList.size is not a function
    at https://pr.seegenemedical.com/user/js/common.js?ver=20260415:1609:26
[ 2877355ms] TypeError: btnList.size is not a function
    at https://pr.seegenemedical.com/user/js/common.js?ver=20260415:160:26
[ 2877355ms] TypeError: btnList.size is not a function
    at https://pr.seegenemedical.com/user/js/common.js?ver=20260415:230:26
[ 2880352ms] TypeError: btnList.size is not a function
    at https://pr.seegenemedical.com/user/js/common.js?ver=20260415:160:26
[ 2880352ms] TypeError: btnList.size is not a function
    at https://pr.seegenemedical.com/user/js/common.js?ver=20260415:230:26
[ 2882352ms] TypeError: btnList.size is not a function
    at https://pr.seegenemedical.com/user/js/common.js?ver=20260415:1609:26
[ 2883348ms] TypeError: btnList.size is not a function
    at https://pr.seegenemedical.com/user/js/common.js?ver=20260415:160:26
[ 2883348ms] TypeError: btnList.size is not a function
    at https://pr.seegenemedical.com/user/js/common.js?ver=20260415:230:26
[ 2886348ms] TypeError: btnList.size is not a function
    at https://pr.seegenemedical.com/user/js/common.js?ver=20260415:160:26
[ 2886349ms] TypeError: btnList.size is not a function
    at https://pr.seegenemedical.com/user/js/common.js?ver=20260415:230:26
[ 2887858ms] TypeError: btnList.size is not a function
    at https://pr.seegenemedical.com/user/js/common.js?ver=20260415:1609:26
[ 2889346ms] TypeError: btnList.size is not a function
    at https://pr.seegenemedical.com/user/js/common.js?ver=20260415:160:26
[ 2889346ms] TypeError: btnList.size is not a function
    at https://pr.seegenemedical.com/user/js/common.js?ver=20260415:230:26
[ 2892343ms] TypeError: btnList.size is not a function
    at https://pr.seegenemedical.com/user/js/common.js?ver=20260415:160:26
[ 2892343ms] TypeError: btnList.size is not a function
    at https://pr.seegenemedical.com/user/js/common.js?ver=20260415:230:26
[ 2893357ms] TypeError: btnList.size is not a function
    at https://pr.seegenemedical.com/user/js/common.js?ver=20260415:1609:26
[ 2895354ms] TypeError: btnList.size is not a function
    at https://pr.seegenemedical.com/user/js/common.js?ver=20260415:160:26
[ 2895355ms] TypeError: btnList.size is not a function
    at https://pr.seegenemedical.com/user/js/common.js?ver=20260415:230:26
[ 2898353ms] TypeError: btnList.size is not a function
    at https://pr.seegenemedical.com/user/js/common.js?ver=20260415:160:26
[ 2898353ms] TypeError: btnList.size is not a function
    at https://pr.seegenemedical.com/user/js/common.js?ver=20260415:230:26
[ 2898843ms] TypeError: btnList.size is not a function
    at https://pr.seegenemedical.com/user/js/common.js?ver=20260415:1609:26
[ 2901348ms] TypeError: btnList.size is not a function
    at https://pr.seegenemedical.com/user/js/common.js?ver=20260415:160:26
[ 2901349ms] TypeError: btnList.size is not a function
    at https://pr.seegenemedical.com/user/js/common.js?ver=20260415:230:26
[ 2904344ms] TypeError: btnList.size is not a function
    at https://pr.seegenemedical.com/user/js/common.js?ver=20260415:160:26
[ 2904344ms] TypeError: btnList.size is not a function
    at https://pr.seegenemedical.com/user/js/common.js?ver=20260415:230:26
[ 2904349ms] TypeError: btnList.size is not a function
    at https://pr.seegenemedical.com/user/js/common.js?ver=20260415:1609:26
[ 2907342ms] TypeError: btnList.size is not a function
    at https://pr.seegenemedical.com/user/js/common.js?ver=20260415:160:26
[ 2907342ms] TypeError: btnList.size is not a function
    at https://pr.seegenemedical.com/user/js/common.js?ver=20260415:230:26
[ 2909858ms] TypeError: btnList.size is not a function
    at https://pr.seegenemedical.com/user/js/common.js?ver=20260415:1609:26
[ 2910357ms] TypeError: btnList.size is not a function
    at https://pr.seegenemedical.com/user/js/common.js?ver=20260415:160:26
[ 2910357ms] TypeError: btnList.size is not a function
    at https://pr.seegenemedical.com/user/js/common.js?ver=20260415:230:26
[ 2913347ms] TypeError: btnList.size is not a function
    at https://pr.seegenemedical.com/user/js/common.js?ver=20260415:160:26
[ 2913347ms] TypeError: btnList.size is not a function
    at https://pr.seegenemedical.com/user/js/common.js?ver=20260415:230:26
[ 2915354ms] TypeError: btnList.size is not a function
    at https://pr.seegenemedical.com/user/js/common.js?ver=20260415:1609:26
[ 2916347ms] TypeError: btnList.size is not a function
    at https://pr.seegenemedical.com/user/js/common.js?ver=20260415:160:26
[ 2916347ms] TypeError: btnList.size is not a function
    at https://pr.seegenemedical.com/user/js/common.js?ver=20260415:230:26
[ 2919345ms] TypeError: btnList.size is not a function
    at https://pr.seegenemedical.com/user/js/common.js?ver=20260415:160:26
[ 2919345ms] TypeError: btnList.size is not a function
    at https://pr.seegenemedical.com/user/js/common.js?ver=20260415:230:26
[ 2920856ms] TypeError: btnList.size is not a function
    at https://pr.seegenemedical.com/user/js/common.js?ver=20260415:1609:26
[ 2922347ms] TypeError: btnList.size is not a function
    at https://pr.seegenemedical.com/user/js/common.js?ver=20260415:160:26
[ 2922347ms] TypeError: btnList.size is not a function
    at https://pr.seegenemedical.com/user/js/common.js?ver=20260415:230:26
[ 2925343ms] TypeError: btnList.size is not a function
    at https://pr.seegenemedical.com/user/js/common.js?ver=20260415:160:26
[ 2925343ms] TypeError: btnList.size is not a function
    at https://pr.seegenemedical.com/user/js/common.js?ver=20260415:230:26
[ 2926349ms] TypeError: btnList.size is not a function
    at https://pr.seegenemedical.com/user/js/common.js?ver=20260415:1609:26
[ 2928354ms] TypeError: btnList.size is not a function
    at https://pr.seegenemedical.com/user/js/common.js?ver=20260415:160:26
[ 2928354ms] TypeError: btnList.size is not a function
    at https://pr.seegenemedical.com/user/js/common.js?ver=20260415:230:26
[ 2931349ms] TypeError: btnList.size is not a function
    at https://pr.seegenemedical.com/user/js/common.js?ver=20260415:160:26
[ 2931349ms] TypeError: btnList.size is not a function
    at https://pr.seegenemedical.com/user/js/common.js?ver=20260415:230:26
[ 2931850ms] TypeError: btnList.size is not a function
    at https://pr.seegenemedical.com/user/js/common.js?ver=20260415:1609:26
[ 2934356ms] TypeError: btnList.size is not a function
    at https://pr.seegenemedical.com/user/js/common.js?ver=20260415:160:26
[ 2934356ms] TypeError: btnList.size is not a function
    at https://pr.seegenemedical.com/user/js/common.js?ver=20260415:230:26
[ 2937352ms] TypeError: btnList.size is not a function
    at https://pr.seegenemedical.com/user/js/common.js?ver=20260415:160:26
[ 2937352ms] TypeError: btnList.size is not a function
    at https://pr.seegenemedical.com/user/js/common.js?ver=20260415:230:26
[ 2937352ms] TypeError: btnList.size is not a function
    at https://pr.seegenemedical.com/user/js/common.js?ver=20260415:1609:26
[ 2940357ms] TypeError: btnList.size is not a function
    at https://pr.seegenemedical.com/user/js/common.js?ver=20260415:160:26
[ 2940357ms] TypeError: btnList.size is not a function
    at https://pr.seegenemedical.com/user/js/common.js?ver=20260415:230:26
[ 2942845ms] TypeError: btnList.size is not a function
    at https://pr.seegenemedical.com/user/js/common.js?ver=20260415:1609:26
[ 2943342ms] TypeError: btnList.size is not a function
    at https://pr.seegenemedical.com/user/js/common.js?ver=20260415:160:26
[ 2943345ms] TypeError: btnList.size is not a function
    at https://pr.seegenemedical.com/user/js/common.js?ver=20260415:230:26
[ 2946350ms] TypeError: btnList.size is not a function
    at https://pr.seegenemedical.com/user/js/common.js?ver=20260415:160:26
[ 2946350ms] TypeError: btnList.size is not a function
    at https://pr.seegenemedical.com/user/js/common.js?ver=20260415:230:26
[ 2948348ms] TypeError: btnList.size is not a function
    at https://pr.seegenemedical.com/user/js/common.js?ver=20260415:1609:26
[ 2949345ms] TypeError: btnList.size is not a function
    at https://pr.seegenemedical.com/user/js/common.js?ver=20260415:160:26
[ 2949345ms] TypeError: btnList.size is not a function
    at https://pr.seegenemedical.com/user/js/common.js?ver=20260415:230:26
[ 2952347ms] TypeError: btnList.size is not a function
    at https://pr.seegenemedical.com/user/js/common.js?ver=20260415:160:26
[ 2952347ms] TypeError: btnList.size is not a function
    at https://pr.seegenemedical.com/user/js/common.js?ver=20260415:230:26
[ 2953849ms] TypeError: btnList.size is not a function
    at https://pr.seegenemedical.com/user/js/common.js?ver=20260415:1609:26
[ 2955346ms] TypeError: btnList.size is not a function
    at https://pr.seegenemedical.com/user/js/common.js?ver=20260415:160:26
[ 2955346ms] TypeError: btnList.size is not a function
    at https://pr.seegenemedical.com/user/js/common.js?ver=20260415:230:26
[ 2958350ms] TypeError: btnList.size is not a function
    at https://pr.seegenemedical.com/user/js/common.js?ver=20260415:160:26
[ 2958350ms] TypeError: btnList.size is not a function
    at https://pr.seegenemedical.com/user/js/common.js?ver=20260415:230:26
[ 2959352ms] TypeError: btnList.size is not a function
    at https://pr.seegenemedical.com/user/js/common.js?ver=20260415:1609:26
[ 2961346ms] TypeError: btnList.size is not a function
    at https://pr.seegenemedical.com/user/js/common.js?ver=20260415:160:26
[ 2961347ms] TypeError: btnList.size is not a function
    at https://pr.seegenemedical.com/user/js/common.js?ver=20260415:230:26
[ 2964358ms] TypeError: btnList.size is not a function
    at https://pr.seegenemedical.com/user/js/common.js?ver=20260415:160:26
[ 2964358ms] TypeError: btnList.size is not a function
    at https://pr.seegenemedical.com/user/js/common.js?ver=20260415:230:26
[ 2964851ms] TypeError: btnList.size is not a function
    at https://pr.seegenemedical.com/user/js/common.js?ver=20260415:1609:26
[ 2967347ms] TypeError: btnList.size is not a function
    at https://pr.seegenemedical.com/user/js/common.js?ver=20260415:160:26
[ 2967347ms] TypeError: btnList.size is not a function
    at https://pr.seegenemedical.com/user/js/common.js?ver=20260415:230:26
[ 2970346ms] TypeError: btnList.size is not a function
    at https://pr.seegenemedical.com/user/js/common.js?ver=20260415:160:26
[ 2970347ms] TypeError: btnList.size is not a function
    at https://pr.seegenemedical.com/user/js/common.js?ver=20260415:230:26
[ 2970347ms] TypeError: btnList.size is not a function
    at https://pr.seegenemedical.com/user/js/common.js?ver=20260415:1609:26
[ 2973342ms] TypeError: btnList.size is not a function
    at https://pr.seegenemedical.com/user/js/common.js?ver=20260415:160:26
[ 2973343ms] TypeError: btnList.size is not a function
    at https://pr.seegenemedical.com/user/js/common.js?ver=20260415:230:26
[ 2975849ms] TypeError: btnList.size is not a function
    at https://pr.seegenemedical.com/user/js/common.js?ver=20260415:1609:26
[ 2976349ms] TypeError: btnList.size is not a function
    at https://pr.seegenemedical.com/user/js/common.js?ver=20260415:160:26
[ 2976349ms] TypeError: btnList.size is not a function
    at https://pr.seegenemedical.com/user/js/common.js?ver=20260415:230:26
[ 2979344ms] TypeError: btnList.size is not a function
    at https://pr.seegenemedical.com/user/js/common.js?ver=20260415:160:26
[ 2979344ms] TypeError: btnList.size is not a function
    at https://pr.seegenemedical.com/user/js/common.js?ver=20260415:230:26
[ 2981349ms] TypeError: btnList.size is not a function
    at https://pr.seegenemedical.com/user/js/common.js?ver=20260415:1609:26
[ 2982344ms] TypeError: btnList.size is not a function
    at https://pr.seegenemedical.com/user/js/common.js?ver=20260415:160:26
[ 2982344ms] TypeError: btnList.size is not a function
    at https://pr.seegenemedical.com/user/js/common.js?ver=20260415:230:26
[ 2985344ms] TypeError: btnList.size is not a function
    at https://pr.seegenemedical.com/user/js/common.js?ver=20260415:160:26
[ 2985344ms] TypeError: btnList.size is not a function
    at https://pr.seegenemedical.com/user/js/common.js?ver=20260415:230:26
[ 2986850ms] TypeError: btnList.size is not a function
    at https://pr.seegenemedical.com/user/js/common.js?ver=20260415:1609:26
[ 2988347ms] TypeError: btnList.size is not a function
    at https://pr.seegenemedical.com/user/js/common.js?ver=20260415:160:26
[ 2988347ms] TypeError: btnList.size is not a function
    at https://pr.seegenemedical.com/user/js/common.js?ver=20260415:230:26
[ 2991342ms] TypeError: btnList.size is not a function
    at https://pr.seegenemedical.com/user/js/common.js?ver=20260415:160:26
[ 2991343ms] TypeError: btnList.size is not a function
    at https://pr.seegenemedical.com/user/js/common.js?ver=20260415:230:26
[ 2992351ms] TypeError: btnList.size is not a function
    at https://pr.seegenemedical.com/user/js/common.js?ver=20260415:1609:26
[ 2994342ms] TypeError: btnList.size is not a function
    at https://pr.seegenemedical.com/user/js/common.js?ver=20260415:160:26
[ 2994343ms] TypeError: btnList.size is not a function
    at https://pr.seegenemedical.com/user/js/common.js?ver=20260415:230:26
[ 2997347ms] TypeError: btnList.size is not a function
    at https://pr.seegenemedical.com/user/js/common.js?ver=20260415:160:26
[ 2997347ms] TypeError: btnList.size is not a function
    at https://pr.seegenemedical.com/user/js/common.js?ver=20260415:230:26
[ 2997849ms] TypeError: btnList.size is not a function
    at https://pr.seegenemedical.com/user/js/common.js?ver=20260415:1609:26
[ 3000346ms] TypeError: btnList.size is not a function
    at https://pr.seegenemedical.com/user/js/common.js?ver=20260415:160:26
[ 3000346ms] TypeError: btnList.size is not a function
    at https://pr.seegenemedical.com/user/js/common.js?ver=20260415:230:26
[ 3003345ms] TypeError: btnList.size is not a function
    at https://pr.seegenemedical.com/user/js/common.js?ver=20260415:160:26
[ 3003345ms] TypeError: btnList.size is not a function
    at https://pr.seegenemedical.com/user/js/common.js?ver=20260415:230:26
[ 3003345ms] TypeError: btnList.size is not a function
    at https://pr.seegenemedical.com/user/js/common.js?ver=20260415:1609:26
[ 3006355ms] TypeError: btnList.size is not a function
    at https://pr.seegenemedical.com/user/js/common.js?ver=20260415:160:26
[ 3006356ms] TypeError: btnList.size is not a function
    at https://pr.seegenemedical.com/user/js/common.js?ver=20260415:230:26
[ 3008848ms] TypeError: btnList.size is not a function
    at https://pr.seegenemedical.com/user/js/common.js?ver=20260415:1609:26
[ 3009347ms] TypeError: btnList.size is not a function
    at https://pr.seegenemedical.com/user/js/common.js?ver=20260415:160:26
[ 3009347ms] TypeError: btnList.size is not a function
    at https://pr.seegenemedical.com/user/js/common.js?ver=20260415:230:26
[ 3012356ms] TypeError: btnList.size is not a function
    at https://pr.seegenemedical.com/user/js/common.js?ver=20260415:160:26
[ 3012356ms] TypeError: btnList.size is not a function
    at https://pr.seegenemedical.com/user/js/common.js?ver=20260415:230:26
[ 3014352ms] TypeError: btnList.size is not a function
    at https://pr.seegenemedical.com/user/js/common.js?ver=20260415:1609:26
[ 3015347ms] TypeError: btnList.size is not a function
    at https://pr.seegenemedical.com/user/js/common.js?ver=20260415:160:26
[ 3015347ms] TypeError: btnList.size is not a function
    at https://pr.seegenemedical.com/user/js/common.js?ver=20260415:230:26
[ 3018356ms] TypeError: btnList.size is not a function
    at https://pr.seegenemedical.com/user/js/common.js?ver=20260415:160:26
[ 3018356ms] TypeError: btnList.size is not a function
    at https://pr.seegenemedical.com/user/js/common.js?ver=20260415:230:26
[ 3019851ms] TypeError: btnList.size is not a function
    at https://pr.seegenemedical.com/user/js/common.js?ver=20260415:1609:26
[ 3021349ms] TypeError: btnList.size is not a function
    at https://pr.seegenemedical.com/user/js/common.js?ver=20260415:160:26
[ 3021349ms] TypeError: btnList.size is not a function
    at https://pr.seegenemedical.com/user/js/common.js?ver=20260415:230:26
[ 3024358ms] TypeError: btnList.size is not a function
    at https://pr.seegenemedical.com/user/js/common.js?ver=20260415:160:26
[ 3024358ms] TypeError: btnList.size is not a function
    at https://pr.seegenemedical.com/user/js/common.js?ver=20260415:230:26
[ 3025356ms] TypeError: btnList.size is not a function
    at https://pr.seegenemedical.com/user/js/common.js?ver=20260415:1609:26
[ 3027345ms] TypeError: btnList.size is not a function
    at https://pr.seegenemedical.com/user/js/common.js?ver=20260415:160:26
[ 3027345ms] TypeError: btnList.size is not a function
    at https://pr.seegenemedical.com/user/js/common.js?ver=20260415:230:26
[ 3030345ms] TypeError: btnList.size is not a function
    at https://pr.seegenemedical.com/user/js/common.js?ver=20260415:160:26
[ 3030346ms] TypeError: btnList.size is not a function
    at https://pr.seegenemedical.com/user/js/common.js?ver=20260415:230:26
[ 3030852ms] TypeError: btnList.size is not a function
    at https://pr.seegenemedical.com/user/js/common.js?ver=20260415:1609:26
[ 3033349ms] TypeError: btnList.size is not a function
    at https://pr.seegenemedical.com/user/js/common.js?ver=20260415:160:26
[ 3033349ms] TypeError: btnList.size is not a function
    at https://pr.seegenemedical.com/user/js/common.js?ver=20260415:230:26
[ 3036344ms] TypeError: btnList.size is not a function
    at https://pr.seegenemedical.com/user/js/common.js?ver=20260415:160:26
[ 3036344ms] TypeError: btnList.size is not a function
    at https://pr.seegenemedical.com/user/js/common.js?ver=20260415:230:26
[ 3036345ms] TypeError: btnList.size is not a function
    at https://pr.seegenemedical.com/user/js/common.js?ver=20260415:1609:26
[ 3039354ms] TypeError: btnList.size is not a function
    at https://pr.seegenemedical.com/user/js/common.js?ver=20260415:160:26
[ 3039355ms] TypeError: btnList.size is not a function
    at https://pr.seegenemedical.com/user/js/common.js?ver=20260415:230:26
[ 3041846ms] TypeError: btnList.size is not a function
    at https://pr.seegenemedical.com/user/js/common.js?ver=20260415:1609:26
[ 3042350ms] TypeError: btnList.size is not a function
    at https://pr.seegenemedical.com/user/js/common.js?ver=20260415:160:26
[ 3042350ms] TypeError: btnList.size is not a function
    at https://pr.seegenemedical.com/user/js/common.js?ver=20260415:230:26
[ 3045352ms] TypeError: btnList.size is not a function
    at https://pr.seegenemedical.com/user/js/common.js?ver=20260415:160:26
[ 3045353ms] TypeError: btnList.size is not a function
    at https://pr.seegenemedical.com/user/js/common.js?ver=20260415:230:26
[ 3047347ms] TypeError: btnList.size is not a function
    at https://pr.seegenemedical.com/user/js/common.js?ver=20260415:1609:26
[ 3048355ms] TypeError: btnList.size is not a function
    at https://pr.seegenemedical.com/user/js/common.js?ver=20260415:160:26
[ 3048355ms] TypeError: btnList.size is not a function
    at https://pr.seegenemedical.com/user/js/common.js?ver=20260415:230:26
[ 3051351ms] TypeError: btnList.size is not a function
    at https://pr.seegenemedical.com/user/js/common.js?ver=20260415:160:26
[ 3051351ms] TypeError: btnList.size is not a function
    at https://pr.seegenemedical.com/user/js/common.js?ver=20260415:230:26
[ 3052858ms] TypeError: btnList.size is not a function
    at https://pr.seegenemedical.com/user/js/common.js?ver=20260415:1609:26
[ 3054342ms] TypeError: btnList.size is not a function
    at https://pr.seegenemedical.com/user/js/common.js?ver=20260415:160:26
[ 3054343ms] TypeError: btnList.size is not a function
    at https://pr.seegenemedical.com/user/js/common.js?ver=20260415:230:26
[ 3057347ms] TypeError: btnList.size is not a function
    at https://pr.seegenemedical.com/user/js/common.js?ver=20260415:160:26
[ 3057347ms] TypeError: btnList.size is not a function
    at https://pr.seegenemedical.com/user/js/common.js?ver=20260415:230:26
[ 3058348ms] TypeError: btnList.size is not a function
    at https://pr.seegenemedical.com/user/js/common.js?ver=20260415:1609:26
[ 3060345ms] TypeError: btnList.size is not a function
    at https://pr.seegenemedical.com/user/js/common.js?ver=20260415:160:26
[ 3060345ms] TypeError: btnList.size is not a function
    at https://pr.seegenemedical.com/user/js/common.js?ver=20260415:230:26
[ 3063343ms] TypeError: btnList.size is not a function
    at https://pr.seegenemedical.com/user/js/common.js?ver=20260415:160:26
[ 3063343ms] TypeError: btnList.size is not a function
    at https://pr.seegenemedical.com/user/js/common.js?ver=20260415:230:26
[ 3063850ms] TypeError: btnList.size is not a function
    at https://pr.seegenemedical.com/user/js/common.js?ver=20260415:1609:26
[ 3066353ms] TypeError: btnList.size is not a function
    at https://pr.seegenemedical.com/user/js/common.js?ver=20260415:160:26
[ 3066354ms] TypeError: btnList.size is not a function
    at https://pr.seegenemedical.com/user/js/common.js?ver=20260415:230:26
[ 3069353ms] TypeError: btnList.size is not a function
    at https://pr.seegenemedical.com/user/js/common.js?ver=20260415:160:26
[ 3069353ms] TypeError: btnList.size is not a function
    at https://pr.seegenemedical.com/user/js/common.js?ver=20260415:230:26
[ 3069353ms] TypeError: btnList.size is not a function
    at https://pr.seegenemedical.com/user/js/common.js?ver=20260415:1609:26
[ 3072354ms] TypeError: btnList.size is not a function
    at https://pr.seegenemedical.com/user/js/common.js?ver=20260415:160:26
[ 3072354ms] TypeError: btnList.size is not a function
    at https://pr.seegenemedical.com/user/js/common.js?ver=20260415:230:26
[ 3074850ms] TypeError: btnList.size is not a function
    at https://pr.seegenemedical.com/user/js/common.js?ver=20260415:1609:26
[ 3075346ms] TypeError: btnList.size is not a function
    at https://pr.seegenemedical.com/user/js/common.js?ver=20260415:160:26
[ 3075346ms] TypeError: btnList.size is not a function
    at https://pr.seegenemedical.com/user/js/common.js?ver=20260415:230:26
[ 3078345ms] TypeError: btnList.size is not a function
    at https://pr.seegenemedical.com/user/js/common.js?ver=20260415:160:26
[ 3078345ms] TypeError: btnList.size is not a function
    at https://pr.seegenemedical.com/user/js/common.js?ver=20260415:230:26
[ 3080347ms] TypeError: btnList.size is not a function
    at https://pr.seegenemedical.com/user/js/common.js?ver=20260415:1609:26
[ 3081344ms] TypeError: btnList.size is not a function
    at https://pr.seegenemedical.com/user/js/common.js?ver=20260415:160:26
[ 3081345ms] TypeError: btnList.size is not a function
    at https://pr.seegenemedical.com/user/js/common.js?ver=20260415:230:26
[ 3084350ms] TypeError: btnList.size is not a function
    at https://pr.seegenemedical.com/user/js/common.js?ver=20260415:160:26
[ 3084350ms] TypeError: btnList.size is not a function
    at https://pr.seegenemedical.com/user/js/common.js?ver=20260415:230:26
[ 3085849ms] TypeError: btnList.size is not a function
    at https://pr.seegenemedical.com/user/js/common.js?ver=20260415:1609:26
[ 3087346ms] TypeError: btnList.size is not a function
    at https://pr.seegenemedical.com/user/js/common.js?ver=20260415:160:26
[ 3087346ms] TypeError: btnList.size is not a function
    at https://pr.seegenemedical.com/user/js/common.js?ver=20260415:230:26
[ 3090351ms] TypeError: btnList.size is not a function
    at https://pr.seegenemedical.com/user/js/common.js?ver=20260415:160:26
[ 3090351ms] TypeError: btnList.size is not a function
    at https://pr.seegenemedical.com/user/js/common.js?ver=20260415:230:26
[ 3091347ms] TypeError: btnList.size is not a function
    at https://pr.seegenemedical.com/user/js/common.js?ver=20260415:1609:26
[ 3093342ms] TypeError: btnList.size is not a function
    at https://pr.seegenemedical.com/user/js/common.js?ver=20260415:160:26
[ 3093342ms] TypeError: btnList.size is not a function
    at https://pr.seegenemedical.com/user/js/common.js?ver=20260415:230:26
[ 3096341ms] TypeError: btnList.size is not a function
    at https://pr.seegenemedical.com/user/js/common.js?ver=20260415:160:26
[ 3096341ms] TypeError: btnList.size is not a function
    at https://pr.seegenemedical.com/user/js/common.js?ver=20260415:230:26
[ 3096850ms] TypeError: btnList.size is not a function
    at https://pr.seegenemedical.com/user/js/common.js?ver=20260415:1609:26
[ 3099353ms] TypeError: btnList.size is not a function
    at https://pr.seegenemedical.com/user/js/common.js?ver=20260415:160:26
[ 3099354ms] TypeError: btnList.size is not a function
    at https://pr.seegenemedical.com/user/js/common.js?ver=20260415:230:26
[ 3102344ms] TypeError: btnList.size is not a function
    at https://pr.seegenemedical.com/user/js/common.js?ver=20260415:160:26
[ 3102344ms] TypeError: btnList.size is not a function
    at https://pr.seegenemedical.com/user/js/common.js?ver=20260415:230:26
[ 3102344ms] TypeError: btnList.size is not a function
    at https://pr.seegenemedical.com/user/js/common.js?ver=20260415:1609:26
[ 3105347ms] TypeError: btnList.size is not a function
    at https://pr.seegenemedical.com/user/js/common.js?ver=20260415:160:26
[ 3105347ms] TypeError: btnList.size is not a function
    at https://pr.seegenemedical.com/user/js/common.js?ver=20260415:230:26
[ 3107844ms] TypeError: btnList.size is not a function
    at https://pr.seegenemedical.com/user/js/common.js?ver=20260415:1609:26
[ 3108340ms] TypeError: btnList.size is not a function
    at https://pr.seegenemedical.com/user/js/common.js?ver=20260415:160:26
[ 3108340ms] TypeError: btnList.size is not a function
    at https://pr.seegenemedical.com/user/js/common.js?ver=20260415:230:26
[ 3111341ms] TypeError: btnList.size is not a function
    at https://pr.seegenemedical.com/user/js/common.js?ver=20260415:160:26
[ 3111342ms] TypeError: btnList.size is not a function
    at https://pr.seegenemedical.com/user/js/common.js?ver=20260415:230:26
[ 3113348ms] TypeError: btnList.size is not a function
    at https://pr.seegenemedical.com/user/js/common.js?ver=20260415:1609:26
[ 3114355ms] TypeError: btnList.size is not a function
    at https://pr.seegenemedical.com/user/js/common.js?ver=20260415:160:26
[ 3114356ms] TypeError: btnList.size is not a function
    at https://pr.seegenemedical.com/user/js/common.js?ver=20260415:230:26
[ 3117348ms] TypeError: btnList.size is not a function
    at https://pr.seegenemedical.com/user/js/common.js?ver=20260415:160:26
[ 3117348ms] TypeError: btnList.size is not a function
    at https://pr.seegenemedical.com/user/js/common.js?ver=20260415:230:26
[ 3118849ms] TypeError: btnList.size is not a function
    at https://pr.seegenemedical.com/user/js/common.js?ver=20260415:1609:26
[ 3120342ms] TypeError: btnList.size is not a function
    at https://pr.seegenemedical.com/user/js/common.js?ver=20260415:160:26
[ 3120342ms] TypeError: btnList.size is not a function
    at https://pr.seegenemedical.com/user/js/common.js?ver=20260415:230:26
[ 3123344ms] TypeError: btnList.size is not a function
    at https://pr.seegenemedical.com/user/js/common.js?ver=20260415:160:26
[ 3123344ms] TypeError: btnList.size is not a function
    at https://pr.seegenemedical.com/user/js/common.js?ver=20260415:230:26
[ 3124350ms] TypeError: btnList.size is not a function
    at https://pr.seegenemedical.com/user/js/common.js?ver=20260415:1609:26
[ 3126349ms] TypeError: btnList.size is not a function
    at https://pr.seegenemedical.com/user/js/common.js?ver=20260415:160:26
[ 3126350ms] TypeError: btnList.size is not a function
    at https://pr.seegenemedical.com/user/js/common.js?ver=20260415:230:26
[ 3129352ms] TypeError: btnList.size is not a function
    at https://pr.seegenemedical.com/user/js/common.js?ver=20260415:160:26
[ 3129353ms] TypeError: btnList.size is not a function
    at https://pr.seegenemedical.com/user/js/common.js?ver=20260415:230:26
[ 3129850ms] TypeError: btnList.size is not a function
    at https://pr.seegenemedical.com/user/js/common.js?ver=20260415:1609:26
[ 3132354ms] TypeError: btnList.size is not a function
    at https://pr.seegenemedical.com/user/js/common.js?ver=20260415:160:26
[ 3132355ms] TypeError: btnList.size is not a function
    at https://pr.seegenemedical.com/user/js/common.js?ver=20260415:230:26
[ 3135354ms] TypeError: btnList.size is not a function
    at https://pr.seegenemedical.com/user/js/common.js?ver=20260415:160:26
[ 3135354ms] TypeError: btnList.size is not a function
    at https://pr.seegenemedical.com/user/js/common.js?ver=20260415:230:26
[ 3135354ms] TypeError: btnList.size is not a function
    at https://pr.seegenemedical.com/user/js/common.js?ver=20260415:1609:26
[ 3138353ms] TypeError: btnList.size is not a function
    at https://pr.seegenemedical.com/user/js/common.js?ver=20260415:160:26
[ 3138354ms] TypeError: btnList.size is not a function
    at https://pr.seegenemedical.com/user/js/common.js?ver=20260415:230:26
[ 3140846ms] TypeError: btnList.size is not a function
    at https://pr.seegenemedical.com/user/js/common.js?ver=20260415:1609:26
[ 3141353ms] TypeError: btnList.size is not a function
    at https://pr.seegenemedical.com/user/js/common.js?ver=20260415:160:26
[ 3141353ms] TypeError: btnList.size is not a function
    at https://pr.seegenemedical.com/user/js/common.js?ver=20260415:230:26
[ 3144343ms] TypeError: btnList.size is not a function
    at https://pr.seegenemedical.com/user/js/common.js?ver=20260415:160:26
[ 3144343ms] TypeError: btnList.size is not a function
    at https://pr.seegenemedical.com/user/js/common.js?ver=20260415:230:26
[ 3146351ms] TypeError: btnList.size is not a function
    at https://pr.seegenemedical.com/user/js/common.js?ver=20260415:1609:26
[ 3147346ms] TypeError: btnList.size is not a function
    at https://pr.seegenemedical.com/user/js/common.js?ver=20260415:160:26
[ 3147346ms] TypeError: btnList.size is not a function
    at https://pr.seegenemedical.com/user/js/common.js?ver=20260415:230:26
[ 3150345ms] TypeError: btnList.size is not a function
    at https://pr.seegenemedical.com/user/js/common.js?ver=20260415:160:26
[ 3150345ms] TypeError: btnList.size is not a function
    at https://pr.seegenemedical.com/user/js/common.js?ver=20260415:230:26
[ 3151857ms] TypeError: btnList.size is not a function
    at https://pr.seegenemedical.com/user/js/common.js?ver=20260415:1609:26
[ 3153347ms] TypeError: btnList.size is not a function
    at https://pr.seegenemedical.com/user/js/common.js?ver=20260415:160:26
[ 3153347ms] TypeError: btnList.size is not a function
    at https://pr.seegenemedical.com/user/js/common.js?ver=20260415:230:26
[ 3156344ms] TypeError: btnList.size is not a function
    at https://pr.seegenemedical.com/user/js/common.js?ver=20260415:160:26
[ 3156344ms] TypeError: btnList.size is not a function
    at https://pr.seegenemedical.com/user/js/common.js?ver=20260415:230:26
[ 3157350ms] TypeError: btnList.size is not a function
    at https://pr.seegenemedical.com/user/js/common.js?ver=20260415:1609:26
[ 3159346ms] TypeError: btnList.size is not a function
    at https://pr.seegenemedical.com/user/js/common.js?ver=20260415:160:26
[ 3159346ms] TypeError: btnList.size is not a function
    at https://pr.seegenemedical.com/user/js/common.js?ver=20260415:230:26
[ 3162343ms] TypeError: btnList.size is not a function
    at https://pr.seegenemedical.com/user/js/common.js?ver=20260415:160:26
[ 3162343ms] TypeError: btnList.size is not a function
    at https://pr.seegenemedical.com/user/js/common.js?ver=20260415:230:26
[ 3162843ms] TypeError: btnList.size is not a function
    at https://pr.seegenemedical.com/user/js/common.js?ver=20260415:1609:26
[ 3165345ms] TypeError: btnList.size is not a function
    at https://pr.seegenemedical.com/user/js/common.js?ver=20260415:160:26
[ 3165346ms] TypeError: btnList.size is not a function
    at https://pr.seegenemedical.com/user/js/common.js?ver=20260415:230:26
[ 3168345ms] TypeError: btnList.size is not a function
    at https://pr.seegenemedical.com/user/js/common.js?ver=20260415:160:26
[ 3168346ms] TypeError: btnList.size is not a function
    at https://pr.seegenemedical.com/user/js/common.js?ver=20260415:230:26
[ 3168346ms] TypeError: btnList.size is not a function
    at https://pr.seegenemedical.com/user/js/common.js?ver=20260415:1609:26
[ 3171346ms] TypeError: btnList.size is not a function
    at https://pr.seegenemedical.com/user/js/common.js?ver=20260415:160:26
[ 3171347ms] TypeError: btnList.size is not a function
    at https://pr.seegenemedical.com/user/js/common.js?ver=20260415:230:26
[ 3173850ms] TypeError: btnList.size is not a function
    at https://pr.seegenemedical.com/user/js/common.js?ver=20260415:1609:26
[ 3174345ms] TypeError: btnList.size is not a function
    at https://pr.seegenemedical.com/user/js/common.js?ver=20260415:160:26
[ 3174346ms] TypeError: btnList.size is not a function
    at https://pr.seegenemedical.com/user/js/common.js?ver=20260415:230:26
[ 3177345ms] TypeError: btnList.size is not a function
    at https://pr.seegenemedical.com/user/js/common.js?ver=20260415:160:26
[ 3177345ms] TypeError: btnList.size is not a function
    at https://pr.seegenemedical.com/user/js/common.js?ver=20260415:230:26
[ 3179352ms] TypeError: btnList.size is not a function
    at https://pr.seegenemedical.com/user/js/common.js?ver=20260415:1609:26
[ 3180346ms] TypeError: btnList.size is not a function
    at https://pr.seegenemedical.com/user/js/common.js?ver=20260415:160:26
[ 3180346ms] TypeError: btnList.size is not a function
    at https://pr.seegenemedical.com/user/js/common.js?ver=20260415:230:26
[ 3183348ms] TypeError: btnList.size is not a function
    at https://pr.seegenemedical.com/user/js/common.js?ver=20260415:160:26
[ 3183348ms] TypeError: btnList.size is not a function
    at https://pr.seegenemedical.com/user/js/common.js?ver=20260415:230:26
[ 3184847ms] TypeError: btnList.size is not a function
    at https://pr.seegenemedical.com/user/js/common.js?ver=20260415:1609:26
[ 3186345ms] TypeError: btnList.size is not a function
    at https://pr.seegenemedical.com/user/js/common.js?ver=20260415:160:26
[ 3186345ms] TypeError: btnList.size is not a function
    at https://pr.seegenemedical.com/user/js/common.js?ver=20260415:230:26
[ 3189345ms] TypeError: btnList.size is not a function
    at https://pr.seegenemedical.com/user/js/common.js?ver=20260415:160:26
[ 3189345ms] TypeError: btnList.size is not a function
    at https://pr.seegenemedical.com/user/js/common.js?ver=20260415:230:26
[ 3190349ms] TypeError: btnList.size is not a function
    at https://pr.seegenemedical.com/user/js/common.js?ver=20260415:1609:26
[ 3192347ms] TypeError: btnList.size is not a function
    at https://pr.seegenemedical.com/user/js/common.js?ver=20260415:160:26
[ 3192347ms] TypeError: btnList.size is not a function
    at https://pr.seegenemedical.com/user/js/common.js?ver=20260415:230:26
[ 3195347ms] TypeError: btnList.size is not a function
    at https://pr.seegenemedical.com/user/js/common.js?ver=20260415:160:26
[ 3195347ms] TypeError: btnList.size is not a function
    at https://pr.seegenemedical.com/user/js/common.js?ver=20260415:230:26
[ 3195851ms] TypeError: btnList.size is not a function
    at https://pr.seegenemedical.com/user/js/common.js?ver=20260415:1609:26
[ 3198348ms] TypeError: btnList.size is not a function
    at https://pr.seegenemedical.com/user/js/common.js?ver=20260415:160:26
[ 3198349ms] TypeError: btnList.size is not a function
    at https://pr.seegenemedical.com/user/js/common.js?ver=20260415:230:26
[ 3201347ms] TypeError: btnList.size is not a function
    at https://pr.seegenemedical.com/user/js/common.js?ver=20260415:160:26
[ 3201347ms] TypeError: btnList.size is not a function
    at https://pr.seegenemedical.com/user/js/common.js?ver=20260415:230:26
[ 3201348ms] TypeError: btnList.size is not a function
    at https://pr.seegenemedical.com/user/js/common.js?ver=20260415:1609:26
[ 3204347ms] TypeError: btnList.size is not a function
    at https://pr.seegenemedical.com/user/js/common.js?ver=20260415:160:26
[ 3204347ms] TypeError: btnList.size is not a function
    at https://pr.seegenemedical.com/user/js/common.js?ver=20260415:230:26
[ 3206851ms] TypeError: btnList.size is not a function
    at https://pr.seegenemedical.com/user/js/common.js?ver=20260415:1609:26
[ 3207347ms] TypeError: btnList.size is not a function
    at https://pr.seegenemedical.com/user/js/common.js?ver=20260415:160:26
[ 3207347ms] TypeError: btnList.size is not a function
    at https://pr.seegenemedical.com/user/js/common.js?ver=20260415:230:26
[ 3210345ms] TypeError: btnList.size is not a function
    at https://pr.seegenemedical.com/user/js/common.js?ver=20260415:160:26
[ 3210345ms] TypeError: btnList.size is not a function
    at https://pr.seegenemedical.com/user/js/common.js?ver=20260415:230:26
[ 3212347ms] TypeError: btnList.size is not a function
    at https://pr.seegenemedical.com/user/js/common.js?ver=20260415:1609:26
[ 3213345ms] TypeError: btnList.size is not a function
    at https://pr.seegenemedical.com/user/js/common.js?ver=20260415:160:26
[ 3213345ms] TypeError: btnList.size is not a function
    at https://pr.seegenemedical.com/user/js/common.js?ver=20260415:230:26
[ 3216349ms] TypeError: btnList.size is not a function
    at https://pr.seegenemedical.com/user/js/common.js?ver=20260415:160:26
[ 3216350ms] TypeError: btnList.size is not a function
    at https://pr.seegenemedical.com/user/js/common.js?ver=20260415:230:26
[ 3217846ms] TypeError: btnList.size is not a function
    at https://pr.seegenemedical.com/user/js/common.js?ver=20260415:1609:26
[ 3219343ms] TypeError: btnList.size is not a function
    at https://pr.seegenemedical.com/user/js/common.js?ver=20260415:160:26
[ 3219343ms] TypeError: btnList.size is not a function
    at https://pr.seegenemedical.com/user/js/common.js?ver=20260415:230:26
[ 3222346ms] TypeError: btnList.size is not a function
    at https://pr.seegenemedical.com/user/js/common.js?ver=20260415:160:26
[ 3222346ms] TypeError: btnList.size is not a function
    at https://pr.seegenemedical.com/user/js/common.js?ver=20260415:230:26
[ 3223349ms] TypeError: btnList.size is not a function
    at https://pr.seegenemedical.com/user/js/common.js?ver=20260415:1609:26
[ 3225346ms] TypeError: btnList.size is not a function
    at https://pr.seegenemedical.com/user/js/common.js?ver=20260415:160:26
[ 3225346ms] TypeError: btnList.size is not a function
    at https://pr.seegenemedical.com/user/js/common.js?ver=20260415:230:26
[ 3228347ms] TypeError: btnList.size is not a function
    at https://pr.seegenemedical.com/user/js/common.js?ver=20260415:160:26
[ 3228347ms] TypeError: btnList.size is not a function
    at https://pr.seegenemedical.com/user/js/common.js?ver=20260415:230:26
[ 3228850ms] TypeError: btnList.size is not a function
    at https://pr.seegenemedical.com/user/js/common.js?ver=20260415:1609:26
[ 3231344ms] TypeError: btnList.size is not a function
    at https://pr.seegenemedical.com/user/js/common.js?ver=20260415:160:26
[ 3231344ms] TypeError: btnList.size is not a function
    at https://pr.seegenemedical.com/user/js/common.js?ver=20260415:230:26
[ 3234347ms] TypeError: btnList.size is not a function
    at https://pr.seegenemedical.com/user/js/common.js?ver=20260415:160:26
[ 3234348ms] TypeError: btnList.size is not a function
    at https://pr.seegenemedical.com/user/js/common.js?ver=20260415:230:26
[ 3234348ms] TypeError: btnList.size is not a function
    at https://pr.seegenemedical.com/user/js/common.js?ver=20260415:1609:26
[ 3237348ms] TypeError: btnList.size is not a function
    at https://pr.seegenemedical.com/user/js/common.js?ver=20260415:160:26
[ 3237349ms] TypeError: btnList.size is not a function
    at https://pr.seegenemedical.com/user/js/common.js?ver=20260415:230:26
[ 3239852ms] TypeError: btnList.size is not a function
    at https://pr.seegenemedical.com/user/js/common.js?ver=20260415:1609:26
[ 3240347ms] TypeError: btnList.size is not a function
    at https://pr.seegenemedical.com/user/js/common.js?ver=20260415:160:26
[ 3240347ms] TypeError: btnList.size is not a function
    at https://pr.seegenemedical.com/user/js/common.js?ver=20260415:230:26
[ 3243347ms] TypeError: btnList.size is not a function
    at https://pr.seegenemedical.com/user/js/common.js?ver=20260415:160:26
[ 3243347ms] TypeError: btnList.size is not a function
    at https://pr.seegenemedical.com/user/js/common.js?ver=20260415:230:26
[ 3245359ms] TypeError: btnList.size is not a function
    at https://pr.seegenemedical.com/user/js/common.js?ver=20260415:1609:26
[ 3246344ms] TypeError: btnList.size is not a function
    at https://pr.seegenemedical.com/user/js/common.js?ver=20260415:160:26
[ 3246344ms] TypeError: btnList.size is not a function
    at https://pr.seegenemedical.com/user/js/common.js?ver=20260415:230:26
[ 3249348ms] TypeError: btnList.size is not a function
    at https://pr.seegenemedical.com/user/js/common.js?ver=20260415:160:26
[ 3249349ms] TypeError: btnList.size is not a function
    at https://pr.seegenemedical.com/user/js/common.js?ver=20260415:230:26
[ 3250848ms] TypeError: btnList.size is not a function
    at https://pr.seegenemedical.com/user/js/common.js?ver=20260415:1609:26
[ 3252345ms] TypeError: btnList.size is not a function
    at https://pr.seegenemedical.com/user/js/common.js?ver=20260415:160:26
[ 3252346ms] TypeError: btnList.size is not a function
    at https://pr.seegenemedical.com/user/js/common.js?ver=20260415:230:26
[ 3255349ms] TypeError: btnList.size is not a function
    at https://pr.seegenemedical.com/user/js/common.js?ver=20260415:160:26
[ 3255349ms] TypeError: btnList.size is not a function
    at https://pr.seegenemedical.com/user/js/common.js?ver=20260415:230:26
[ 3256349ms] TypeError: btnList.size is not a function
    at https://pr.seegenemedical.com/user/js/common.js?ver=20260415:1609:26
[ 3258349ms] TypeError: btnList.size is not a function
    at https://pr.seegenemedical.com/user/js/common.js?ver=20260415:160:26
[ 3258349ms] TypeError: btnList.size is not a function
    at https://pr.seegenemedical.com/user/js/common.js?ver=20260415:230:26
[ 3261350ms] TypeError: btnList.size is not a function
    at https://pr.seegenemedical.com/user/js/common.js?ver=20260415:160:26
[ 3261351ms] TypeError: btnList.size is not a function
    at https://pr.seegenemedical.com/user/js/common.js?ver=20260415:230:26
[ 3261844ms] TypeError: btnList.size is not a function
    at https://pr.seegenemedical.com/user/js/common.js?ver=20260415:1609:26
[ 3264351ms] TypeError: btnList.size is not a function
    at https://pr.seegenemedical.com/user/js/common.js?ver=20260415:160:26
[ 3264352ms] TypeError: btnList.size is not a function
    at https://pr.seegenemedical.com/user/js/common.js?ver=20260415:230:26
[ 3267352ms] TypeError: btnList.size is not a function
    at https://pr.seegenemedical.com/user/js/common.js?ver=20260415:160:26
[ 3267353ms] TypeError: btnList.size is not a function
    at https://pr.seegenemedical.com/user/js/common.js?ver=20260415:230:26
[ 3267353ms] TypeError: btnList.size is not a function
    at https://pr.seegenemedical.com/user/js/common.js?ver=20260415:1609:26
[ 3270350ms] TypeError: btnList.size is not a function
    at https://pr.seegenemedical.com/user/js/common.js?ver=20260415:160:26
[ 3270350ms] TypeError: btnList.size is not a function
    at https://pr.seegenemedical.com/user/js/common.js?ver=20260415:230:26
[ 3272850ms] TypeError: btnList.size is not a function
    at https://pr.seegenemedical.com/user/js/common.js?ver=20260415:1609:26
[ 3273349ms] TypeError: btnList.size is not a function
    at https://pr.seegenemedical.com/user/js/common.js?ver=20260415:160:26
[ 3273349ms] TypeError: btnList.size is not a function
    at https://pr.seegenemedical.com/user/js/common.js?ver=20260415:230:26
[ 3276348ms] TypeError: btnList.size is not a function
    at https://pr.seegenemedical.com/user/js/common.js?ver=20260415:160:26
[ 3276348ms] TypeError: btnList.size is not a function
    at https://pr.seegenemedical.com/user/js/common.js?ver=20260415:230:26
[ 3278350ms] TypeError: btnList.size is not a function
    at https://pr.seegenemedical.com/user/js/common.js?ver=20260415:1609:26
[ 3279351ms] TypeError: btnList.size is not a function
    at https://pr.seegenemedical.com/user/js/common.js?ver=20260415:160:26
[ 3279351ms] TypeError: btnList.size is not a function
    at https://pr.seegenemedical.com/user/js/common.js?ver=20260415:230:26
[ 3282346ms] TypeError: btnList.size is not a function
    at https://pr.seegenemedical.com/user/js/common.js?ver=20260415:160:26
[ 3282346ms] TypeError: btnList.size is not a function
    at https://pr.seegenemedical.com/user/js/common.js?ver=20260415:230:26
[ 3283846ms] TypeError: btnList.size is not a function
    at https://pr.seegenemedical.com/user/js/common.js?ver=20260415:1609:26
[ 3285350ms] TypeError: btnList.size is not a function
    at https://pr.seegenemedical.com/user/js/common.js?ver=20260415:160:26
[ 3285350ms] TypeError: btnList.size is not a function
    at https://pr.seegenemedical.com/user/js/common.js?ver=20260415:230:26
[ 3288348ms] TypeError: btnList.size is not a function
    at https://pr.seegenemedical.com/user/js/common.js?ver=20260415:160:26
[ 3288348ms] TypeError: btnList.size is not a function
    at https://pr.seegenemedical.com/user/js/common.js?ver=20260415:230:26
[ 3289358ms] TypeError: btnList.size is not a function
    at https://pr.seegenemedical.com/user/js/common.js?ver=20260415:1609:26
[ 3291349ms] TypeError: btnList.size is not a function
    at https://pr.seegenemedical.com/user/js/common.js?ver=20260415:160:26
[ 3291349ms] TypeError: btnList.size is not a function
    at https://pr.seegenemedical.com/user/js/common.js?ver=20260415:230:26
[ 3294349ms] TypeError: btnList.size is not a function
    at https://pr.seegenemedical.com/user/js/common.js?ver=20260415:160:26
[ 3294350ms] TypeError: btnList.size is not a function
    at https://pr.seegenemedical.com/user/js/common.js?ver=20260415:230:26
[ 3294850ms] TypeError: btnList.size is not a function
    at https://pr.seegenemedical.com/user/js/common.js?ver=20260415:1609:26
[ 3297350ms] TypeError: btnList.size is not a function
    at https://pr.seegenemedical.com/user/js/common.js?ver=20260415:160:26
[ 3297351ms] TypeError: btnList.size is not a function
    at https://pr.seegenemedical.com/user/js/common.js?ver=20260415:230:26
[ 3300349ms] TypeError: btnList.size is not a function
    at https://pr.seegenemedical.com/user/js/common.js?ver=20260415:160:26
[ 3300350ms] TypeError: btnList.size is not a function
    at https://pr.seegenemedical.com/user/js/common.js?ver=20260415:230:26
[ 3300350ms] TypeError: btnList.size is not a function
    at https://pr.seegenemedical.com/user/js/common.js?ver=20260415:1609:26
[ 3303350ms] TypeError: btnList.size is not a function
    at https://pr.seegenemedical.com/user/js/common.js?ver=20260415:160:26
[ 3303351ms] TypeError: btnList.size is not a function
    at https://pr.seegenemedical.com/user/js/common.js?ver=20260415:230:26
[ 3305851ms] TypeError: btnList.size is not a function
    at https://pr.seegenemedical.com/user/js/common.js?ver=20260415:1609:26
[ 3306349ms] TypeError: btnList.size is not a function
    at https://pr.seegenemedical.com/user/js/common.js?ver=20260415:160:26
[ 3306349ms] TypeError: btnList.size is not a function
    at https://pr.seegenemedical.com/user/js/common.js?ver=20260415:230:26
[ 3309349ms] TypeError: btnList.size is not a function
    at https://pr.seegenemedical.com/user/js/common.js?ver=20260415:160:26
[ 3309349ms] TypeError: btnList.size is not a function
    at https://pr.seegenemedical.com/user/js/common.js?ver=20260415:230:26
[ 3311348ms] TypeError: btnList.size is not a function
    at https://pr.seegenemedical.com/user/js/common.js?ver=20260415:1609:26
[ 3312346ms] TypeError: btnList.size is not a function
    at https://pr.seegenemedical.com/user/js/common.js?ver=20260415:160:26
[ 3312346ms] TypeError: btnList.size is not a function
    at https://pr.seegenemedical.com/user/js/common.js?ver=20260415:230:26
[ 3315351ms] TypeError: btnList.size is not a function
    at https://pr.seegenemedical.com/user/js/common.js?ver=20260415:160:26
[ 3315352ms] TypeError: btnList.size is not a function
    at https://pr.seegenemedical.com/user/js/common.js?ver=20260415:230:26
[ 3316852ms] TypeError: btnList.size is not a function
    at https://pr.seegenemedical.com/user/js/common.js?ver=20260415:1609:26
[ 3318348ms] TypeError: btnList.size is not a function
    at https://pr.seegenemedical.com/user/js/common.js?ver=20260415:160:26
[ 3318348ms] TypeError: btnList.size is not a function
    at https://pr.seegenemedical.com/user/js/common.js?ver=20260415:230:26
[ 3321349ms] TypeError: btnList.size is not a function
    at https://pr.seegenemedical.com/user/js/common.js?ver=20260415:160:26
[ 3321350ms] TypeError: btnList.size is not a function
    at https://pr.seegenemedical.com/user/js/common.js?ver=20260415:230:26
[ 3322350ms] TypeError: btnList.size is not a function
    at https://pr.seegenemedical.com/user/js/common.js?ver=20260415:1609:26
[ 3324351ms] TypeError: btnList.size is not a function
    at https://pr.seegenemedical.com/user/js/common.js?ver=20260415:160:26
[ 3324352ms] TypeError: btnList.size is not a function
    at https://pr.seegenemedical.com/user/js/common.js?ver=20260415:230:26
[ 3327350ms] TypeError: btnList.size is not a function
    at https://pr.seegenemedical.com/user/js/common.js?ver=20260415:160:26
[ 3327350ms] TypeError: btnList.size is not a function
    at https://pr.seegenemedical.com/user/js/common.js?ver=20260415:230:26
[ 3327850ms] TypeError: btnList.size is not a function
    at https://pr.seegenemedical.com/user/js/common.js?ver=20260415:1609:26
[ 3330351ms] TypeError: btnList.size is not a function
    at https://pr.seegenemedical.com/user/js/common.js?ver=20260415:160:26
[ 3330352ms] TypeError: btnList.size is not a function
    at https://pr.seegenemedical.com/user/js/common.js?ver=20260415:230:26
[ 3333350ms] TypeError: btnList.size is not a function
    at https://pr.seegenemedical.com/user/js/common.js?ver=20260415:160:26
[ 3333350ms] TypeError: btnList.size is not a function
    at https://pr.seegenemedical.com/user/js/common.js?ver=20260415:230:26
[ 3333350ms] TypeError: btnList.size is not a function
    at https://pr.seegenemedical.com/user/js/common.js?ver=20260415:1609:26
[ 3336351ms] TypeError: btnList.size is not a function
    at https://pr.seegenemedical.com/user/js/common.js?ver=20260415:160:26
[ 3336351ms] TypeError: btnList.size is not a function
    at https://pr.seegenemedical.com/user/js/common.js?ver=20260415:230:26
[ 3338844ms] TypeError: btnList.size is not a function
    at https://pr.seegenemedical.com/user/js/common.js?ver=20260415:1609:26
[ 3339351ms] TypeError: btnList.size is not a function
    at https://pr.seegenemedical.com/user/js/common.js?ver=20260415:160:26
[ 3339351ms] TypeError: btnList.size is not a function
    at https://pr.seegenemedical.com/user/js/common.js?ver=20260415:230:26
[ 3342348ms] TypeError: btnList.size is not a function
    at https://pr.seegenemedical.com/user/js/common.js?ver=20260415:160:26
[ 3342348ms] TypeError: btnList.size is not a function
    at https://pr.seegenemedical.com/user/js/common.js?ver=20260415:230:26
[ 3344348ms] TypeError: btnList.size is not a function
    at https://pr.seegenemedical.com/user/js/common.js?ver=20260415:1609:26
[ 3345350ms] TypeError: btnList.size is not a function
    at https://pr.seegenemedical.com/user/js/common.js?ver=20260415:160:26
[ 3345351ms] TypeError: btnList.size is not a function
    at https://pr.seegenemedical.com/user/js/common.js?ver=20260415:230:26
[ 3348351ms] TypeError: btnList.size is not a function
    at https://pr.seegenemedical.com/user/js/common.js?ver=20260415:160:26
[ 3348351ms] TypeError: btnList.size is not a function
    at https://pr.seegenemedical.com/user/js/common.js?ver=20260415:230:26
[ 3349851ms] TypeError: btnList.size is not a function
    at https://pr.seegenemedical.com/user/js/common.js?ver=20260415:1609:26
[ 3351351ms] TypeError: btnList.size is not a function
    at https://pr.seegenemedical.com/user/js/common.js?ver=20260415:160:26
[ 3351352ms] TypeError: btnList.size is not a function
    at https://pr.seegenemedical.com/user/js/common.js?ver=20260415:230:26
[ 3354351ms] TypeError: btnList.size is not a function
    at https://pr.seegenemedical.com/user/js/common.js?ver=20260415:160:26
[ 3354352ms] TypeError: btnList.size is not a function
    at https://pr.seegenemedical.com/user/js/common.js?ver=20260415:230:26
[ 3355350ms] TypeError: btnList.size is not a function
    at https://pr.seegenemedical.com/user/js/common.js?ver=20260415:1609:26
[ 3357352ms] TypeError: btnList.size is not a function
    at https://pr.seegenemedical.com/user/js/common.js?ver=20260415:160:26
[ 3357352ms] TypeError: btnList.size is not a function
    at https://pr.seegenemedical.com/user/js/common.js?ver=20260415:230:26
[ 3360352ms] TypeError: btnList.size is not a function
    at https://pr.seegenemedical.com/user/js/common.js?ver=20260415:160:26
[ 3360352ms] TypeError: btnList.size is not a function
    at https://pr.seegenemedical.com/user/js/common.js?ver=20260415:230:26
[ 3360848ms] TypeError: btnList.size is not a function
    at https://pr.seegenemedical.com/user/js/common.js?ver=20260415:1609:26
[ 3363351ms] TypeError: btnList.size is not a function
    at https://pr.seegenemedical.com/user/js/common.js?ver=20260415:160:26
[ 3363352ms] TypeError: btnList.size is not a function
    at https://pr.seegenemedical.com/user/js/common.js?ver=20260415:230:26
[ 3366341ms] TypeError: btnList.size is not a function
    at https://pr.seegenemedical.com/user/js/common.js?ver=20260415:160:26
[ 3366346ms] TypeError: btnList.size is not a function
    at https://pr.seegenemedical.com/user/js/common.js?ver=20260415:230:26
[ 3366346ms] TypeError: btnList.size is not a function
    at https://pr.seegenemedical.com/user/js/common.js?ver=20260415:1609:26
[ 3369351ms] TypeError: btnList.size is not a function
    at https://pr.seegenemedical.com/user/js/common.js?ver=20260415:160:26
[ 3369351ms] TypeError: btnList.size is not a function
    at https://pr.seegenemedical.com/user/js/common.js?ver=20260415:230:26
[ 3371844ms] TypeError: btnList.size is not a function
    at https://pr.seegenemedical.com/user/js/common.js?ver=20260415:1609:26
[ 3372350ms] TypeError: btnList.size is not a function
    at https://pr.seegenemedical.com/user/js/common.js?ver=20260415:160:26
[ 3372351ms] TypeError: btnList.size is not a function
    at https://pr.seegenemedical.com/user/js/common.js?ver=20260415:230:26
[ 3375351ms] TypeError: btnList.size is not a function
    at https://pr.seegenemedical.com/user/js/common.js?ver=20260415:160:26
[ 3375352ms] TypeError: btnList.size is not a function
    at https://pr.seegenemedical.com/user/js/common.js?ver=20260415:230:26
[ 3377351ms] TypeError: btnList.size is not a function
    at https://pr.seegenemedical.com/user/js/common.js?ver=20260415:1609:26
[ 3378355ms] TypeError: btnList.size is not a function
    at https://pr.seegenemedical.com/user/js/common.js?ver=20260415:160:26
[ 3378355ms] TypeError: btnList.size is not a function
    at https://pr.seegenemedical.com/user/js/common.js?ver=20260415:230:26
[ 3381348ms] TypeError: btnList.size is not a function
    at https://pr.seegenemedical.com/user/js/common.js?ver=20260415:160:26
[ 3381348ms] TypeError: btnList.size is not a function
    at https://pr.seegenemedical.com/user/js/common.js?ver=20260415:230:26
[ 3382852ms] TypeError: btnList.size is not a function
    at https://pr.seegenemedical.com/user/js/common.js?ver=20260415:1609:26
[ 3384352ms] TypeError: btnList.size is not a function
    at https://pr.seegenemedical.com/user/js/common.js?ver=20260415:160:26
[ 3384353ms] TypeError: btnList.size is not a function
    at https://pr.seegenemedical.com/user/js/common.js?ver=20260415:230:26
[ 3387353ms] TypeError: btnList.size is not a function
    at https://pr.seegenemedical.com/user/js/common.js?ver=20260415:160:26
[ 3387353ms] TypeError: btnList.size is not a function
    at https://pr.seegenemedical.com/user/js/common.js?ver=20260415:230:26
[ 3388351ms] TypeError: btnList.size is not a function
    at https://pr.seegenemedical.com/user/js/common.js?ver=20260415:1609:26
[ 3390351ms] TypeError: btnList.size is not a function
    at https://pr.seegenemedical.com/user/js/common.js?ver=20260415:160:26
[ 3390352ms] TypeError: btnList.size is not a function
    at https://pr.seegenemedical.com/user/js/common.js?ver=20260415:230:26
[ 3393351ms] TypeError: btnList.size is not a function
    at https://pr.seegenemedical.com/user/js/common.js?ver=20260415:160:26
[ 3393352ms] TypeError: btnList.size is not a function
    at https://pr.seegenemedical.com/user/js/common.js?ver=20260415:230:26
[ 3393851ms] TypeError: btnList.size is not a function
    at https://pr.seegenemedical.com/user/js/common.js?ver=20260415:1609:26
[ 3396352ms] TypeError: btnList.size is not a function
    at https://pr.seegenemedical.com/user/js/common.js?ver=20260415:160:26
[ 3396352ms] TypeError: btnList.size is not a function
    at https://pr.seegenemedical.com/user/js/common.js?ver=20260415:230:26
[ 3399351ms] TypeError: btnList.size is not a function
    at https://pr.seegenemedical.com/user/js/common.js?ver=20260415:160:26
[ 3399352ms] TypeError: btnList.size is not a function
    at https://pr.seegenemedical.com/user/js/common.js?ver=20260415:230:26
[ 3399352ms] TypeError: btnList.size is not a function
    at https://pr.seegenemedical.com/user/js/common.js?ver=20260415:1609:26
[ 3402351ms] TypeError: btnList.size is not a function
    at https://pr.seegenemedical.com/user/js/common.js?ver=20260415:160:26
[ 3402351ms] TypeError: btnList.size is not a function
    at https://pr.seegenemedical.com/user/js/common.js?ver=20260415:230:26
[ 3404851ms] TypeError: btnList.size is not a function
    at https://pr.seegenemedical.com/user/js/common.js?ver=20260415:1609:26
[ 3405352ms] TypeError: btnList.size is not a function
    at https://pr.seegenemedical.com/user/js/common.js?ver=20260415:160:26
[ 3405352ms] TypeError: btnList.size is not a function
    at https://pr.seegenemedical.com/user/js/common.js?ver=20260415:230:26
[ 3408351ms] TypeError: btnList.size is not a function
    at https://pr.seegenemedical.com/user/js/common.js?ver=20260415:160:26
[ 3408351ms] TypeError: btnList.size is not a function
    at https://pr.seegenemedical.com/user/js/common.js?ver=20260415:230:26
[ 3410351ms] TypeError: btnList.size is not a function
    at https://pr.seegenemedical.com/user/js/common.js?ver=20260415:1609:26
[ 3411351ms] TypeError: btnList.size is not a function
    at https://pr.seegenemedical.com/user/js/common.js?ver=20260415:160:26
[ 3411352ms] TypeError: btnList.size is not a function
    at https://pr.seegenemedical.com/user/js/common.js?ver=20260415:230:26
[ 3414341ms] TypeError: btnList.size is not a function
    at https://pr.seegenemedical.com/user/js/common.js?ver=20260415:160:26
[ 3414342ms] TypeError: btnList.size is not a function
    at https://pr.seegenemedical.com/user/js/common.js?ver=20260415:230:26
[ 3415850ms] TypeError: btnList.size is not a function
    at https://pr.seegenemedical.com/user/js/common.js?ver=20260415:1609:26
[ 3417351ms] TypeError: btnList.size is not a function
    at https://pr.seegenemedical.com/user/js/common.js?ver=20260415:160:26
[ 3417352ms] TypeError: btnList.size is not a function
    at https://pr.seegenemedical.com/user/js/common.js?ver=20260415:230:26
[ 3420352ms] TypeError: btnList.size is not a function
    at https://pr.seegenemedical.com/user/js/common.js?ver=20260415:160:26
[ 3420352ms] TypeError: btnList.size is not a function
    at https://pr.seegenemedical.com/user/js/common.js?ver=20260415:230:26
[ 3421351ms] TypeError: btnList.size is not a function
    at https://pr.seegenemedical.com/user/js/common.js?ver=20260415:1609:26
[ 3423351ms] TypeError: btnList.size is not a function
    at https://pr.seegenemedical.com/user/js/common.js?ver=20260415:160:26
[ 3423351ms] TypeError: btnList.size is not a function
    at https://pr.seegenemedical.com/user/js/common.js?ver=20260415:230:26
[ 3426351ms] TypeError: btnList.size is not a function
    at https://pr.seegenemedical.com/user/js/common.js?ver=20260415:160:26
[ 3426351ms] TypeError: btnList.size is not a function
    at https://pr.seegenemedical.com/user/js/common.js?ver=20260415:230:26
[ 3426849ms] TypeError: btnList.size is not a function
    at https://pr.seegenemedical.com/user/js/common.js?ver=20260415:1609:26
[ 3429350ms] TypeError: btnList.size is not a function
    at https://pr.seegenemedical.com/user/js/common.js?ver=20260415:160:26
[ 3429350ms] TypeError: btnList.size is not a function
    at https://pr.seegenemedical.com/user/js/common.js?ver=20260415:230:26
[ 3432351ms] TypeError: btnList.size is not a function
    at https://pr.seegenemedical.com/user/js/common.js?ver=20260415:160:26
[ 3432351ms] TypeError: btnList.size is not a function
    at https://pr.seegenemedical.com/user/js/common.js?ver=20260415:230:26
[ 3432351ms] TypeError: btnList.size is not a function
    at https://pr.seegenemedical.com/user/js/common.js?ver=20260415:1609:26
[ 3435351ms] TypeError: btnList.size is not a function
    at https://pr.seegenemedical.com/user/js/common.js?ver=20260415:160:26
[ 3435352ms] TypeError: btnList.size is not a function
    at https://pr.seegenemedical.com/user/js/common.js?ver=20260415:230:26
[ 3437850ms] TypeError: btnList.size is not a function
    at https://pr.seegenemedical.com/user/js/common.js?ver=20260415:1609:26
[ 3438351ms] TypeError: btnList.size is not a function
    at https://pr.seegenemedical.com/user/js/common.js?ver=20260415:160:26
[ 3438351ms] TypeError: btnList.size is not a function
    at https://pr.seegenemedical.com/user/js/common.js?ver=20260415:230:26
[ 3441353ms] TypeError: btnList.size is not a function
    at https://pr.seegenemedical.com/user/js/common.js?ver=20260415:160:26
[ 3441353ms] TypeError: btnList.size is not a function
    at https://pr.seegenemedical.com/user/js/common.js?ver=20260415:230:26
[ 3443351ms] TypeError: btnList.size is not a function
    at https://pr.seegenemedical.com/user/js/common.js?ver=20260415:1609:26
[ 3444351ms] TypeError: btnList.size is not a function
    at https://pr.seegenemedical.com/user/js/common.js?ver=20260415:160:26
[ 3444352ms] TypeError: btnList.size is not a function
    at https://pr.seegenemedical.com/user/js/common.js?ver=20260415:230:26
[ 3447352ms] TypeError: btnList.size is not a function
    at https://pr.seegenemedical.com/user/js/common.js?ver=20260415:160:26
[ 3447352ms] TypeError: btnList.size is not a function
    at https://pr.seegenemedical.com/user/js/common.js?ver=20260415:230:26
[ 3448852ms] TypeError: btnList.size is not a function
    at https://pr.seegenemedical.com/user/js/common.js?ver=20260415:1609:26
[ 3450351ms] TypeError: btnList.size is not a function
    at https://pr.seegenemedical.com/user/js/common.js?ver=20260415:160:26
[ 3450351ms] TypeError: btnList.size is not a function
    at https://pr.seegenemedical.com/user/js/common.js?ver=20260415:230:26
[ 3453351ms] TypeError: btnList.size is not a function
    at https://pr.seegenemedical.com/user/js/common.js?ver=20260415:160:26
[ 3453352ms] TypeError: btnList.size is not a function
    at https://pr.seegenemedical.com/user/js/common.js?ver=20260415:230:26
[ 3454351ms] TypeError: btnList.size is not a function
    at https://pr.seegenemedical.com/user/js/common.js?ver=20260415:1609:26
[ 3456352ms] TypeError: btnList.size is not a function
    at https://pr.seegenemedical.com/user/js/common.js?ver=20260415:160:26
[ 3456352ms] TypeError: btnList.size is not a function
    at https://pr.seegenemedical.com/user/js/common.js?ver=20260415:230:26
[ 3459351ms] TypeError: btnList.size is not a function
    at https://pr.seegenemedical.com/user/js/common.js?ver=20260415:160:26
[ 3459352ms] TypeError: btnList.size is not a function
    at https://pr.seegenemedical.com/user/js/common.js?ver=20260415:230:26
[ 3459848ms] TypeError: btnList.size is not a function
    at https://pr.seegenemedical.com/user/js/common.js?ver=20260415:1609:26
[ 3462351ms] TypeError: btnList.size is not a function
    at https://pr.seegenemedical.com/user/js/common.js?ver=20260415:160:26
[ 3462351ms] TypeError: btnList.size is not a function
    at https://pr.seegenemedical.com/user/js/common.js?ver=20260415:230:26
[ 3465351ms] TypeError: btnList.size is not a function
    at https://pr.seegenemedical.com/user/js/common.js?ver=20260415:160:26
[ 3465351ms] TypeError: btnList.size is not a function
    at https://pr.seegenemedical.com/user/js/common.js?ver=20260415:230:26
[ 3465351ms] TypeError: btnList.size is not a function
    at https://pr.seegenemedical.com/user/js/common.js?ver=20260415:1609:26
[ 3468351ms] TypeError: btnList.size is not a function
    at https://pr.seegenemedical.com/user/js/common.js?ver=20260415:160:26
[ 3468351ms] TypeError: btnList.size is not a function
    at https://pr.seegenemedical.com/user/js/common.js?ver=20260415:230:26
[ 3470852ms] TypeError: btnList.size is not a function
    at https://pr.seegenemedical.com/user/js/common.js?ver=20260415:1609:26
[ 3471351ms] TypeError: btnList.size is not a function
    at https://pr.seegenemedical.com/user/js/common.js?ver=20260415:160:26
[ 3471352ms] TypeError: btnList.size is not a function
    at https://pr.seegenemedical.com/user/js/common.js?ver=20260415:230:26
[ 3474350ms] TypeError: btnList.size is not a function
    at https://pr.seegenemedical.com/user/js/common.js?ver=20260415:160:26
[ 3474351ms] TypeError: btnList.size is not a function
    at https://pr.seegenemedical.com/user/js/common.js?ver=20260415:230:26
[ 3476351ms] TypeError: btnList.size is not a function
    at https://pr.seegenemedical.com/user/js/common.js?ver=20260415:1609:26
[ 3477351ms] TypeError: btnList.size is not a function
    at https://pr.seegenemedical.com/user/js/common.js?ver=20260415:160:26
[ 3477352ms] TypeError: btnList.size is not a function
    at https://pr.seegenemedical.com/user/js/common.js?ver=20260415:230:26
[ 3480351ms] TypeError: btnList.size is not a function
    at https://pr.seegenemedical.com/user/js/common.js?ver=20260415:160:26
[ 3480352ms] TypeError: btnList.size is not a function
    at https://pr.seegenemedical.com/user/js/common.js?ver=20260415:230:26
[ 3481851ms] TypeError: btnList.size is not a function
    at https://pr.seegenemedical.com/user/js/common.js?ver=20260415:1609:26
[ 3483352ms] TypeError: btnList.size is not a function
    at https://pr.seegenemedical.com/user/js/common.js?ver=20260415:160:26
[ 3483352ms] TypeError: btnList.size is not a function
    at https://pr.seegenemedical.com/user/js/common.js?ver=20260415:230:26
[ 3486352ms] TypeError: btnList.size is not a function
    at https://pr.seegenemedical.com/user/js/common.js?ver=20260415:160:26
[ 3486353ms] TypeError: btnList.size is not a function
    at https://pr.seegenemedical.com/user/js/common.js?ver=20260415:230:26
[ 3487351ms] TypeError: btnList.size is not a function
    at https://pr.seegenemedical.com/user/js/common.js?ver=20260415:1609:26
[ 3489351ms] TypeError: btnList.size is not a function
    at https://pr.seegenemedical.com/user/js/common.js?ver=20260415:160:26
[ 3489352ms] TypeError: btnList.size is not a function
    at https://pr.seegenemedical.com/user/js/common.js?ver=20260415:230:26
[ 3492351ms] TypeError: btnList.size is not a function
    at https://pr.seegenemedical.com/user/js/common.js?ver=20260415:160:26
[ 3492352ms] TypeError: btnList.size is not a function
    at https://pr.seegenemedical.com/user/js/common.js?ver=20260415:230:26
[ 3492850ms] TypeError: btnList.size is not a function
    at https://pr.seegenemedical.com/user/js/common.js?ver=20260415:1609:26
[ 3495351ms] TypeError: btnList.size is not a function
    at https://pr.seegenemedical.com/user/js/common.js?ver=20260415:160:26
[ 3495352ms] TypeError: btnList.size is not a function
    at https://pr.seegenemedical.com/user/js/common.js?ver=20260415:230:26
[ 3498351ms] TypeError: btnList.size is not a function
    at https://pr.seegenemedical.com/user/js/common.js?ver=20260415:160:26
[ 3498351ms] TypeError: btnList.size is not a function
    at https://pr.seegenemedical.com/user/js/common.js?ver=20260415:230:26
[ 3498351ms] TypeError: btnList.size is not a function
    at https://pr.seegenemedical.com/user/js/common.js?ver=20260415:1609:26
[ 3501352ms] TypeError: btnList.size is not a function
    at https://pr.seegenemedical.com/user/js/common.js?ver=20260415:160:26
[ 3501353ms] TypeError: btnList.size is not a function
    at https://pr.seegenemedical.com/user/js/common.js?ver=20260415:230:26
[ 3503852ms] TypeError: btnList.size is not a function
    at https://pr.seegenemedical.com/user/js/common.js?ver=20260415:1609:26
[ 3504351ms] TypeError: btnList.size is not a function
    at https://pr.seegenemedical.com/user/js/common.js?ver=20260415:160:26
[ 3504351ms] TypeError: btnList.size is not a function
    at https://pr.seegenemedical.com/user/js/common.js?ver=20260415:230:26
[ 3507351ms] TypeError: btnList.size is not a function
    at https://pr.seegenemedical.com/user/js/common.js?ver=20260415:160:26
[ 3507352ms] TypeError: btnList.size is not a function
    at https://pr.seegenemedical.com/user/js/common.js?ver=20260415:230:26
[ 3509352ms] TypeError: btnList.size is not a function
    at https://pr.seegenemedical.com/user/js/common.js?ver=20260415:1609:26
[ 3510352ms] TypeError: btnList.size is not a function
    at https://pr.seegenemedical.com/user/js/common.js?ver=20260415:160:26
[ 3510352ms] TypeError: btnList.size is not a function
    at https://pr.seegenemedical.com/user/js/common.js?ver=20260415:230:26
[ 3513351ms] TypeError: btnList.size is not a function
    at https://pr.seegenemedical.com/user/js/common.js?ver=20260415:160:26
[ 3513351ms] TypeError: btnList.size is not a function
    at https://pr.seegenemedical.com/user/js/common.js?ver=20260415:230:26
[ 3514851ms] TypeError: btnList.size is not a function
    at https://pr.seegenemedical.com/user/js/common.js?ver=20260415:1609:26
[ 3516352ms] TypeError: btnList.size is not a function
    at https://pr.seegenemedical.com/user/js/common.js?ver=20260415:160:26
[ 3516352ms] TypeError: btnList.size is not a function
    at https://pr.seegenemedical.com/user/js/common.js?ver=20260415:230:26
[ 3519351ms] TypeError: btnList.size is not a function
    at https://pr.seegenemedical.com/user/js/common.js?ver=20260415:160:26
[ 3519352ms] TypeError: btnList.size is not a function
    at https://pr.seegenemedical.com/user/js/common.js?ver=20260415:230:26
[ 3520352ms] TypeError: btnList.size is not a function
    at https://pr.seegenemedical.com/user/js/common.js?ver=20260415:1609:26
[ 3522351ms] TypeError: btnList.size is not a function
    at https://pr.seegenemedical.com/user/js/common.js?ver=20260415:160:26
[ 3522351ms] TypeError: btnList.size is not a function
    at https://pr.seegenemedical.com/user/js/common.js?ver=20260415:230:26
[ 3525351ms] TypeError: btnList.size is not a function
    at https://pr.seegenemedical.com/user/js/common.js?ver=20260415:160:26
[ 3525352ms] TypeError: btnList.size is not a function
    at https://pr.seegenemedical.com/user/js/common.js?ver=20260415:230:26
[ 3525850ms] TypeError: btnList.size is not a function
    at https://pr.seegenemedical.com/user/js/common.js?ver=20260415:1609:26
[ 3528351ms] TypeError: btnList.size is not a function
    at https://pr.seegenemedical.com/user/js/common.js?ver=20260415:160:26
[ 3528352ms] TypeError: btnList.size is not a function
    at https://pr.seegenemedical.com/user/js/common.js?ver=20260415:230:26
[ 3531351ms] TypeError: btnList.size is not a function
    at https://pr.seegenemedical.com/user/js/common.js?ver=20260415:160:26
[ 3531351ms] TypeError: btnList.size is not a function
    at https://pr.seegenemedical.com/user/js/common.js?ver=20260415:230:26
[ 3531352ms] TypeError: btnList.size is not a function
    at https://pr.seegenemedical.com/user/js/common.js?ver=20260415:1609:26
[ 3534351ms] TypeError: btnList.size is not a function
    at https://pr.seegenemedical.com/user/js/common.js?ver=20260415:160:26
[ 3534352ms] TypeError: btnList.size is not a function
    at https://pr.seegenemedical.com/user/js/common.js?ver=20260415:230:26
[ 3536844ms] TypeError: btnList.size is not a function
    at https://pr.seegenemedical.com/user/js/common.js?ver=20260415:1609:26
[ 3537352ms] TypeError: btnList.size is not a function
    at https://pr.seegenemedical.com/user/js/common.js?ver=20260415:160:26
[ 3537352ms] TypeError: btnList.size is not a function
    at https://pr.seegenemedical.com/user/js/common.js?ver=20260415:230:26
[ 3540351ms] TypeError: btnList.size is not a function
    at https://pr.seegenemedical.com/user/js/common.js?ver=20260415:160:26
[ 3540352ms] TypeError: btnList.size is not a function
    at https://pr.seegenemedical.com/user/js/common.js?ver=20260415:230:26
[ 3542350ms] TypeError: btnList.size is not a function
    at https://pr.seegenemedical.com/user/js/common.js?ver=20260415:1609:26
[ 3543351ms] TypeError: btnList.size is not a function
    at https://pr.seegenemedical.com/user/js/common.js?ver=20260415:160:26
[ 3543351ms] TypeError: btnList.size is not a function
    at https://pr.seegenemedical.com/user/js/common.js?ver=20260415:230:26
[ 3546351ms] TypeError: btnList.size is not a function
    at https://pr.seegenemedical.com/user/js/common.js?ver=20260415:160:26
[ 3546352ms] TypeError: btnList.size is not a function
    at https://pr.seegenemedical.com/user/js/common.js?ver=20260415:230:26
[ 3547851ms] TypeError: btnList.size is not a function
    at https://pr.seegenemedical.com/user/js/common.js?ver=20260415:1609:26
[ 3549351ms] TypeError: btnList.size is not a function
    at https://pr.seegenemedical.com/user/js/common.js?ver=20260415:160:26
[ 3549351ms] TypeError: btnList.size is not a function
    at https://pr.seegenemedical.com/user/js/common.js?ver=20260415:230:26
[ 3552351ms] TypeError: btnList.size is not a function
    at https://pr.seegenemedical.com/user/js/common.js?ver=20260415:160:26
[ 3552351ms] TypeError: btnList.size is not a function
    at https://pr.seegenemedical.com/user/js/common.js?ver=20260415:230:26
[ 3553351ms] TypeError: btnList.size is not a function
    at https://pr.seegenemedical.com/user/js/common.js?ver=20260415:1609:26
[ 3555352ms] TypeError: btnList.size is not a function
    at https://pr.seegenemedical.com/user/js/common.js?ver=20260415:160:26
[ 3555352ms] TypeError: btnList.size is not a function
    at https://pr.seegenemedical.com/user/js/common.js?ver=20260415:230:26
[ 3558352ms] TypeError: btnList.size is not a function
    at https://pr.seegenemedical.com/user/js/common.js?ver=20260415:160:26
[ 3558352ms] TypeError: btnList.size is not a function
    at https://pr.seegenemedical.com/user/js/common.js?ver=20260415:230:26
[ 3558850ms] TypeError: btnList.size is not a function
    at https://pr.seegenemedical.com/user/js/common.js?ver=20260415:1609:26
[ 3561351ms] TypeError: btnList.size is not a function
    at https://pr.seegenemedical.com/user/js/common.js?ver=20260415:160:26
[ 3561352ms] TypeError: btnList.size is not a function
    at https://pr.seegenemedical.com/user/js/common.js?ver=20260415:230:26
[ 3564351ms] TypeError: btnList.size is not a function
    at https://pr.seegenemedical.com/user/js/common.js?ver=20260415:160:26
[ 3564352ms] TypeError: btnList.size is not a function
    at https://pr.seegenemedical.com/user/js/common.js?ver=20260415:230:26
[ 3564352ms] TypeError: btnList.size is not a function
    at https://pr.seegenemedical.com/user/js/common.js?ver=20260415:1609:26
[ 3567350ms] TypeError: btnList.size is not a function
    at https://pr.seegenemedical.com/user/js/common.js?ver=20260415:160:26
[ 3567350ms] TypeError: btnList.size is not a function
    at https://pr.seegenemedical.com/user/js/common.js?ver=20260415:230:26
[ 3569849ms] TypeError: btnList.size is not a function
    at https://pr.seegenemedical.com/user/js/common.js?ver=20260415:1609:26
[ 3570350ms] TypeError: btnList.size is not a function
    at https://pr.seegenemedical.com/user/js/common.js?ver=20260415:160:26
[ 3570350ms] TypeError: btnList.size is not a function
    at https://pr.seegenemedical.com/user/js/common.js?ver=20260415:230:26
[ 3573343ms] TypeError: btnList.size is not a function
    at https://pr.seegenemedical.com/user/js/common.js?ver=20260415:160:26
[ 3573343ms] TypeError: btnList.size is not a function
    at https://pr.seegenemedical.com/user/js/common.js?ver=20260415:230:26
[ 3575349ms] TypeError: btnList.size is not a function
    at https://pr.seegenemedical.com/user/js/common.js?ver=20260415:1609:26
[ 3576352ms] TypeError: btnList.size is not a function
    at https://pr.seegenemedical.com/user/js/common.js?ver=20260415:160:26
[ 3576353ms] TypeError: btnList.size is not a function
    at https://pr.seegenemedical.com/user/js/common.js?ver=20260415:230:26
[ 3579347ms] TypeError: btnList.size is not a function
    at https://pr.seegenemedical.com/user/js/common.js?ver=20260415:160:26
[ 3579347ms] TypeError: btnList.size is not a function
    at https://pr.seegenemedical.com/user/js/common.js?ver=20260415:230:26
[ 3580850ms] TypeError: btnList.size is not a function
    at https://pr.seegenemedical.com/user/js/common.js?ver=20260415:1609:26
[ 3582348ms] TypeError: btnList.size is not a function
    at https://pr.seegenemedical.com/user/js/common.js?ver=20260415:160:26
[ 3582348ms] TypeError: btnList.size is not a function
    at https://pr.seegenemedical.com/user/js/common.js?ver=20260415:230:26
[ 3585346ms] TypeError: btnList.size is not a function
    at https://pr.seegenemedical.com/user/js/common.js?ver=20260415:160:26
[ 3585346ms] TypeError: btnList.size is not a function
    at https://pr.seegenemedical.com/user/js/common.js?ver=20260415:230:26
[ 3586350ms] TypeError: btnList.size is not a function
    at https://pr.seegenemedical.com/user/js/common.js?ver=20260415:1609:26
[ 3588347ms] TypeError: btnList.size is not a function
    at https://pr.seegenemedical.com/user/js/common.js?ver=20260415:160:26
[ 3588348ms] TypeError: btnList.size is not a function
    at https://pr.seegenemedical.com/user/js/common.js?ver=20260415:230:26
[ 3591351ms] TypeError: btnList.size is not a function
    at https://pr.seegenemedical.com/user/js/common.js?ver=20260415:160:26
[ 3591351ms] TypeError: btnList.size is not a function
    at https://pr.seegenemedical.com/user/js/common.js?ver=20260415:230:26
[ 3591851ms] TypeError: btnList.size is not a function
    at https://pr.seegenemedical.com/user/js/common.js?ver=20260415:1609:26
[ 3594349ms] TypeError: btnList.size is not a function
    at https://pr.seegenemedical.com/user/js/common.js?ver=20260415:160:26
[ 3594350ms] TypeError: btnList.size is not a function
    at https://pr.seegenemedical.com/user/js/common.js?ver=20260415:230:26
[ 3597348ms] TypeError: btnList.size is not a function
    at https://pr.seegenemedical.com/user/js/common.js?ver=20260415:160:26
[ 3597348ms] TypeError: btnList.size is not a function
    at https://pr.seegenemedical.com/user/js/common.js?ver=20260415:230:26
[ 3597348ms] TypeError: btnList.size is not a function
    at https://pr.seegenemedical.com/user/js/common.js?ver=20260415:1609:26
[ 3600348ms] TypeError: btnList.size is not a function
    at https://pr.seegenemedical.com/user/js/common.js?ver=20260415:160:26
[ 3600348ms] TypeError: btnList.size is not a function
    at https://pr.seegenemedical.com/user/js/common.js?ver=20260415:230:26
[ 3602851ms] TypeError: btnList.size is not a function
    at https://pr.seegenemedical.com/user/js/common.js?ver=20260415:1609:26
[ 3603351ms] TypeError: btnList.size is not a function
    at https://pr.seegenemedical.com/user/js/common.js?ver=20260415:160:26
[ 3603352ms] TypeError: btnList.size is not a function
    at https://pr.seegenemedical.com/user/js/common.js?ver=20260415:230:26
[ 3606352ms] TypeError: btnList.size is not a function
    at https://pr.seegenemedical.com/user/js/common.js?ver=20260415:160:26
[ 3606352ms] TypeError: btnList.size is not a function
    at https://pr.seegenemedical.com/user/js/common.js?ver=20260415:230:26
[ 3608350ms] TypeError: btnList.size is not a function
    at https://pr.seegenemedical.com/user/js/common.js?ver=20260415:1609:26
[ 3609351ms] TypeError: btnList.size is not a function
    at https://pr.seegenemedical.com/user/js/common.js?ver=20260415:160:26
[ 3609352ms] TypeError: btnList.size is not a function
    at https://pr.seegenemedical.com/user/js/common.js?ver=20260415:230:26
[ 3612352ms] TypeError: btnList.size is not a function
    at https://pr.seegenemedical.com/user/js/common.js?ver=20260415:160:26
[ 3612352ms] TypeError: btnList.size is not a function
    at https://pr.seegenemedical.com/user/js/common.js?ver=20260415:230:26
[ 3613850ms] TypeError: btnList.size is not a function
    at https://pr.seegenemedical.com/user/js/common.js?ver=20260415:1609:26
[ 3615349ms] TypeError: btnList.size is not a function
    at https://pr.seegenemedical.com/user/js/common.js?ver=20260415:160:26
[ 3615349ms] TypeError: btnList.size is not a function
    at https://pr.seegenemedical.com/user/js/common.js?ver=20260415:230:26
[ 3618353ms] TypeError: btnList.size is not a function
    at https://pr.seegenemedical.com/user/js/common.js?ver=20260415:160:26
[ 3618353ms] TypeError: btnList.size is not a function
    at https://pr.seegenemedical.com/user/js/common.js?ver=20260415:230:26
[ 3619350ms] TypeError: btnList.size is not a function
    at https://pr.seegenemedical.com/user/js/common.js?ver=20260415:1609:26
[ 3621347ms] TypeError: btnList.size is not a function
    at https://pr.seegenemedical.com/user/js/common.js?ver=20260415:160:26
[ 3621347ms] TypeError: btnList.size is not a function
    at https://pr.seegenemedical.com/user/js/common.js?ver=20260415:230:26
[ 3624351ms] TypeError: btnList.size is not a function
    at https://pr.seegenemedical.com/user/js/common.js?ver=20260415:160:26
[ 3624351ms] TypeError: btnList.size is not a function
    at https://pr.seegenemedical.com/user/js/common.js?ver=20260415:230:26
[ 3624851ms] TypeError: btnList.size is not a function
    at https://pr.seegenemedical.com/user/js/common.js?ver=20260415:1609:26
[ 3627348ms] TypeError: btnList.size is not a function
    at https://pr.seegenemedical.com/user/js/common.js?ver=20260415:160:26
[ 3627348ms] TypeError: btnList.size is not a function
    at https://pr.seegenemedical.com/user/js/common.js?ver=20260415:230:26
[ 3630350ms] TypeError: btnList.size is not a function
    at https://pr.seegenemedical.com/user/js/common.js?ver=20260415:160:26
[ 3630350ms] TypeError: btnList.size is not a function
    at https://pr.seegenemedical.com/user/js/common.js?ver=20260415:230:26
[ 3630350ms] TypeError: btnList.size is not a function
    at https://pr.seegenemedical.com/user/js/common.js?ver=20260415:1609:26
[ 3633351ms] TypeError: btnList.size is not a function
    at https://pr.seegenemedical.com/user/js/common.js?ver=20260415:160:26
[ 3633351ms] TypeError: btnList.size is not a function
    at https://pr.seegenemedical.com/user/js/common.js?ver=20260415:230:26
[ 3635851ms] TypeError: btnList.size is not a function
    at https://pr.seegenemedical.com/user/js/common.js?ver=20260415:1609:26
[ 3636349ms] TypeError: btnList.size is not a function
    at https://pr.seegenemedical.com/user/js/common.js?ver=20260415:160:26
[ 3636349ms] TypeError: btnList.size is not a function
    at https://pr.seegenemedical.com/user/js/common.js?ver=20260415:230:26
[ 3639351ms] TypeError: btnList.size is not a function
    at https://pr.seegenemedical.com/user/js/common.js?ver=20260415:160:26
[ 3639351ms] TypeError: btnList.size is not a function
    at https://pr.seegenemedical.com/user/js/common.js?ver=20260415:230:26
[ 3641344ms] TypeError: btnList.size is not a function
    at https://pr.seegenemedical.com/user/js/common.js?ver=20260415:1609:26
[ 3642350ms] TypeError: btnList.size is not a function
    at https://pr.seegenemedical.com/user/js/common.js?ver=20260415:160:26
[ 3642350ms] TypeError: btnList.size is not a function
    at https://pr.seegenemedical.com/user/js/common.js?ver=20260415:230:26
[ 3645344ms] TypeError: btnList.size is not a function
    at https://pr.seegenemedical.com/user/js/common.js?ver=20260415:160:26
[ 3645345ms] TypeError: btnList.size is not a function
    at https://pr.seegenemedical.com/user/js/common.js?ver=20260415:230:26
[ 3646861ms] TypeError: btnList.size is not a function
    at https://pr.seegenemedical.com/user/js/common.js?ver=20260415:1609:26
[ 3648348ms] TypeError: btnList.size is not a function
    at https://pr.seegenemedical.com/user/js/common.js?ver=20260415:160:26
[ 3648349ms] TypeError: btnList.size is not a function
    at https://pr.seegenemedical.com/user/js/common.js?ver=20260415:230:26
[ 3651343ms] TypeError: btnList.size is not a function
    at https://pr.seegenemedical.com/user/js/common.js?ver=20260415:160:26
[ 3651343ms] TypeError: btnList.size is not a function
    at https://pr.seegenemedical.com/user/js/common.js?ver=20260415:230:26
[ 3652349ms] TypeError: btnList.size is not a function
    at https://pr.seegenemedical.com/user/js/common.js?ver=20260415:1609:26
[ 3654348ms] TypeError: btnList.size is not a function
    at https://pr.seegenemedical.com/user/js/common.js?ver=20260415:160:26
[ 3654348ms] TypeError: btnList.size is not a function
    at https://pr.seegenemedical.com/user/js/common.js?ver=20260415:230:26
[ 3657354ms] TypeError: btnList.size is not a function
    at https://pr.seegenemedical.com/user/js/common.js?ver=20260415:160:26
[ 3657354ms] TypeError: btnList.size is not a function
    at https://pr.seegenemedical.com/user/js/common.js?ver=20260415:230:26
[ 3657850ms] TypeError: btnList.size is not a function
    at https://pr.seegenemedical.com/user/js/common.js?ver=20260415:1609:26
[ 3660351ms] TypeError: btnList.size is not a function
    at https://pr.seegenemedical.com/user/js/common.js?ver=20260415:160:26
[ 3660351ms] TypeError: btnList.size is not a function
    at https://pr.seegenemedical.com/user/js/common.js?ver=20260415:230:26
[ 3663348ms] TypeError: btnList.size is not a function
    at https://pr.seegenemedical.com/user/js/common.js?ver=20260415:160:26
[ 3663348ms] TypeError: btnList.size is not a function
    at https://pr.seegenemedical.com/user/js/common.js?ver=20260415:230:26
[ 3663349ms] TypeError: btnList.size is not a function
    at https://pr.seegenemedical.com/user/js/common.js?ver=20260415:1609:26
[ 3666351ms] TypeError: btnList.size is not a function
    at https://pr.seegenemedical.com/user/js/common.js?ver=20260415:160:26
[ 3666351ms] TypeError: btnList.size is not a function
    at https://pr.seegenemedical.com/user/js/common.js?ver=20260415:230:26
[ 3668848ms] TypeError: btnList.size is not a function
    at https://pr.seegenemedical.com/user/js/common.js?ver=20260415:1609:26
[ 3669347ms] TypeError: btnList.size is not a function
    at https://pr.seegenemedical.com/user/js/common.js?ver=20260415:160:26
[ 3669347ms] TypeError: btnList.size is not a function
    at https://pr.seegenemedical.com/user/js/common.js?ver=20260415:230:26
[ 3672346ms] TypeError: btnList.size is not a function
    at https://pr.seegenemedical.com/user/js/common.js?ver=20260415:160:26
[ 3672346ms] TypeError: btnList.size is not a function
    at https://pr.seegenemedical.com/user/js/common.js?ver=20260415:230:26
[ 3674343ms] TypeError: btnList.size is not a function
    at https://pr.seegenemedical.com/user/js/common.js?ver=20260415:1609:26
[ 3675345ms] TypeError: btnList.size is not a function
    at https://pr.seegenemedical.com/user/js/common.js?ver=20260415:160:26
[ 3675345ms] TypeError: btnList.size is not a function
    at https://pr.seegenemedical.com/user/js/common.js?ver=20260415:230:26
[ 3678346ms] TypeError: btnList.size is not a function
    at https://pr.seegenemedical.com/user/js/common.js?ver=20260415:160:26
[ 3678347ms] TypeError: btnList.size is not a function
    at https://pr.seegenemedical.com/user/js/common.js?ver=20260415:230:26
[ 3679847ms] TypeError: btnList.size is not a function
    at https://pr.seegenemedical.com/user/js/common.js?ver=20260415:1609:26
[ 3681347ms] TypeError: btnList.size is not a function
    at https://pr.seegenemedical.com/user/js/common.js?ver=20260415:160:26
[ 3681347ms] TypeError: btnList.size is not a function
    at https://pr.seegenemedical.com/user/js/common.js?ver=20260415:230:26
[ 3684347ms] TypeError: btnList.size is not a function
    at https://pr.seegenemedical.com/user/js/common.js?ver=20260415:160:26
[ 3684348ms] TypeError: btnList.size is not a function
    at https://pr.seegenemedical.com/user/js/common.js?ver=20260415:230:26
[ 3685351ms] TypeError: btnList.size is not a function
    at https://pr.seegenemedical.com/user/js/common.js?ver=20260415:1609:26
[ 3687351ms] TypeError: btnList.size is not a function
    at https://pr.seegenemedical.com/user/js/common.js?ver=20260415:160:26
[ 3687351ms] TypeError: btnList.size is not a function
    at https://pr.seegenemedical.com/user/js/common.js?ver=20260415:230:26
[ 3690363ms] TypeError: btnList.size is not a function
    at https://pr.seegenemedical.com/user/js/common.js?ver=20260415:160:26
[ 3690363ms] TypeError: btnList.size is not a function
    at https://pr.seegenemedical.com/user/js/common.js?ver=20260415:230:26
[ 3690843ms] TypeError: btnList.size is not a function
    at https://pr.seegenemedical.com/user/js/common.js?ver=20260415:1609:26
[ 3693343ms] TypeError: btnList.size is not a function
    at https://pr.seegenemedical.com/user/js/common.js?ver=20260415:160:26
[ 3693344ms] TypeError: btnList.size is not a function
    at https://pr.seegenemedical.com/user/js/common.js?ver=20260415:230:26
[ 3696351ms] TypeError: btnList.size is not a function
    at https://pr.seegenemedical.com/user/js/common.js?ver=20260415:160:26
[ 3696352ms] TypeError: btnList.size is not a function
    at https://pr.seegenemedical.com/user/js/common.js?ver=20260415:230:26
[ 3696352ms] TypeError: btnList.size is not a function
    at https://pr.seegenemedical.com/user/js/common.js?ver=20260415:1609:26
[ 3699352ms] TypeError: btnList.size is not a function
    at https://pr.seegenemedical.com/user/js/common.js?ver=20260415:160:26
[ 3699352ms] TypeError: btnList.size is not a function
    at https://pr.seegenemedical.com/user/js/common.js?ver=20260415:230:26
[ 3701850ms] TypeError: btnList.size is not a function
    at https://pr.seegenemedical.com/user/js/common.js?ver=20260415:1609:26
[ 3702342ms] TypeError: btnList.size is not a function
    at https://pr.seegenemedical.com/user/js/common.js?ver=20260415:160:26
[ 3702342ms] TypeError: btnList.size is not a function
    at https://pr.seegenemedical.com/user/js/common.js?ver=20260415:230:26
[ 3705346ms] TypeError: btnList.size is not a function
    at https://pr.seegenemedical.com/user/js/common.js?ver=20260415:160:26
[ 3705346ms] TypeError: btnList.size is not a function
    at https://pr.seegenemedical.com/user/js/common.js?ver=20260415:230:26
[ 3707349ms] TypeError: btnList.size is not a function
    at https://pr.seegenemedical.com/user/js/common.js?ver=20260415:1609:26
[ 3708349ms] TypeError: btnList.size is not a function
    at https://pr.seegenemedical.com/user/js/common.js?ver=20260415:160:26
[ 3708350ms] TypeError: btnList.size is not a function
    at https://pr.seegenemedical.com/user/js/common.js?ver=20260415:230:26
[ 3711347ms] TypeError: btnList.size is not a function
    at https://pr.seegenemedical.com/user/js/common.js?ver=20260415:160:26
[ 3711348ms] TypeError: btnList.size is not a function
    at https://pr.seegenemedical.com/user/js/common.js?ver=20260415:230:26
[ 3712848ms] TypeError: btnList.size is not a function
    at https://pr.seegenemedical.com/user/js/common.js?ver=20260415:1609:26
[ 3714351ms] TypeError: btnList.size is not a function
    at https://pr.seegenemedical.com/user/js/common.js?ver=20260415:160:26
[ 3714351ms] TypeError: btnList.size is not a function
    at https://pr.seegenemedical.com/user/js/common.js?ver=20260415:230:26
[ 3717344ms] TypeError: btnList.size is not a function
    at https://pr.seegenemedical.com/user/js/common.js?ver=20260415:160:26
[ 3717344ms] TypeError: btnList.size is not a function
    at https://pr.seegenemedical.com/user/js/common.js?ver=20260415:230:26
[ 3718347ms] TypeError: btnList.size is not a function
    at https://pr.seegenemedical.com/user/js/common.js?ver=20260415:1609:26
[ 3720352ms] TypeError: btnList.size is not a function
    at https://pr.seegenemedical.com/user/js/common.js?ver=20260415:160:26
[ 3720352ms] TypeError: btnList.size is not a function
    at https://pr.seegenemedical.com/user/js/common.js?ver=20260415:230:26
[ 3723351ms] TypeError: btnList.size is not a function
    at https://pr.seegenemedical.com/user/js/common.js?ver=20260415:160:26
[ 3723352ms] TypeError: btnList.size is not a function
    at https://pr.seegenemedical.com/user/js/common.js?ver=20260415:230:26
[ 3723851ms] TypeError: btnList.size is not a function
    at https://pr.seegenemedical.com/user/js/common.js?ver=20260415:1609:26
[ 3726348ms] TypeError: btnList.size is not a function
    at https://pr.seegenemedical.com/user/js/common.js?ver=20260415:160:26
[ 3726348ms] TypeError: btnList.size is not a function
    at https://pr.seegenemedical.com/user/js/common.js?ver=20260415:230:26
[ 3729347ms] TypeError: btnList.size is not a function
    at https://pr.seegenemedical.com/user/js/common.js?ver=20260415:160:26
[ 3729347ms] TypeError: btnList.size is not a function
    at https://pr.seegenemedical.com/user/js/common.js?ver=20260415:230:26
[ 3729347ms] TypeError: btnList.size is not a function
    at https://pr.seegenemedical.com/user/js/common.js?ver=20260415:1609:26
[ 3732352ms] TypeError: btnList.size is not a function
    at https://pr.seegenemedical.com/user/js/common.js?ver=20260415:160:26
[ 3732352ms] TypeError: btnList.size is not a function
    at https://pr.seegenemedical.com/user/js/common.js?ver=20260415:230:26
[ 3734851ms] TypeError: btnList.size is not a function
    at https://pr.seegenemedical.com/user/js/common.js?ver=20260415:1609:26
[ 3735350ms] TypeError: btnList.size is not a function
    at https://pr.seegenemedical.com/user/js/common.js?ver=20260415:160:26
[ 3735350ms] TypeError: btnList.size is not a function
    at https://pr.seegenemedical.com/user/js/common.js?ver=20260415:230:26
[ 3738351ms] TypeError: btnList.size is not a function
    at https://pr.seegenemedical.com/user/js/common.js?ver=20260415:160:26
[ 3738351ms] TypeError: btnList.size is not a function
    at https://pr.seegenemedical.com/user/js/common.js?ver=20260415:230:26
[ 3740347ms] TypeError: btnList.size is not a function
    at https://pr.seegenemedical.com/user/js/common.js?ver=20260415:1609:26
[ 3741350ms] TypeError: btnList.size is not a function
    at https://pr.seegenemedical.com/user/js/common.js?ver=20260415:160:26
[ 3741351ms] TypeError: btnList.size is not a function
    at https://pr.seegenemedical.com/user/js/common.js?ver=20260415:230:26
[ 3744342ms] TypeError: btnList.size is not a function
    at https://pr.seegenemedical.com/user/js/common.js?ver=20260415:160:26
[ 3744343ms] TypeError: btnList.size is not a function
    at https://pr.seegenemedical.com/user/js/common.js?ver=20260415:230:26
[ 3745849ms] TypeError: btnList.size is not a function
    at https://pr.seegenemedical.com/user/js/common.js?ver=20260415:1609:26
[ 3747352ms] TypeError: btnList.size is not a function
    at https://pr.seegenemedical.com/user/js/common.js?ver=20260415:160:26
[ 3747352ms] TypeError: btnList.size is not a function
    at https://pr.seegenemedical.com/user/js/common.js?ver=20260415:230:26
[ 3750354ms] TypeError: btnList.size is not a function
    at https://pr.seegenemedical.com/user/js/common.js?ver=20260415:160:26
[ 3750354ms] TypeError: btnList.size is not a function
    at https://pr.seegenemedical.com/user/js/common.js?ver=20260415:230:26
[ 3751357ms] TypeError: btnList.size is not a function
    at https://pr.seegenemedical.com/user/js/common.js?ver=20260415:1609:26
[ 3753348ms] TypeError: btnList.size is not a function
    at https://pr.seegenemedical.com/user/js/common.js?ver=20260415:160:26
[ 3753348ms] TypeError: btnList.size is not a function
    at https://pr.seegenemedical.com/user/js/common.js?ver=20260415:230:26
[ 3756351ms] TypeError: btnList.size is not a function
    at https://pr.seegenemedical.com/user/js/common.js?ver=20260415:160:26
[ 3756351ms] TypeError: btnList.size is not a function
    at https://pr.seegenemedical.com/user/js/common.js?ver=20260415:230:26
[ 3756849ms] TypeError: btnList.size is not a function
    at https://pr.seegenemedical.com/user/js/common.js?ver=20260415:1609:26
[ 3759351ms] TypeError: btnList.size is not a function
    at https://pr.seegenemedical.com/user/js/common.js?ver=20260415:160:26
[ 3759351ms] TypeError: btnList.size is not a function
    at https://pr.seegenemedical.com/user/js/common.js?ver=20260415:230:26
[ 3762348ms] TypeError: btnList.size is not a function
    at https://pr.seegenemedical.com/user/js/common.js?ver=20260415:160:26
[ 3762348ms] TypeError: btnList.size is not a function
    at https://pr.seegenemedical.com/user/js/common.js?ver=20260415:230:26
[ 3762348ms] TypeError: btnList.size is not a function
    at https://pr.seegenemedical.com/user/js/common.js?ver=20260415:1609:26
[ 3765350ms] TypeError: btnList.size is not a function
    at https://pr.seegenemedical.com/user/js/common.js?ver=20260415:160:26
[ 3765351ms] TypeError: btnList.size is not a function
    at https://pr.seegenemedical.com/user/js/common.js?ver=20260415:230:26
[ 3767843ms] TypeError: btnList.size is not a function
    at https://pr.seegenemedical.com/user/js/common.js?ver=20260415:1609:26
[ 3768352ms] TypeError: btnList.size is not a function
    at https://pr.seegenemedical.com/user/js/common.js?ver=20260415:160:26
[ 3768352ms] TypeError: btnList.size is not a function
    at https://pr.seegenemedical.com/user/js/common.js?ver=20260415:230:26
[ 3771347ms] TypeError: btnList.size is not a function
    at https://pr.seegenemedical.com/user/js/common.js?ver=20260415:160:26
[ 3771347ms] TypeError: btnList.size is not a function
    at https://pr.seegenemedical.com/user/js/common.js?ver=20260415:230:26
[ 3773350ms] TypeError: btnList.size is not a function
    at https://pr.seegenemedical.com/user/js/common.js?ver=20260415:1609:26
[ 3774350ms] TypeError: btnList.size is not a function
    at https://pr.seegenemedical.com/user/js/common.js?ver=20260415:160:26
[ 3774350ms] TypeError: btnList.size is not a function
    at https://pr.seegenemedical.com/user/js/common.js?ver=20260415:230:26
[ 3777353ms] TypeError: btnList.size is not a function
    at https://pr.seegenemedical.com/user/js/common.js?ver=20260415:160:26
[ 3777354ms] TypeError: btnList.size is not a function
    at https://pr.seegenemedical.com/user/js/common.js?ver=20260415:230:26
[ 3778848ms] TypeError: btnList.size is not a function
    at https://pr.seegenemedical.com/user/js/common.js?ver=20260415:1609:26
[ 3780349ms] TypeError: btnList.size is not a function
    at https://pr.seegenemedical.com/user/js/common.js?ver=20260415:160:26
[ 3780350ms] TypeError: btnList.size is not a function
    at https://pr.seegenemedical.com/user/js/common.js?ver=20260415:230:26
[ 3783349ms] TypeError: btnList.size is not a function
    at https://pr.seegenemedical.com/user/js/common.js?ver=20260415:160:26
[ 3783349ms] TypeError: btnList.size is not a function
    at https://pr.seegenemedical.com/user/js/common.js?ver=20260415:230:26
[ 3784349ms] TypeError: btnList.size is not a function
    at https://pr.seegenemedical.com/user/js/common.js?ver=20260415:1609:26
[ 3786342ms] TypeError: btnList.size is not a function
    at https://pr.seegenemedical.com/user/js/common.js?ver=20260415:160:26
[ 3786342ms] TypeError: btnList.size is not a function
    at https://pr.seegenemedical.com/user/js/common.js?ver=20260415:230:26
[ 3789351ms] TypeError: btnList.size is not a function
    at https://pr.seegenemedical.com/user/js/common.js?ver=20260415:160:26
[ 3789351ms] TypeError: btnList.size is not a function
    at https://pr.seegenemedical.com/user/js/common.js?ver=20260415:230:26
[ 3789851ms] TypeError: btnList.size is not a function
    at https://pr.seegenemedical.com/user/js/common.js?ver=20260415:1609:26
[ 3792347ms] TypeError: btnList.size is not a function
    at https://pr.seegenemedical.com/user/js/common.js?ver=20260415:160:26
[ 3792347ms] TypeError: btnList.size is not a function
    at https://pr.seegenemedical.com/user/js/common.js?ver=20260415:230:26
[ 3795349ms] TypeError: btnList.size is not a function
    at https://pr.seegenemedical.com/user/js/common.js?ver=20260415:160:26
[ 3795349ms] TypeError: btnList.size is not a function
    at https://pr.seegenemedical.com/user/js/common.js?ver=20260415:230:26
[ 3795349ms] TypeError: btnList.size is not a function
    at https://pr.seegenemedical.com/user/js/common.js?ver=20260415:1609:26
[ 3798349ms] TypeError: btnList.size is not a function
    at https://pr.seegenemedical.com/user/js/common.js?ver=20260415:160:26
[ 3798349ms] TypeError: btnList.size is not a function
    at https://pr.seegenemedical.com/user/js/common.js?ver=20260415:230:26
[ 3800851ms] TypeError: btnList.size is not a function
    at https://pr.seegenemedical.com/user/js/common.js?ver=20260415:1609:26
[ 3801350ms] TypeError: btnList.size is not a function
    at https://pr.seegenemedical.com/user/js/common.js?ver=20260415:160:26
[ 3801351ms] TypeError: btnList.size is not a function
    at https://pr.seegenemedical.com/user/js/common.js?ver=20260415:230:26
[ 3804351ms] TypeError: btnList.size is not a function
    at https://pr.seegenemedical.com/user/js/common.js?ver=20260415:160:26
[ 3804352ms] TypeError: btnList.size is not a function
    at https://pr.seegenemedical.com/user/js/common.js?ver=20260415:230:26
[ 3806345ms] TypeError: btnList.size is not a function
    at https://pr.seegenemedical.com/user/js/common.js?ver=20260415:1609:26
[ 3807349ms] TypeError: btnList.size is not a function
    at https://pr.seegenemedical.com/user/js/common.js?ver=20260415:160:26
[ 3807349ms] TypeError: btnList.size is not a function
    at https://pr.seegenemedical.com/user/js/common.js?ver=20260415:230:26
[ 3810351ms] TypeError: btnList.size is not a function
    at https://pr.seegenemedical.com/user/js/common.js?ver=20260415:160:26
[ 3810352ms] TypeError: btnList.size is not a function
    at https://pr.seegenemedical.com/user/js/common.js?ver=20260415:230:26
[ 3811850ms] TypeError: btnList.size is not a function
    at https://pr.seegenemedical.com/user/js/common.js?ver=20260415:1609:26
[ 3813351ms] TypeError: btnList.size is not a function
    at https://pr.seegenemedical.com/user/js/common.js?ver=20260415:160:26
[ 3813352ms] TypeError: btnList.size is not a function
    at https://pr.seegenemedical.com/user/js/common.js?ver=20260415:230:26
[ 3816347ms] TypeError: btnList.size is not a function
    at https://pr.seegenemedical.com/user/js/common.js?ver=20260415:160:26
[ 3816347ms] TypeError: btnList.size is not a function
    at https://pr.seegenemedical.com/user/js/common.js?ver=20260415:230:26
[ 3817343ms] TypeError: btnList.size is not a function
    at https://pr.seegenemedical.com/user/js/common.js?ver=20260415:1609:26
[ 3819342ms] TypeError: btnList.size is not a function
    at https://pr.seegenemedical.com/user/js/common.js?ver=20260415:160:26
[ 3819343ms] TypeError: btnList.size is not a function
    at https://pr.seegenemedical.com/user/js/common.js?ver=20260415:230:26
[ 3822351ms] TypeError: btnList.size is not a function
    at https://pr.seegenemedical.com/user/js/common.js?ver=20260415:160:26
[ 3822351ms] TypeError: btnList.size is not a function
    at https://pr.seegenemedical.com/user/js/common.js?ver=20260415:230:26
[ 3822847ms] TypeError: btnList.size is not a function
    at https://pr.seegenemedical.com/user/js/common.js?ver=20260415:1609:26
[ 3825350ms] TypeError: btnList.size is not a function
    at https://pr.seegenemedical.com/user/js/common.js?ver=20260415:160:26
[ 3825350ms] TypeError: btnList.size is not a function
    at https://pr.seegenemedical.com/user/js/common.js?ver=20260415:230:26
[ 3828349ms] TypeError: btnList.size is not a function
    at https://pr.seegenemedical.com/user/js/common.js?ver=20260415:160:26
[ 3828350ms] TypeError: btnList.size is not a function
    at https://pr.seegenemedical.com/user/js/common.js?ver=20260415:230:26
[ 3828350ms] TypeError: btnList.size is not a function
    at https://pr.seegenemedical.com/user/js/common.js?ver=20260415:1609:26
[ 3831340ms] TypeError: btnList.size is not a function
    at https://pr.seegenemedical.com/user/js/common.js?ver=20260415:160:26
[ 3831341ms] TypeError: btnList.size is not a function
    at https://pr.seegenemedical.com/user/js/common.js?ver=20260415:230:26
[ 3833845ms] TypeError: btnList.size is not a function
    at https://pr.seegenemedical.com/user/js/common.js?ver=20260415:1609:26
[ 3834351ms] TypeError: btnList.size is not a function
    at https://pr.seegenemedical.com/user/js/common.js?ver=20260415:160:26
[ 3834352ms] TypeError: btnList.size is not a function
    at https://pr.seegenemedical.com/user/js/common.js?ver=20260415:230:26
[ 3837357ms] TypeError: btnList.size is not a function
    at https://pr.seegenemedical.com/user/js/common.js?ver=20260415:160:26
[ 3837357ms] TypeError: btnList.size is not a function
    at https://pr.seegenemedical.com/user/js/common.js?ver=20260415:230:26
[ 3839353ms] TypeError: btnList.size is not a function
    at https://pr.seegenemedical.com/user/js/common.js?ver=20260415:1609:26
[ 3840349ms] TypeError: btnList.size is not a function
    at https://pr.seegenemedical.com/user/js/common.js?ver=20260415:160:26
[ 3840350ms] TypeError: btnList.size is not a function
    at https://pr.seegenemedical.com/user/js/common.js?ver=20260415:230:26
[ 3843346ms] TypeError: btnList.size is not a function
    at https://pr.seegenemedical.com/user/js/common.js?ver=20260415:160:26
[ 3843346ms] TypeError: btnList.size is not a function
    at https://pr.seegenemedical.com/user/js/common.js?ver=20260415:230:26
[ 3844856ms] TypeError: btnList.size is not a function
    at https://pr.seegenemedical.com/user/js/common.js?ver=20260415:1609:26
[ 3846348ms] TypeError: btnList.size is not a function
    at https://pr.seegenemedical.com/user/js/common.js?ver=20260415:160:26
[ 3846349ms] TypeError: btnList.size is not a function
    at https://pr.seegenemedical.com/user/js/common.js?ver=20260415:230:26
[ 3849345ms] TypeError: btnList.size is not a function
    at https://pr.seegenemedical.com/user/js/common.js?ver=20260415:160:26
[ 3849345ms] TypeError: btnList.size is not a function
    at https://pr.seegenemedical.com/user/js/common.js?ver=20260415:230:26
[ 3850352ms] TypeError: btnList.size is not a function
    at https://pr.seegenemedical.com/user/js/common.js?ver=20260415:1609:26
[ 3852346ms] TypeError: btnList.size is not a function
    at https://pr.seegenemedical.com/user/js/common.js?ver=20260415:160:26
[ 3852346ms] TypeError: btnList.size is not a function
    at https://pr.seegenemedical.com/user/js/common.js?ver=20260415:230:26
[ 3855350ms] TypeError: btnList.size is not a function
    at https://pr.seegenemedical.com/user/js/common.js?ver=20260415:160:26
[ 3855350ms] TypeError: btnList.size is not a function
    at https://pr.seegenemedical.com/user/js/common.js?ver=20260415:230:26
[ 3855847ms] TypeError: btnList.size is not a function
    at https://pr.seegenemedical.com/user/js/common.js?ver=20260415:1609:26
[ 3858355ms] TypeError: btnList.size is not a function
    at https://pr.seegenemedical.com/user/js/common.js?ver=20260415:160:26
[ 3858355ms] TypeError: btnList.size is not a function
    at https://pr.seegenemedical.com/user/js/common.js?ver=20260415:230:26
[ 3861351ms] TypeError: btnList.size is not a function
    at https://pr.seegenemedical.com/user/js/common.js?ver=20260415:160:26
[ 3861351ms] TypeError: btnList.size is not a function
    at https://pr.seegenemedical.com/user/js/common.js?ver=20260415:230:26
[ 3861351ms] TypeError: btnList.size is not a function
    at https://pr.seegenemedical.com/user/js/common.js?ver=20260415:1609:26
[ 3864352ms] TypeError: btnList.size is not a function
    at https://pr.seegenemedical.com/user/js/common.js?ver=20260415:160:26
[ 3864353ms] TypeError: btnList.size is not a function
    at https://pr.seegenemedical.com/user/js/common.js?ver=20260415:230:26
[ 3866843ms] TypeError: btnList.size is not a function
    at https://pr.seegenemedical.com/user/js/common.js?ver=20260415:1609:26
[ 3867355ms] TypeError: btnList.size is not a function
    at https://pr.seegenemedical.com/user/js/common.js?ver=20260415:160:26
[ 3867356ms] TypeError: btnList.size is not a function
    at https://pr.seegenemedical.com/user/js/common.js?ver=20260415:230:26
[ 3870342ms] TypeError: btnList.size is not a function
    at https://pr.seegenemedical.com/user/js/common.js?ver=20260415:160:26
[ 3870342ms] TypeError: btnList.size is not a function
    at https://pr.seegenemedical.com/user/js/common.js?ver=20260415:230:26
[ 3872347ms] TypeError: btnList.size is not a function
    at https://pr.seegenemedical.com/user/js/common.js?ver=20260415:1609:26
[ 3873348ms] TypeError: btnList.size is not a function
    at https://pr.seegenemedical.com/user/js/common.js?ver=20260415:160:26
[ 3873348ms] TypeError: btnList.size is not a function
    at https://pr.seegenemedical.com/user/js/common.js?ver=20260415:230:26
[ 3876347ms] TypeError: btnList.size is not a function
    at https://pr.seegenemedical.com/user/js/common.js?ver=20260415:160:26
[ 3876347ms] TypeError: btnList.size is not a function
    at https://pr.seegenemedical.com/user/js/common.js?ver=20260415:230:26
[ 3877850ms] TypeError: btnList.size is not a function
    at https://pr.seegenemedical.com/user/js/common.js?ver=20260415:1609:26
[ 3879351ms] TypeError: btnList.size is not a function
    at https://pr.seegenemedical.com/user/js/common.js?ver=20260415:160:26
[ 3879352ms] TypeError: btnList.size is not a function
    at https://pr.seegenemedical.com/user/js/common.js?ver=20260415:230:26
[ 3882347ms] TypeError: btnList.size is not a function
    at https://pr.seegenemedical.com/user/js/common.js?ver=20260415:160:26
[ 3882348ms] TypeError: btnList.size is not a function
    at https://pr.seegenemedical.com/user/js/common.js?ver=20260415:230:26
[ 3883347ms] TypeError: btnList.size is not a function
    at https://pr.seegenemedical.com/user/js/common.js?ver=20260415:1609:26
[ 3885352ms] TypeError: btnList.size is not a function
    at https://pr.seegenemedical.com/user/js/common.js?ver=20260415:160:26
[ 3885352ms] TypeError: btnList.size is not a function
    at https://pr.seegenemedical.com/user/js/common.js?ver=20260415:230:26
[ 3888352ms] TypeError: btnList.size is not a function
    at https://pr.seegenemedical.com/user/js/common.js?ver=20260415:160:26
[ 3888352ms] TypeError: btnList.size is not a function
    at https://pr.seegenemedical.com/user/js/common.js?ver=20260415:230:26
[ 3888849ms] TypeError: btnList.size is not a function
    at https://pr.seegenemedical.com/user/js/common.js?ver=20260415:1609:26
[ 3891349ms] TypeError: btnList.size is not a function
    at https://pr.seegenemedical.com/user/js/common.js?ver=20260415:160:26
[ 3891349ms] TypeError: btnList.size is not a function
    at https://pr.seegenemedical.com/user/js/common.js?ver=20260415:230:26
[ 3894342ms] TypeError: btnList.size is not a function
    at https://pr.seegenemedical.com/user/js/common.js?ver=20260415:160:26
[ 3894343ms] TypeError: btnList.size is not a function
    at https://pr.seegenemedical.com/user/js/common.js?ver=20260415:230:26
[ 3894347ms] TypeError: btnList.size is not a function
    at https://pr.seegenemedical.com/user/js/common.js?ver=20260415:1609:26
[ 3897352ms] TypeError: btnList.size is not a function
    at https://pr.seegenemedical.com/user/js/common.js?ver=20260415:160:26
[ 3897352ms] TypeError: btnList.size is not a function
    at https://pr.seegenemedical.com/user/js/common.js?ver=20260415:230:26
[ 3899850ms] TypeError: btnList.size is not a function
    at https://pr.seegenemedical.com/user/js/common.js?ver=20260415:1609:26
[ 3900351ms] TypeError: btnList.size is not a function
    at https://pr.seegenemedical.com/user/js/common.js?ver=20260415:160:26
[ 3900351ms] TypeError: btnList.size is not a function
    at https://pr.seegenemedical.com/user/js/common.js?ver=20260415:230:26
[ 3903342ms] TypeError: btnList.size is not a function
    at https://pr.seegenemedical.com/user/js/common.js?ver=20260415:160:26
[ 3903343ms] TypeError: btnList.size is not a function
    at https://pr.seegenemedical.com/user/js/common.js?ver=20260415:230:26
[ 3905352ms] TypeError: btnList.size is not a function
    at https://pr.seegenemedical.com/user/js/common.js?ver=20260415:1609:26
[ 3906348ms] TypeError: btnList.size is not a function
    at https://pr.seegenemedical.com/user/js/common.js?ver=20260415:160:26
[ 3906349ms] TypeError: btnList.size is not a function
    at https://pr.seegenemedical.com/user/js/common.js?ver=20260415:230:26
[ 3909352ms] TypeError: btnList.size is not a function
    at https://pr.seegenemedical.com/user/js/common.js?ver=20260415:160:26
[ 3909352ms] TypeError: btnList.size is not a function
    at https://pr.seegenemedical.com/user/js/common.js?ver=20260415:230:26
[ 3910844ms] TypeError: btnList.size is not a function
    at https://pr.seegenemedical.com/user/js/common.js?ver=20260415:1609:26
[ 3912351ms] TypeError: btnList.size is not a function
    at https://pr.seegenemedical.com/user/js/common.js?ver=20260415:160:26
[ 3912351ms] TypeError: btnList.size is not a function
    at https://pr.seegenemedical.com/user/js/common.js?ver=20260415:230:26
[ 3915350ms] TypeError: btnList.size is not a function
    at https://pr.seegenemedical.com/user/js/common.js?ver=20260415:160:26
[ 3915351ms] TypeError: btnList.size is not a function
    at https://pr.seegenemedical.com/user/js/common.js?ver=20260415:230:26
[ 3916358ms] TypeError: btnList.size is not a function
    at https://pr.seegenemedical.com/user/js/common.js?ver=20260415:1609:26
[ 3918349ms] TypeError: btnList.size is not a function
    at https://pr.seegenemedical.com/user/js/common.js?ver=20260415:160:26
[ 3918350ms] TypeError: btnList.size is not a function
    at https://pr.seegenemedical.com/user/js/common.js?ver=20260415:230:26
[ 3921352ms] TypeError: btnList.size is not a function
    at https://pr.seegenemedical.com/user/js/common.js?ver=20260415:160:26
[ 3921352ms] TypeError: btnList.size is not a function
    at https://pr.seegenemedical.com/user/js/common.js?ver=20260415:230:26
[ 3921849ms] TypeError: btnList.size is not a function
    at https://pr.seegenemedical.com/user/js/common.js?ver=20260415:1609:26
[ 3924352ms] TypeError: btnList.size is not a function
    at https://pr.seegenemedical.com/user/js/common.js?ver=20260415:160:26
[ 3924352ms] TypeError: btnList.size is not a function
    at https://pr.seegenemedical.com/user/js/common.js?ver=20260415:230:26
[ 3927352ms] TypeError: btnList.size is not a function
    at https://pr.seegenemedical.com/user/js/common.js?ver=20260415:160:26
[ 3927352ms] TypeError: btnList.size is not a function
    at https://pr.seegenemedical.com/user/js/common.js?ver=20260415:230:26
[ 3927352ms] TypeError: btnList.size is not a function
    at https://pr.seegenemedical.com/user/js/common.js?ver=20260415:1609:26
[ 3930351ms] TypeError: btnList.size is not a function
    at https://pr.seegenemedical.com/user/js/common.js?ver=20260415:160:26
[ 3930351ms] TypeError: btnList.size is not a function
    at https://pr.seegenemedical.com/user/js/common.js?ver=20260415:230:26
[ 3932845ms] TypeError: btnList.size is not a function
    at https://pr.seegenemedical.com/user/js/common.js?ver=20260415:1609:26
[ 3933346ms] TypeError: btnList.size is not a function
    at https://pr.seegenemedical.com/user/js/common.js?ver=20260415:160:26
[ 3933346ms] TypeError: btnList.size is not a function
    at https://pr.seegenemedical.com/user/js/common.js?ver=20260415:230:26
[ 3936352ms] TypeError: btnList.size is not a function
    at https://pr.seegenemedical.com/user/js/common.js?ver=20260415:160:26
[ 3936352ms] TypeError: btnList.size is not a function
    at https://pr.seegenemedical.com/user/js/common.js?ver=20260415:230:26
[ 3938359ms] TypeError: btnList.size is not a function
    at https://pr.seegenemedical.com/user/js/common.js?ver=20260415:1609:26
[ 3939347ms] TypeError: btnList.size is not a function
    at https://pr.seegenemedical.com/user/js/common.js?ver=20260415:160:26
[ 3939347ms] TypeError: btnList.size is not a function
    at https://pr.seegenemedical.com/user/js/common.js?ver=20260415:230:26
[ 3942345ms] TypeError: btnList.size is not a function
    at https://pr.seegenemedical.com/user/js/common.js?ver=20260415:160:26
[ 3942345ms] TypeError: btnList.size is not a function
    at https://pr.seegenemedical.com/user/js/common.js?ver=20260415:230:26
[ 3943856ms] TypeError: btnList.size is not a function
    at https://pr.seegenemedical.com/user/js/common.js?ver=20260415:1609:26
[ 3945353ms] TypeError: btnList.size is not a function
    at https://pr.seegenemedical.com/user/js/common.js?ver=20260415:160:26
[ 3945353ms] TypeError: btnList.size is not a function
    at https://pr.seegenemedical.com/user/js/common.js?ver=20260415:230:26
[ 3948356ms] TypeError: btnList.size is not a function
    at https://pr.seegenemedical.com/user/js/common.js?ver=20260415:160:26
[ 3948356ms] TypeError: btnList.size is not a function
    at https://pr.seegenemedical.com/user/js/common.js?ver=20260415:230:26
[ 3949346ms] TypeError: btnList.size is not a function
    at https://pr.seegenemedical.com/user/js/common.js?ver=20260415:1609:26
[ 3951352ms] TypeError: btnList.size is not a function
    at https://pr.seegenemedical.com/user/js/common.js?ver=20260415:160:26
[ 3951352ms] TypeError: btnList.size is not a function
    at https://pr.seegenemedical.com/user/js/common.js?ver=20260415:230:26
[ 3954350ms] TypeError: btnList.size is not a function
    at https://pr.seegenemedical.com/user/js/common.js?ver=20260415:160:26
[ 3954350ms] TypeError: btnList.size is not a function
    at https://pr.seegenemedical.com/user/js/common.js?ver=20260415:230:26
[ 3954852ms] TypeError: btnList.size is not a function
    at https://pr.seegenemedical.com/user/js/common.js?ver=20260415:1609:26
[ 3957353ms] TypeError: btnList.size is not a function
    at https://pr.seegenemedical.com/user/js/common.js?ver=20260415:160:26
[ 3957353ms] TypeError: btnList.size is not a function
    at https://pr.seegenemedical.com/user/js/common.js?ver=20260415:230:26
[ 3960343ms] TypeError: btnList.size is not a function
    at https://pr.seegenemedical.com/user/js/common.js?ver=20260415:160:26
[ 3960343ms] TypeError: btnList.size is not a function
    at https://pr.seegenemedical.com/user/js/common.js?ver=20260415:230:26
[ 3960349ms] TypeError: btnList.size is not a function
    at https://pr.seegenemedical.com/user/js/common.js?ver=20260415:1609:26
[ 3963342ms] TypeError: btnList.size is not a function
    at https://pr.seegenemedical.com/user/js/common.js?ver=20260415:160:26
[ 3963342ms] TypeError: btnList.size is not a function
    at https://pr.seegenemedical.com/user/js/common.js?ver=20260415:230:26
[ 3965844ms] TypeError: btnList.size is not a function
    at https://pr.seegenemedical.com/user/js/common.js?ver=20260415:1609:26
[ 3966355ms] TypeError: btnList.size is not a function
    at https://pr.seegenemedical.com/user/js/common.js?ver=20260415:160:26
[ 3966356ms] TypeError: btnList.size is not a function
    at https://pr.seegenemedical.com/user/js/common.js?ver=20260415:230:26
[ 3969346ms] TypeError: btnList.size is not a function
    at https://pr.seegenemedical.com/user/js/common.js?ver=20260415:160:26
[ 3969346ms] TypeError: btnList.size is not a function
    at https://pr.seegenemedical.com/user/js/common.js?ver=20260415:230:26
[ 3971355ms] TypeError: btnList.size is not a function
    at https://pr.seegenemedical.com/user/js/common.js?ver=20260415:1609:26
[ 3972351ms] TypeError: btnList.size is not a function
    at https://pr.seegenemedical.com/user/js/common.js?ver=20260415:160:26
[ 3972351ms] TypeError: btnList.size is not a function
    at https://pr.seegenemedical.com/user/js/common.js?ver=20260415:230:26
[ 3975343ms] TypeError: btnList.size is not a function
    at https://pr.seegenemedical.com/user/js/common.js?ver=20260415:160:26
[ 3975343ms] TypeError: btnList.size is not a function
    at https://pr.seegenemedical.com/user/js/common.js?ver=20260415:230:26
[ 3976859ms] TypeError: btnList.size is not a function
    at https://pr.seegenemedical.com/user/js/common.js?ver=20260415:1609:26
[ 3978342ms] TypeError: btnList.size is not a function
    at https://pr.seegenemedical.com/user/js/common.js?ver=20260415:160:26
[ 3978342ms] TypeError: btnList.size is not a function
    at https://pr.seegenemedical.com/user/js/common.js?ver=20260415:230:26
[ 3981342ms] TypeError: btnList.size is not a function
    at https://pr.seegenemedical.com/user/js/common.js?ver=20260415:160:26
[ 3981342ms] TypeError: btnList.size is not a function
    at https://pr.seegenemedical.com/user/js/common.js?ver=20260415:230:26
[ 3982350ms] TypeError: btnList.size is not a function
    at https://pr.seegenemedical.com/user/js/common.js?ver=20260415:1609:26
[ 3984352ms] TypeError: btnList.size is not a function
    at https://pr.seegenemedical.com/user/js/common.js?ver=20260415:160:26
[ 3984352ms] TypeError: btnList.size is not a function
    at https://pr.seegenemedical.com/user/js/common.js?ver=20260415:230:26
[ 3987346ms] TypeError: btnList.size is not a function
    at https://pr.seegenemedical.com/user/js/common.js?ver=20260415:160:26
[ 3987347ms] TypeError: btnList.size is not a function
    at https://pr.seegenemedical.com/user/js/common.js?ver=20260415:230:26
[ 3987845ms] TypeError: btnList.size is not a function
    at https://pr.seegenemedical.com/user/js/common.js?ver=20260415:1609:26
[ 3990347ms] TypeError: btnList.size is not a function
    at https://pr.seegenemedical.com/user/js/common.js?ver=20260415:160:26
[ 3990348ms] TypeError: btnList.size is not a function
    at https://pr.seegenemedical.com/user/js/common.js?ver=20260415:230:26
[ 3993345ms] TypeError: btnList.size is not a function
    at https://pr.seegenemedical.com/user/js/common.js?ver=20260415:160:26
[ 3993346ms] TypeError: btnList.size is not a function
    at https://pr.seegenemedical.com/user/js/common.js?ver=20260415:230:26
[ 3993346ms] TypeError: btnList.size is not a function
    at https://pr.seegenemedical.com/user/js/common.js?ver=20260415:1609:26
[ 3996351ms] TypeError: btnList.size is not a function
    at https://pr.seegenemedical.com/user/js/common.js?ver=20260415:160:26
[ 3996351ms] TypeError: btnList.size is not a function
    at https://pr.seegenemedical.com/user/js/common.js?ver=20260415:230:26
[ 3998855ms] TypeError: btnList.size is not a function
    at https://pr.seegenemedical.com/user/js/common.js?ver=20260415:1609:26
[ 3999350ms] TypeError: btnList.size is not a function
    at https://pr.seegenemedical.com/user/js/common.js?ver=20260415:160:26
[ 3999351ms] TypeError: btnList.size is not a function
    at https://pr.seegenemedical.com/user/js/common.js?ver=20260415:230:26
[ 4002343ms] TypeError: btnList.size is not a function
    at https://pr.seegenemedical.com/user/js/common.js?ver=20260415:160:26
[ 4002343ms] TypeError: btnList.size is not a function
    at https://pr.seegenemedical.com/user/js/common.js?ver=20260415:230:26
[ 4004353ms] TypeError: btnList.size is not a function
    at https://pr.seegenemedical.com/user/js/common.js?ver=20260415:1609:26
[ 4005344ms] TypeError: btnList.size is not a function
    at https://pr.seegenemedical.com/user/js/common.js?ver=20260415:160:26
[ 4005344ms] TypeError: btnList.size is not a function
    at https://pr.seegenemedical.com/user/js/common.js?ver=20260415:230:26
[ 4008356ms] TypeError: btnList.size is not a function
    at https://pr.seegenemedical.com/user/js/common.js?ver=20260415:160:26
[ 4008357ms] TypeError: btnList.size is not a function
    at https://pr.seegenemedical.com/user/js/common.js?ver=20260415:230:26
[ 4009856ms] TypeError: btnList.size is not a function
    at https://pr.seegenemedical.com/user/js/common.js?ver=20260415:1609:26
[ 4011345ms] TypeError: btnList.size is not a function
    at https://pr.seegenemedical.com/user/js/common.js?ver=20260415:160:26
[ 4011346ms] TypeError: btnList.size is not a function
    at https://pr.seegenemedical.com/user/js/common.js?ver=20260415:230:26
[ 4014357ms] TypeError: btnList.size is not a function
    at https://pr.seegenemedical.com/user/js/common.js?ver=20260415:160:26
[ 4014357ms] TypeError: btnList.size is not a function
    at https://pr.seegenemedical.com/user/js/common.js?ver=20260415:230:26
[ 4015349ms] TypeError: btnList.size is not a function
    at https://pr.seegenemedical.com/user/js/common.js?ver=20260415:1609:26
[ 4017344ms] TypeError: btnList.size is not a function
    at https://pr.seegenemedical.com/user/js/common.js?ver=20260415:160:26
[ 4017344ms] TypeError: btnList.size is not a function
    at https://pr.seegenemedical.com/user/js/common.js?ver=20260415:230:26
[ 4020355ms] TypeError: btnList.size is not a function
    at https://pr.seegenemedical.com/user/js/common.js?ver=20260415:160:26
[ 4020355ms] TypeError: btnList.size is not a function
    at https://pr.seegenemedical.com/user/js/common.js?ver=20260415:230:26
[ 4020851ms] TypeError: btnList.size is not a function
    at https://pr.seegenemedical.com/user/js/common.js?ver=20260415:1609:26
[ 4023352ms] TypeError: btnList.size is not a function
    at https://pr.seegenemedical.com/user/js/common.js?ver=20260415:160:26
[ 4023353ms] TypeError: btnList.size is not a function
    at https://pr.seegenemedical.com/user/js/common.js?ver=20260415:230:26
[ 4026352ms] TypeError: btnList.size is not a function
    at https://pr.seegenemedical.com/user/js/common.js?ver=20260415:160:26
[ 4026352ms] TypeError: btnList.size is not a function
    at https://pr.seegenemedical.com/user/js/common.js?ver=20260415:230:26
[ 4026352ms] TypeError: btnList.size is not a function
    at https://pr.seegenemedical.com/user/js/common.js?ver=20260415:1609:26
[ 4029354ms] TypeError: btnList.size is not a function
    at https://pr.seegenemedical.com/user/js/common.js?ver=20260415:160:26
[ 4029354ms] TypeError: btnList.size is not a function
    at https://pr.seegenemedical.com/user/js/common.js?ver=20260415:230:26
[ 4031861ms] TypeError: btnList.size is not a function
    at https://pr.seegenemedical.com/user/js/common.js?ver=20260415:1609:26
[ 4032352ms] TypeError: btnList.size is not a function
    at https://pr.seegenemedical.com/user/js/common.js?ver=20260415:160:26
[ 4032352ms] TypeError: btnList.size is not a function
    at https://pr.seegenemedical.com/user/js/common.js?ver=20260415:230:26
[ 4035351ms] TypeError: btnList.size is not a function
    at https://pr.seegenemedical.com/user/js/common.js?ver=20260415:160:26
[ 4035351ms] TypeError: btnList.size is not a function
    at https://pr.seegenemedical.com/user/js/common.js?ver=20260415:230:26
[ 4037345ms] TypeError: btnList.size is not a function
    at https://pr.seegenemedical.com/user/js/common.js?ver=20260415:1609:26
[ 4038355ms] TypeError: btnList.size is not a function
    at https://pr.seegenemedical.com/user/js/common.js?ver=20260415:160:26
[ 4038355ms] TypeError: btnList.size is not a function
    at https://pr.seegenemedical.com/user/js/common.js?ver=20260415:230:26
[ 4041346ms] TypeError: btnList.size is not a function
    at https://pr.seegenemedical.com/user/js/common.js?ver=20260415:160:26
[ 4041347ms] TypeError: btnList.size is not a function
    at https://pr.seegenemedical.com/user/js/common.js?ver=20260415:230:26
[ 4042845ms] TypeError: btnList.size is not a function
    at https://pr.seegenemedical.com/user/js/common.js?ver=20260415:1609:26
[ 4044340ms] TypeError: btnList.size is not a function
    at https://pr.seegenemedical.com/user/js/common.js?ver=20260415:160:26
[ 4044345ms] TypeError: btnList.size is not a function
    at https://pr.seegenemedical.com/user/js/common.js?ver=20260415:230:26
[ 4047343ms] TypeError: btnList.size is not a function
    at https://pr.seegenemedical.com/user/js/common.js?ver=20260415:160:26
[ 4047343ms] TypeError: btnList.size is not a function
    at https://pr.seegenemedical.com/user/js/common.js?ver=20260415:230:26
[ 4048348ms] TypeError: btnList.size is not a function
    at https://pr.seegenemedical.com/user/js/common.js?ver=20260415:1609:26
[ 4050357ms] TypeError: btnList.size is not a function
    at https://pr.seegenemedical.com/user/js/common.js?ver=20260415:160:26
[ 4050357ms] TypeError: btnList.size is not a function
    at https://pr.seegenemedical.com/user/js/common.js?ver=20260415:230:26
[ 4053346ms] TypeError: btnList.size is not a function
    at https://pr.seegenemedical.com/user/js/common.js?ver=20260415:160:26
[ 4053346ms] TypeError: btnList.size is not a function
    at https://pr.seegenemedical.com/user/js/common.js?ver=20260415:230:26
[ 4053850ms] TypeError: btnList.size is not a function
    at https://pr.seegenemedical.com/user/js/common.js?ver=20260415:1609:26
[ 4056345ms] TypeError: btnList.size is not a function
    at https://pr.seegenemedical.com/user/js/common.js?ver=20260415:160:26
[ 4056345ms] TypeError: btnList.size is not a function
    at https://pr.seegenemedical.com/user/js/common.js?ver=20260415:230:26
[ 4059357ms] TypeError: btnList.size is not a function
    at https://pr.seegenemedical.com/user/js/common.js?ver=20260415:160:26
[ 4059357ms] TypeError: btnList.size is not a function
    at https://pr.seegenemedical.com/user/js/common.js?ver=20260415:230:26
[ 4059357ms] TypeError: btnList.size is not a function
    at https://pr.seegenemedical.com/user/js/common.js?ver=20260415:1609:26
[ 4062349ms] TypeError: btnList.size is not a function
    at https://pr.seegenemedical.com/user/js/common.js?ver=20260415:160:26
[ 4062350ms] TypeError: btnList.size is not a function
    at https://pr.seegenemedical.com/user/js/common.js?ver=20260415:230:26
[ 4064848ms] TypeError: btnList.size is not a function
    at https://pr.seegenemedical.com/user/js/common.js?ver=20260415:1609:26
[ 4065342ms] TypeError: btnList.size is not a function
    at https://pr.seegenemedical.com/user/js/common.js?ver=20260415:160:26
[ 4065343ms] TypeError: btnList.size is not a function
    at https://pr.seegenemedical.com/user/js/common.js?ver=20260415:230:26
[ 4068351ms] TypeError: btnList.size is not a function
    at https://pr.seegenemedical.com/user/js/common.js?ver=20260415:160:26
[ 4068351ms] TypeError: btnList.size is not a function
    at https://pr.seegenemedical.com/user/js/common.js?ver=20260415:230:26
[ 4070345ms] TypeError: btnList.size is not a function
    at https://pr.seegenemedical.com/user/js/common.js?ver=20260415:1609:26
[ 4071354ms] TypeError: btnList.size is not a function
    at https://pr.seegenemedical.com/user/js/common.js?ver=20260415:160:26
[ 4071355ms] TypeError: btnList.size is not a function
    at https://pr.seegenemedical.com/user/js/common.js?ver=20260415:230:26
[ 4074352ms] TypeError: btnList.size is not a function
    at https://pr.seegenemedical.com/user/js/common.js?ver=20260415:160:26
[ 4074352ms] TypeError: btnList.size is not a function
    at https://pr.seegenemedical.com/user/js/common.js?ver=20260415:230:26
[ 4075846ms] TypeError: btnList.size is not a function
    at https://pr.seegenemedical.com/user/js/common.js?ver=20260415:1609:26
[ 4077344ms] TypeError: btnList.size is not a function
    at https://pr.seegenemedical.com/user/js/common.js?ver=20260415:160:26
[ 4077344ms] TypeError: btnList.size is not a function
    at https://pr.seegenemedical.com/user/js/common.js?ver=20260415:230:26
[ 4080343ms] TypeError: btnList.size is not a function
    at https://pr.seegenemedical.com/user/js/common.js?ver=20260415:160:26
[ 4080343ms] TypeError: btnList.size is not a function
    at https://pr.seegenemedical.com/user/js/common.js?ver=20260415:230:26
[ 4081352ms] TypeError: btnList.size is not a function
    at https://pr.seegenemedical.com/user/js/common.js?ver=20260415:1609:26
[ 4083352ms] TypeError: btnList.size is not a function
    at https://pr.seegenemedical.com/user/js/common.js?ver=20260415:160:26
[ 4083352ms] TypeError: btnList.size is not a function
    at https://pr.seegenemedical.com/user/js/common.js?ver=20260415:230:26
[ 4086357ms] TypeError: btnList.size is not a function
    at https://pr.seegenemedical.com/user/js/common.js?ver=20260415:160:26
[ 4086357ms] TypeError: btnList.size is not a function
    at https://pr.seegenemedical.com/user/js/common.js?ver=20260415:230:26
[ 4086851ms] TypeError: btnList.size is not a function
    at https://pr.seegenemedical.com/user/js/common.js?ver=20260415:1609:26
[ 4089350ms] TypeError: btnList.size is not a function
    at https://pr.seegenemedical.com/user/js/common.js?ver=20260415:160:26
[ 4089351ms] TypeError: btnList.size is not a function
    at https://pr.seegenemedical.com/user/js/common.js?ver=20260415:230:26
[ 4092344ms] TypeError: btnList.size is not a function
    at https://pr.seegenemedical.com/user/js/common.js?ver=20260415:160:26
[ 4092345ms] TypeError: btnList.size is not a function
    at https://pr.seegenemedical.com/user/js/common.js?ver=20260415:230:26
[ 4092345ms] TypeError: btnList.size is not a function
    at https://pr.seegenemedical.com/user/js/common.js?ver=20260415:1609:26
[ 4095347ms] TypeError: btnList.size is not a function
    at https://pr.seegenemedical.com/user/js/common.js?ver=20260415:160:26
[ 4095347ms] TypeError: btnList.size is not a function
    at https://pr.seegenemedical.com/user/js/common.js?ver=20260415:230:26
[ 4097858ms] TypeError: btnList.size is not a function
    at https://pr.seegenemedical.com/user/js/common.js?ver=20260415:1609:26
[ 4098354ms] TypeError: btnList.size is not a function
    at https://pr.seegenemedical.com/user/js/common.js?ver=20260415:160:26
[ 4098355ms] TypeError: btnList.size is not a function
    at https://pr.seegenemedical.com/user/js/common.js?ver=20260415:230:26
[ 4101357ms] TypeError: btnList.size is not a function
    at https://pr.seegenemedical.com/user/js/common.js?ver=20260415:160:26
[ 4101357ms] TypeError: btnList.size is not a function
    at https://pr.seegenemedical.com/user/js/common.js?ver=20260415:230:26
[ 4103353ms] TypeError: btnList.size is not a function
    at https://pr.seegenemedical.com/user/js/common.js?ver=20260415:1609:26
[ 4104344ms] TypeError: btnList.size is not a function
    at https://pr.seegenemedical.com/user/js/common.js?ver=20260415:160:26
[ 4104344ms] TypeError: btnList.size is not a function
    at https://pr.seegenemedical.com/user/js/common.js?ver=20260415:230:26
[ 4107346ms] TypeError: btnList.size is not a function
    at https://pr.seegenemedical.com/user/js/common.js?ver=20260415:160:26
[ 4107347ms] TypeError: btnList.size is not a function
    at https://pr.seegenemedical.com/user/js/common.js?ver=20260415:230:26
[ 4108845ms] TypeError: btnList.size is not a function
    at https://pr.seegenemedical.com/user/js/common.js?ver=20260415:1609:26
[ 4110349ms] TypeError: btnList.size is not a function
    at https://pr.seegenemedical.com/user/js/common.js?ver=20260415:160:26
[ 4110350ms] TypeError: btnList.size is not a function
    at https://pr.seegenemedical.com/user/js/common.js?ver=20260415:230:26
[ 4113349ms] TypeError: btnList.size is not a function
    at https://pr.seegenemedical.com/user/js/common.js?ver=20260415:160:26
[ 4113349ms] TypeError: btnList.size is not a function
    at https://pr.seegenemedical.com/user/js/common.js?ver=20260415:230:26
[ 4114347ms] TypeError: btnList.size is not a function
    at https://pr.seegenemedical.com/user/js/common.js?ver=20260415:1609:26
[ 4116344ms] TypeError: btnList.size is not a function
    at https://pr.seegenemedical.com/user/js/common.js?ver=20260415:160:26
[ 4116344ms] TypeError: btnList.size is not a function
    at https://pr.seegenemedical.com/user/js/common.js?ver=20260415:230:26
[ 4119356ms] TypeError: btnList.size is not a function
    at https://pr.seegenemedical.com/user/js/common.js?ver=20260415:160:26
[ 4119356ms] TypeError: btnList.size is not a function
    at https://pr.seegenemedical.com/user/js/common.js?ver=20260415:230:26
[ 4119851ms] TypeError: btnList.size is not a function
    at https://pr.seegenemedical.com/user/js/common.js?ver=20260415:1609:26
[ 4122342ms] TypeError: btnList.size is not a function
    at https://pr.seegenemedical.com/user/js/common.js?ver=20260415:160:26
[ 4122342ms] TypeError: btnList.size is not a function
    at https://pr.seegenemedical.com/user/js/common.js?ver=20260415:230:26
[ 4125348ms] TypeError: btnList.size is not a function
    at https://pr.seegenemedical.com/user/js/common.js?ver=20260415:160:26
[ 4125348ms] TypeError: btnList.size is not a function
    at https://pr.seegenemedical.com/user/js/common.js?ver=20260415:230:26
[ 4125348ms] TypeError: btnList.size is not a function
    at https://pr.seegenemedical.com/user/js/common.js?ver=20260415:1609:26
[ 4128351ms] TypeError: btnList.size is not a function
    at https://pr.seegenemedical.com/user/js/common.js?ver=20260415:160:26
[ 4128351ms] TypeError: btnList.size is not a function
    at https://pr.seegenemedical.com/user/js/common.js?ver=20260415:230:26
[ 4130844ms] TypeError: btnList.size is not a function
    at https://pr.seegenemedical.com/user/js/common.js?ver=20260415:1609:26
[ 4131354ms] TypeError: btnList.size is not a function
    at https://pr.seegenemedical.com/user/js/common.js?ver=20260415:160:26
[ 4131354ms] TypeError: btnList.size is not a function
    at https://pr.seegenemedical.com/user/js/common.js?ver=20260415:230:26
[ 4134354ms] TypeError: btnList.size is not a function
    at https://pr.seegenemedical.com/user/js/common.js?ver=20260415:160:26
[ 4134355ms] TypeError: btnList.size is not a function
    at https://pr.seegenemedical.com/user/js/common.js?ver=20260415:230:26
[ 4136358ms] TypeError: btnList.size is not a function
    at https://pr.seegenemedical.com/user/js/common.js?ver=20260415:1609:26
[ 4137349ms] TypeError: btnList.size is not a function
    at https://pr.seegenemedical.com/user/js/common.js?ver=20260415:160:26
[ 4137350ms] TypeError: btnList.size is not a function
    at https://pr.seegenemedical.com/user/js/common.js?ver=20260415:230:26
[ 4140350ms] TypeError: btnList.size is not a function
    at https://pr.seegenemedical.com/user/js/common.js?ver=20260415:160:26
[ 4140350ms] TypeError: btnList.size is not a function
    at https://pr.seegenemedical.com/user/js/common.js?ver=20260415:230:26
[ 4141851ms] TypeError: btnList.size is not a function
    at https://pr.seegenemedical.com/user/js/common.js?ver=20260415:1609:26
[ 4143357ms] TypeError: btnList.size is not a function
    at https://pr.seegenemedical.com/user/js/common.js?ver=20260415:160:26
[ 4143357ms] TypeError: btnList.size is not a function
    at https://pr.seegenemedical.com/user/js/common.js?ver=20260415:230:26
[ 4146351ms] TypeError: btnList.size is not a function
    at https://pr.seegenemedical.com/user/js/common.js?ver=20260415:160:26
[ 4146351ms] TypeError: btnList.size is not a function
    at https://pr.seegenemedical.com/user/js/common.js?ver=20260415:230:26
[ 4147353ms] TypeError: btnList.size is not a function
    at https://pr.seegenemedical.com/user/js/common.js?ver=20260415:1609:26
[ 4149353ms] TypeError: btnList.size is not a function
    at https://pr.seegenemedical.com/user/js/common.js?ver=20260415:160:26
[ 4149353ms] TypeError: btnList.size is not a function
    at https://pr.seegenemedical.com/user/js/common.js?ver=20260415:230:26
[ 4152349ms] TypeError: btnList.size is not a function
    at https://pr.seegenemedical.com/user/js/common.js?ver=20260415:160:26
[ 4152349ms] TypeError: btnList.size is not a function
    at https://pr.seegenemedical.com/user/js/common.js?ver=20260415:230:26
[ 4152850ms] TypeError: btnList.size is not a function
    at https://pr.seegenemedical.com/user/js/common.js?ver=20260415:1609:26
[ 4155352ms] TypeError: btnList.size is not a function
    at https://pr.seegenemedical.com/user/js/common.js?ver=20260415:160:26
[ 4155353ms] TypeError: btnList.size is not a function
    at https://pr.seegenemedical.com/user/js/common.js?ver=20260415:230:26
[ 4158345ms] TypeError: btnList.size is not a function
    at https://pr.seegenemedical.com/user/js/common.js?ver=20260415:160:26
[ 4158345ms] TypeError: btnList.size is not a function
    at https://pr.seegenemedical.com/user/js/common.js?ver=20260415:230:26
[ 4158345ms] TypeError: btnList.size is not a function
    at https://pr.seegenemedical.com/user/js/common.js?ver=20260415:1609:26
[ 4161346ms] TypeError: btnList.size is not a function
    at https://pr.seegenemedical.com/user/js/common.js?ver=20260415:160:26
[ 4161347ms] TypeError: btnList.size is not a function
    at https://pr.seegenemedical.com/user/js/common.js?ver=20260415:230:26
[ 4163850ms] TypeError: btnList.size is not a function
    at https://pr.seegenemedical.com/user/js/common.js?ver=20260415:1609:26
[ 4164347ms] TypeError: btnList.size is not a function
    at https://pr.seegenemedical.com/user/js/common.js?ver=20260415:160:26
[ 4164347ms] TypeError: btnList.size is not a function
    at https://pr.seegenemedical.com/user/js/common.js?ver=20260415:230:26
[ 4167356ms] TypeError: btnList.size is not a function
    at https://pr.seegenemedical.com/user/js/common.js?ver=20260415:160:26
[ 4167356ms] TypeError: btnList.size is not a function
    at https://pr.seegenemedical.com/user/js/common.js?ver=20260415:230:26
[ 4169356ms] TypeError: btnList.size is not a function
    at https://pr.seegenemedical.com/user/js/common.js?ver=20260415:1609:26
[ 4170342ms] TypeError: btnList.size is not a function
    at https://pr.seegenemedical.com/user/js/common.js?ver=20260415:160:26
[ 4170343ms] TypeError: btnList.size is not a function
    at https://pr.seegenemedical.com/user/js/common.js?ver=20260415:230:26
[ 4173354ms] TypeError: btnList.size is not a function
    at https://pr.seegenemedical.com/user/js/common.js?ver=20260415:160:26
[ 4173355ms] TypeError: btnList.size is not a function
    at https://pr.seegenemedical.com/user/js/common.js?ver=20260415:230:26
[ 4174859ms] TypeError: btnList.size is not a function
    at https://pr.seegenemedical.com/user/js/common.js?ver=20260415:1609:26
[ 4176348ms] TypeError: btnList.size is not a function
    at https://pr.seegenemedical.com/user/js/common.js?ver=20260415:160:26
[ 4176348ms] TypeError: btnList.size is not a function
    at https://pr.seegenemedical.com/user/js/common.js?ver=20260415:230:26
[ 4179351ms] TypeError: btnList.size is not a function
    at https://pr.seegenemedical.com/user/js/common.js?ver=20260415:160:26
[ 4179352ms] TypeError: btnList.size is not a function
    at https://pr.seegenemedical.com/user/js/common.js?ver=20260415:230:26
[ 4180349ms] TypeError: btnList.size is not a function
    at https://pr.seegenemedical.com/user/js/common.js?ver=20260415:1609:26
[ 4182350ms] TypeError: btnList.size is not a function
    at https://pr.seegenemedical.com/user/js/common.js?ver=20260415:160:26
[ 4182351ms] TypeError: btnList.size is not a function
    at https://pr.seegenemedical.com/user/js/common.js?ver=20260415:230:26
[ 4185345ms] TypeError: btnList.size is not a function
    at https://pr.seegenemedical.com/user/js/common.js?ver=20260415:160:26
[ 4185345ms] TypeError: btnList.size is not a function
    at https://pr.seegenemedical.com/user/js/common.js?ver=20260415:230:26
[ 4185850ms] TypeError: btnList.size is not a function
    at https://pr.seegenemedical.com/user/js/common.js?ver=20260415:1609:26
[ 4188354ms] TypeError: btnList.size is not a function
    at https://pr.seegenemedical.com/user/js/common.js?ver=20260415:160:26
[ 4188355ms] TypeError: btnList.size is not a function
    at https://pr.seegenemedical.com/user/js/common.js?ver=20260415:230:26
[ 4191341ms] TypeError: btnList.size is not a function
    at https://pr.seegenemedical.com/user/js/common.js?ver=20260415:160:26
[ 4191345ms] TypeError: btnList.size is not a function
    at https://pr.seegenemedical.com/user/js/common.js?ver=20260415:230:26
[ 4191345ms] TypeError: btnList.size is not a function
    at https://pr.seegenemedical.com/user/js/common.js?ver=20260415:1609:26
[ 4194342ms] TypeError: btnList.size is not a function
    at https://pr.seegenemedical.com/user/js/common.js?ver=20260415:160:26
[ 4194343ms] TypeError: btnList.size is not a function
    at https://pr.seegenemedical.com/user/js/common.js?ver=20260415:230:26
[ 4196845ms] TypeError: btnList.size is not a function
    at https://pr.seegenemedical.com/user/js/common.js?ver=20260415:1609:26
[ 4197343ms] TypeError: btnList.size is not a function
    at https://pr.seegenemedical.com/user/js/common.js?ver=20260415:160:26
[ 4197343ms] TypeError: btnList.size is not a function
    at https://pr.seegenemedical.com/user/js/common.js?ver=20260415:230:26
[ 4200356ms] TypeError: btnList.size is not a function
    at https://pr.seegenemedical.com/user/js/common.js?ver=20260415:160:26
[ 4200356ms] TypeError: btnList.size is not a function
    at https://pr.seegenemedical.com/user/js/common.js?ver=20260415:230:26
[ 4202359ms] TypeError: btnList.size is not a function
    at https://pr.seegenemedical.com/user/js/common.js?ver=20260415:1609:26
[ 4203354ms] TypeError: btnList.size is not a function
    at https://pr.seegenemedical.com/user/js/common.js?ver=20260415:160:26
[ 4203354ms] TypeError: btnList.size is not a function
    at https://pr.seegenemedical.com/user/js/common.js?ver=20260415:230:26
[ 4206354ms] TypeError: btnList.size is not a function
    at https://pr.seegenemedical.com/user/js/common.js?ver=20260415:160:26
[ 4206354ms] TypeError: btnList.size is not a function
    at https://pr.seegenemedical.com/user/js/common.js?ver=20260415:230:26
[ 4207850ms] TypeError: btnList.size is not a function
    at https://pr.seegenemedical.com/user/js/common.js?ver=20260415:1609:26
[ 4209352ms] TypeError: btnList.size is not a function
    at https://pr.seegenemedical.com/user/js/common.js?ver=20260415:160:26
[ 4209352ms] TypeError: btnList.size is not a function
    at https://pr.seegenemedical.com/user/js/common.js?ver=20260415:230:26
[ 4212353ms] TypeError: btnList.size is not a function
    at https://pr.seegenemedical.com/user/js/common.js?ver=20260415:160:26
[ 4212353ms] TypeError: btnList.size is not a function
    at https://pr.seegenemedical.com/user/js/common.js?ver=20260415:230:26
[ 4213353ms] TypeError: btnList.size is not a function
    at https://pr.seegenemedical.com/user/js/common.js?ver=20260415:1609:26
[ 4215344ms] TypeError: btnList.size is not a function
    at https://pr.seegenemedical.com/user/js/common.js?ver=20260415:160:26
[ 4215345ms] TypeError: btnList.size is not a function
    at https://pr.seegenemedical.com/user/js/common.js?ver=20260415:230:26
[ 4218352ms] TypeError: btnList.size is not a function
    at https://pr.seegenemedical.com/user/js/common.js?ver=20260415:160:26
[ 4218352ms] TypeError: btnList.size is not a function
    at https://pr.seegenemedical.com/user/js/common.js?ver=20260415:230:26
[ 4218843ms] TypeError: btnList.size is not a function
    at https://pr.seegenemedical.com/user/js/common.js?ver=20260415:1609:26
[ 4221343ms] TypeError: btnList.size is not a function
    at https://pr.seegenemedical.com/user/js/common.js?ver=20260415:160:26
[ 4221343ms] TypeError: btnList.size is not a function
    at https://pr.seegenemedical.com/user/js/common.js?ver=20260415:230:26
[ 4224348ms] TypeError: btnList.size is not a function
    at https://pr.seegenemedical.com/user/js/common.js?ver=20260415:160:26
[ 4224349ms] TypeError: btnList.size is not a function
    at https://pr.seegenemedical.com/user/js/common.js?ver=20260415:230:26
[ 4224349ms] TypeError: btnList.size is not a function
    at https://pr.seegenemedical.com/user/js/common.js?ver=20260415:1609:26
[ 4227346ms] TypeError: btnList.size is not a function
    at https://pr.seegenemedical.com/user/js/common.js?ver=20260415:160:26
[ 4227346ms] TypeError: btnList.size is not a function
    at https://pr.seegenemedical.com/user/js/common.js?ver=20260415:230:26
[ 4229856ms] TypeError: btnList.size is not a function
    at https://pr.seegenemedical.com/user/js/common.js?ver=20260415:1609:26
[ 4230355ms] TypeError: btnList.size is not a function
    at https://pr.seegenemedical.com/user/js/common.js?ver=20260415:160:26
[ 4230355ms] TypeError: btnList.size is not a function
    at https://pr.seegenemedical.com/user/js/common.js?ver=20260415:230:26
[ 4233355ms] TypeError: btnList.size is not a function
    at https://pr.seegenemedical.com/user/js/common.js?ver=20260415:160:26
[ 4233355ms] TypeError: btnList.size is not a function
    at https://pr.seegenemedical.com/user/js/common.js?ver=20260415:230:26
[ 4235347ms] TypeError: btnList.size is not a function
    at https://pr.seegenemedical.com/user/js/common.js?ver=20260415:1609:26
[ 4236343ms] TypeError: btnList.size is not a function
    at https://pr.seegenemedical.com/user/js/common.js?ver=20260415:160:26
[ 4236343ms] TypeError: btnList.size is not a function
    at https://pr.seegenemedical.com/user/js/common.js?ver=20260415:230:26
[ 4239346ms] TypeError: btnList.size is not a function
    at https://pr.seegenemedical.com/user/js/common.js?ver=20260415:160:26
[ 4239347ms] TypeError: btnList.size is not a function
    at https://pr.seegenemedical.com/user/js/common.js?ver=20260415:230:26
[ 4240850ms] TypeError: btnList.size is not a function
    at https://pr.seegenemedical.com/user/js/common.js?ver=20260415:1609:26
[ 4242357ms] TypeError: btnList.size is not a function
    at https://pr.seegenemedical.com/user/js/common.js?ver=20260415:160:26
[ 4242357ms] TypeError: btnList.size is not a function
    at https://pr.seegenemedical.com/user/js/common.js?ver=20260415:230:26
[ 4245351ms] TypeError: btnList.size is not a function
    at https://pr.seegenemedical.com/user/js/common.js?ver=20260415:160:26
[ 4245351ms] TypeError: btnList.size is not a function
    at https://pr.seegenemedical.com/user/js/common.js?ver=20260415:230:26
[ 4246351ms] TypeError: btnList.size is not a function
    at https://pr.seegenemedical.com/user/js/common.js?ver=20260415:1609:26
[ 4248351ms] TypeError: btnList.size is not a function
    at https://pr.seegenemedical.com/user/js/common.js?ver=20260415:160:26
[ 4248352ms] TypeError: btnList.size is not a function
    at https://pr.seegenemedical.com/user/js/common.js?ver=20260415:230:26
[ 4251349ms] TypeError: btnList.size is not a function
    at https://pr.seegenemedical.com/user/js/common.js?ver=20260415:160:26
[ 4251349ms] TypeError: btnList.size is not a function
    at https://pr.seegenemedical.com/user/js/common.js?ver=20260415:230:26
[ 4251850ms] TypeError: btnList.size is not a function
    at https://pr.seegenemedical.com/user/js/common.js?ver=20260415:1609:26
[ 4254344ms] TypeError: btnList.size is not a function
    at https://pr.seegenemedical.com/user/js/common.js?ver=20260415:160:26
[ 4254344ms] TypeError: btnList.size is not a function
    at https://pr.seegenemedical.com/user/js/common.js?ver=20260415:230:26
[ 4257347ms] TypeError: btnList.size is not a function
    at https://pr.seegenemedical.com/user/js/common.js?ver=20260415:160:26
[ 4257347ms] TypeError: btnList.size is not a function
    at https://pr.seegenemedical.com/user/js/common.js?ver=20260415:230:26
[ 4257348ms] TypeError: btnList.size is not a function
    at https://pr.seegenemedical.com/user/js/common.js?ver=20260415:1609:26
[ 4260347ms] TypeError: btnList.size is not a function
    at https://pr.seegenemedical.com/user/js/common.js?ver=20260415:160:26
[ 4260347ms] TypeError: btnList.size is not a function
    at https://pr.seegenemedical.com/user/js/common.js?ver=20260415:230:26
[ 4262853ms] TypeError: btnList.size is not a function
    at https://pr.seegenemedical.com/user/js/common.js?ver=20260415:1609:26
[ 4263351ms] TypeError: btnList.size is not a function
    at https://pr.seegenemedical.com/user/js/common.js?ver=20260415:160:26
[ 4263351ms] TypeError: btnList.size is not a function
    at https://pr.seegenemedical.com/user/js/common.js?ver=20260415:230:26
[ 4266343ms] TypeError: btnList.size is not a function
    at https://pr.seegenemedical.com/user/js/common.js?ver=20260415:160:26
[ 4266343ms] TypeError: btnList.size is not a function
    at https://pr.seegenemedical.com/user/js/common.js?ver=20260415:230:26
[ 4268356ms] TypeError: btnList.size is not a function
    at https://pr.seegenemedical.com/user/js/common.js?ver=20260415:1609:26
[ 4269346ms] TypeError: btnList.size is not a function
    at https://pr.seegenemedical.com/user/js/common.js?ver=20260415:160:26
[ 4269346ms] TypeError: btnList.size is not a function
    at https://pr.seegenemedical.com/user/js/common.js?ver=20260415:230:26
[ 4272352ms] TypeError: btnList.size is not a function
    at https://pr.seegenemedical.com/user/js/common.js?ver=20260415:160:26
[ 4272352ms] TypeError: btnList.size is not a function
    at https://pr.seegenemedical.com/user/js/common.js?ver=20260415:230:26
[ 4273844ms] TypeError: btnList.size is not a function
    at https://pr.seegenemedical.com/user/js/common.js?ver=20260415:1609:26
[ 4275347ms] TypeError: btnList.size is not a function
    at https://pr.seegenemedical.com/user/js/common.js?ver=20260415:160:26
[ 4275347ms] TypeError: btnList.size is not a function
    at https://pr.seegenemedical.com/user/js/common.js?ver=20260415:230:26
[ 4278343ms] TypeError: btnList.size is not a function
    at https://pr.seegenemedical.com/user/js/common.js?ver=20260415:160:26
[ 4278344ms] TypeError: btnList.size is not a function
    at https://pr.seegenemedical.com/user/js/common.js?ver=20260415:230:26
[ 4279350ms] TypeError: btnList.size is not a function
    at https://pr.seegenemedical.com/user/js/common.js?ver=20260415:1609:26
[ 4281350ms] TypeError: btnList.size is not a function
    at https://pr.seegenemedical.com/user/js/common.js?ver=20260415:160:26
[ 4281351ms] TypeError: btnList.size is not a function
    at https://pr.seegenemedical.com/user/js/common.js?ver=20260415:230:26
[ 4284347ms] TypeError: btnList.size is not a function
    at https://pr.seegenemedical.com/user/js/common.js?ver=20260415:160:26
[ 4284348ms] TypeError: btnList.size is not a function
    at https://pr.seegenemedical.com/user/js/common.js?ver=20260415:230:26
[ 4284851ms] TypeError: btnList.size is not a function
    at https://pr.seegenemedical.com/user/js/common.js?ver=20260415:1609:26
[ 4287353ms] TypeError: btnList.size is not a function
    at https://pr.seegenemedical.com/user/js/common.js?ver=20260415:160:26
[ 4287353ms] TypeError: btnList.size is not a function
    at https://pr.seegenemedical.com/user/js/common.js?ver=20260415:230:26
[ 4290344ms] TypeError: btnList.size is not a function
    at https://pr.seegenemedical.com/user/js/common.js?ver=20260415:160:26
[ 4290344ms] TypeError: btnList.size is not a function
    at https://pr.seegenemedical.com/user/js/common.js?ver=20260415:230:26
[ 4290348ms] TypeError: btnList.size is not a function
    at https://pr.seegenemedical.com/user/js/common.js?ver=20260415:1609:26
[ 4293344ms] TypeError: btnList.size is not a function
    at https://pr.seegenemedical.com/user/js/common.js?ver=20260415:160:26
[ 4293344ms] TypeError: btnList.size is not a function
    at https://pr.seegenemedical.com/user/js/common.js?ver=20260415:230:26
[ 4295850ms] TypeError: btnList.size is not a function
    at https://pr.seegenemedical.com/user/js/common.js?ver=20260415:1609:26
[ 4296347ms] TypeError: btnList.size is not a function
    at https://pr.seegenemedical.com/user/js/common.js?ver=20260415:160:26
[ 4296347ms] TypeError: btnList.size is not a function
    at https://pr.seegenemedical.com/user/js/common.js?ver=20260415:230:26
[ 4299344ms] TypeError: btnList.size is not a function
    at https://pr.seegenemedical.com/user/js/common.js?ver=20260415:160:26
[ 4299344ms] TypeError: btnList.size is not a function
    at https://pr.seegenemedical.com/user/js/common.js?ver=20260415:230:26
[ 4301347ms] TypeError: btnList.size is not a function
    at https://pr.seegenemedical.com/user/js/common.js?ver=20260415:1609:26
[ 4302344ms] TypeError: btnList.size is not a function
    at https://pr.seegenemedical.com/user/js/common.js?ver=20260415:160:26
[ 4302344ms] TypeError: btnList.size is not a function
    at https://pr.seegenemedical.com/user/js/common.js?ver=20260415:230:26
[ 4305357ms] TypeError: btnList.size is not a function
    at https://pr.seegenemedical.com/user/js/common.js?ver=20260415:160:26
[ 4305357ms] TypeError: btnList.size is not a function
    at https://pr.seegenemedical.com/user/js/common.js?ver=20260415:230:26
[ 4306844ms] TypeError: btnList.size is not a function
    at https://pr.seegenemedical.com/user/js/common.js?ver=20260415:1609:26
[ 4308346ms] TypeError: btnList.size is not a function
    at https://pr.seegenemedical.com/user/js/common.js?ver=20260415:160:26
[ 4308347ms] TypeError: btnList.size is not a function
    at https://pr.seegenemedical.com/user/js/common.js?ver=20260415:230:26
[ 4311346ms] TypeError: btnList.size is not a function
    at https://pr.seegenemedical.com/user/js/common.js?ver=20260415:160:26
[ 4311346ms] TypeError: btnList.size is not a function
    at https://pr.seegenemedical.com/user/js/common.js?ver=20260415:230:26
[ 4312345ms] TypeError: btnList.size is not a function
    at https://pr.seegenemedical.com/user/js/common.js?ver=20260415:1609:26
[ 4314346ms] TypeError: btnList.size is not a function
    at https://pr.seegenemedical.com/user/js/common.js?ver=20260415:160:26
[ 4314346ms] TypeError: btnList.size is not a function
    at https://pr.seegenemedical.com/user/js/common.js?ver=20260415:230:26
[ 4317350ms] TypeError: btnList.size is not a function
    at https://pr.seegenemedical.com/user/js/common.js?ver=20260415:160:26
[ 4317350ms] TypeError: btnList.size is not a function
    at https://pr.seegenemedical.com/user/js/common.js?ver=20260415:230:26
[ 4317847ms] TypeError: btnList.size is not a function
    at https://pr.seegenemedical.com/user/js/common.js?ver=20260415:1609:26
[ 4320351ms] TypeError: btnList.size is not a function
    at https://pr.seegenemedical.com/user/js/common.js?ver=20260415:160:26
[ 4320352ms] TypeError: btnList.size is not a function
    at https://pr.seegenemedical.com/user/js/common.js?ver=20260415:230:26
[ 4323348ms] TypeError: btnList.size is not a function
    at https://pr.seegenemedical.com/user/js/common.js?ver=20260415:160:26
[ 4323349ms] TypeError: btnList.size is not a function
    at https://pr.seegenemedical.com/user/js/common.js?ver=20260415:230:26
[ 4323349ms] TypeError: btnList.size is not a function
    at https://pr.seegenemedical.com/user/js/common.js?ver=20260415:1609:26
[ 4326354ms] TypeError: btnList.size is not a function
    at https://pr.seegenemedical.com/user/js/common.js?ver=20260415:160:26
[ 4326354ms] TypeError: btnList.size is not a function
    at https://pr.seegenemedical.com/user/js/common.js?ver=20260415:230:26
[ 4328855ms] TypeError: btnList.size is not a function
    at https://pr.seegenemedical.com/user/js/common.js?ver=20260415:1609:26
[ 4329350ms] TypeError: btnList.size is not a function
    at https://pr.seegenemedical.com/user/js/common.js?ver=20260415:160:26
[ 4329350ms] TypeError: btnList.size is not a function
    at https://pr.seegenemedical.com/user/js/common.js?ver=20260415:230:26
[ 4332344ms] TypeError: btnList.size is not a function
    at https://pr.seegenemedical.com/user/js/common.js?ver=20260415:160:26
[ 4332344ms] TypeError: btnList.size is not a function
    at https://pr.seegenemedical.com/user/js/common.js?ver=20260415:230:26
[ 4334352ms] TypeError: btnList.size is not a function
    at https://pr.seegenemedical.com/user/js/common.js?ver=20260415:1609:26
[ 4335342ms] TypeError: btnList.size is not a function
    at https://pr.seegenemedical.com/user/js/common.js?ver=20260415:160:26
[ 4335343ms] TypeError: btnList.size is not a function
    at https://pr.seegenemedical.com/user/js/common.js?ver=20260415:230:26
[ 4338342ms] TypeError: btnList.size is not a function
    at https://pr.seegenemedical.com/user/js/common.js?ver=20260415:160:26
[ 4338342ms] TypeError: btnList.size is not a function
    at https://pr.seegenemedical.com/user/js/common.js?ver=20260415:230:26
[ 4339857ms] TypeError: btnList.size is not a function
    at https://pr.seegenemedical.com/user/js/common.js?ver=20260415:1609:26
[ 4341342ms] TypeError: btnList.size is not a function
    at https://pr.seegenemedical.com/user/js/common.js?ver=20260415:160:26
[ 4341342ms] TypeError: btnList.size is not a function
    at https://pr.seegenemedical.com/user/js/common.js?ver=20260415:230:26
[ 4344343ms] TypeError: btnList.size is not a function
    at https://pr.seegenemedical.com/user/js/common.js?ver=20260415:160:26
[ 4344343ms] TypeError: btnList.size is not a function
    at https://pr.seegenemedical.com/user/js/common.js?ver=20260415:230:26
[ 4345351ms] TypeError: btnList.size is not a function
    at https://pr.seegenemedical.com/user/js/common.js?ver=20260415:1609:26
[ 4347342ms] TypeError: btnList.size is not a function
    at https://pr.seegenemedical.com/user/js/common.js?ver=20260415:160:26
[ 4347342ms] TypeError: btnList.size is not a function
    at https://pr.seegenemedical.com/user/js/common.js?ver=20260415:230:26
[ 4350344ms] TypeError: btnList.size is not a function
    at https://pr.seegenemedical.com/user/js/common.js?ver=20260415:160:26
[ 4350344ms] TypeError: btnList.size is not a function
    at https://pr.seegenemedical.com/user/js/common.js?ver=20260415:230:26
[ 4350843ms] TypeError: btnList.size is not a function
    at https://pr.seegenemedical.com/user/js/common.js?ver=20260415:1609:26
[ 4353345ms] TypeError: btnList.size is not a function
    at https://pr.seegenemedical.com/user/js/common.js?ver=20260415:160:26
[ 4353345ms] TypeError: btnList.size is not a function
    at https://pr.seegenemedical.com/user/js/common.js?ver=20260415:230:26
[ 4356348ms] TypeError: btnList.size is not a function
    at https://pr.seegenemedical.com/user/js/common.js?ver=20260415:160:26
[ 4356349ms] TypeError: btnList.size is not a function
    at https://pr.seegenemedical.com/user/js/common.js?ver=20260415:230:26
[ 4356349ms] TypeError: btnList.size is not a function
    at https://pr.seegenemedical.com/user/js/common.js?ver=20260415:1609:26
[ 4359355ms] TypeError: btnList.size is not a function
    at https://pr.seegenemedical.com/user/js/common.js?ver=20260415:160:26
[ 4359355ms] TypeError: btnList.size is not a function
    at https://pr.seegenemedical.com/user/js/common.js?ver=20260415:230:26
[ 4361849ms] TypeError: btnList.size is not a function
    at https://pr.seegenemedical.com/user/js/common.js?ver=20260415:1609:26
[ 4362344ms] TypeError: btnList.size is not a function
    at https://pr.seegenemedical.com/user/js/common.js?ver=20260415:160:26
[ 4362344ms] TypeError: btnList.size is not a function
    at https://pr.seegenemedical.com/user/js/common.js?ver=20260415:230:26
[ 4365343ms] TypeError: btnList.size is not a function
    at https://pr.seegenemedical.com/user/js/common.js?ver=20260415:160:26
[ 4365343ms] TypeError: btnList.size is not a function
    at https://pr.seegenemedical.com/user/js/common.js?ver=20260415:230:26
[ 4367346ms] TypeError: btnList.size is not a function
    at https://pr.seegenemedical.com/user/js/common.js?ver=20260415:1609:26
[ 4368354ms] TypeError: btnList.size is not a function
    at https://pr.seegenemedical.com/user/js/common.js?ver=20260415:160:26
[ 4368354ms] TypeError: btnList.size is not a function
    at https://pr.seegenemedical.com/user/js/common.js?ver=20260415:230:26
[ 4371356ms] TypeError: btnList.size is not a function
    at https://pr.seegenemedical.com/user/js/common.js?ver=20260415:160:26
[ 4371357ms] TypeError: btnList.size is not a function
    at https://pr.seegenemedical.com/user/js/common.js?ver=20260415:230:26
[ 4372850ms] TypeError: btnList.size is not a function
    at https://pr.seegenemedical.com/user/js/common.js?ver=20260415:1609:26
[ 4374345ms] TypeError: btnList.size is not a function
    at https://pr.seegenemedical.com/user/js/common.js?ver=20260415:160:26
[ 4374346ms] TypeError: btnList.size is not a function
    at https://pr.seegenemedical.com/user/js/common.js?ver=20260415:230:26
[ 4377357ms] TypeError: btnList.size is not a function
    at https://pr.seegenemedical.com/user/js/common.js?ver=20260415:160:26
[ 4377358ms] TypeError: btnList.size is not a function
    at https://pr.seegenemedical.com/user/js/common.js?ver=20260415:230:26
[ 4378351ms] TypeError: btnList.size is not a function
    at https://pr.seegenemedical.com/user/js/common.js?ver=20260415:1609:26
[ 4380344ms] TypeError: btnList.size is not a function
    at https://pr.seegenemedical.com/user/js/common.js?ver=20260415:160:26
[ 4380345ms] TypeError: btnList.size is not a function
    at https://pr.seegenemedical.com/user/js/common.js?ver=20260415:230:26
[ 4383343ms] TypeError: btnList.size is not a function
    at https://pr.seegenemedical.com/user/js/common.js?ver=20260415:160:26
[ 4383343ms] TypeError: btnList.size is not a function
    at https://pr.seegenemedical.com/user/js/common.js?ver=20260415:230:26
[ 4383850ms] TypeError: btnList.size is not a function
    at https://pr.seegenemedical.com/user/js/common.js?ver=20260415:1609:26
[ 4386342ms] TypeError: btnList.size is not a function
    at https://pr.seegenemedical.com/user/js/common.js?ver=20260415:160:26
[ 4386342ms] TypeError: btnList.size is not a function
    at https://pr.seegenemedical.com/user/js/common.js?ver=20260415:230:26
[ 4389343ms] TypeError: btnList.size is not a function
    at https://pr.seegenemedical.com/user/js/common.js?ver=20260415:160:26
[ 4389343ms] TypeError: btnList.size is not a function
    at https://pr.seegenemedical.com/user/js/common.js?ver=20260415:230:26
[ 4389347ms] TypeError: btnList.size is not a function
    at https://pr.seegenemedical.com/user/js/common.js?ver=20260415:1609:26
[ 4392357ms] TypeError: btnList.size is not a function
    at https://pr.seegenemedical.com/user/js/common.js?ver=20260415:160:26
[ 4392358ms] TypeError: btnList.size is not a function
    at https://pr.seegenemedical.com/user/js/common.js?ver=20260415:230:26
[ 4394848ms] TypeError: btnList.size is not a function
    at https://pr.seegenemedical.com/user/js/common.js?ver=20260415:1609:26
[ 4395347ms] TypeError: btnList.size is not a function
    at https://pr.seegenemedical.com/user/js/common.js?ver=20260415:160:26
[ 4395347ms] TypeError: btnList.size is not a function
    at https://pr.seegenemedical.com/user/js/common.js?ver=20260415:230:26
[ 4398343ms] TypeError: btnList.size is not a function
    at https://pr.seegenemedical.com/user/js/common.js?ver=20260415:160:26
[ 4398344ms] TypeError: btnList.size is not a function
    at https://pr.seegenemedical.com/user/js/common.js?ver=20260415:230:26
[ 4400350ms] TypeError: btnList.size is not a function
    at https://pr.seegenemedical.com/user/js/common.js?ver=20260415:1609:26
[ 4401345ms] TypeError: btnList.size is not a function
    at https://pr.seegenemedical.com/user/js/common.js?ver=20260415:160:26
[ 4401345ms] TypeError: btnList.size is not a function
    at https://pr.seegenemedical.com/user/js/common.js?ver=20260415:230:26
[ 4404354ms] TypeError: btnList.size is not a function
    at https://pr.seegenemedical.com/user/js/common.js?ver=20260415:160:26
[ 4404355ms] TypeError: btnList.size is not a function
    at https://pr.seegenemedical.com/user/js/common.js?ver=20260415:230:26
[ 4405852ms] TypeError: btnList.size is not a function
    at https://pr.seegenemedical.com/user/js/common.js?ver=20260415:1609:26
[ 4407344ms] TypeError: btnList.size is not a function
    at https://pr.seegenemedical.com/user/js/common.js?ver=20260415:160:26
[ 4407344ms] TypeError: btnList.size is not a function
    at https://pr.seegenemedical.com/user/js/common.js?ver=20260415:230:26
[ 4410346ms] TypeError: btnList.size is not a function
    at https://pr.seegenemedical.com/user/js/common.js?ver=20260415:160:26
[ 4410347ms] TypeError: btnList.size is not a function
    at https://pr.seegenemedical.com/user/js/common.js?ver=20260415:230:26
[ 4411352ms] TypeError: btnList.size is not a function
    at https://pr.seegenemedical.com/user/js/common.js?ver=20260415:1609:26
[ 4413345ms] TypeError: btnList.size is not a function
    at https://pr.seegenemedical.com/user/js/common.js?ver=20260415:160:26
[ 4413345ms] TypeError: btnList.size is not a function
    at https://pr.seegenemedical.com/user/js/common.js?ver=20260415:230:26
[ 4416344ms] TypeError: btnList.size is not a function
    at https://pr.seegenemedical.com/user/js/common.js?ver=20260415:160:26
[ 4416344ms] TypeError: btnList.size is not a function
    at https://pr.seegenemedical.com/user/js/common.js?ver=20260415:230:26
[ 4416850ms] TypeError: btnList.size is not a function
    at https://pr.seegenemedical.com/user/js/common.js?ver=20260415:1609:26
[ 4419348ms] TypeError: btnList.size is not a function
    at https://pr.seegenemedical.com/user/js/common.js?ver=20260415:160:26
[ 4419349ms] TypeError: btnList.size is not a function
    at https://pr.seegenemedical.com/user/js/common.js?ver=20260415:230:26
[ 4422344ms] TypeError: btnList.size is not a function
    at https://pr.seegenemedical.com/user/js/common.js?ver=20260415:160:26
[ 4422344ms] TypeError: btnList.size is not a function
    at https://pr.seegenemedical.com/user/js/common.js?ver=20260415:230:26
[ 4422344ms] TypeError: btnList.size is not a function
    at https://pr.seegenemedical.com/user/js/common.js?ver=20260415:1609:26
[ 4425353ms] TypeError: btnList.size is not a function
    at https://pr.seegenemedical.com/user/js/common.js?ver=20260415:160:26
[ 4425353ms] TypeError: btnList.size is not a function
    at https://pr.seegenemedical.com/user/js/common.js?ver=20260415:230:26
[ 4427848ms] TypeError: btnList.size is not a function
    at https://pr.seegenemedical.com/user/js/common.js?ver=20260415:1609:26
[ 4428344ms] TypeError: btnList.size is not a function
    at https://pr.seegenemedical.com/user/js/common.js?ver=20260415:160:26
[ 4428344ms] TypeError: btnList.size is not a function
    at https://pr.seegenemedical.com/user/js/common.js?ver=20260415:230:26
[ 4431342ms] TypeError: btnList.size is not a function
    at https://pr.seegenemedical.com/user/js/common.js?ver=20260415:160:26
[ 4431343ms] TypeError: btnList.size is not a function
    at https://pr.seegenemedical.com/user/js/common.js?ver=20260415:230:26
[ 4433344ms] TypeError: btnList.size is not a function
    at https://pr.seegenemedical.com/user/js/common.js?ver=20260415:1609:26
[ 4434341ms] TypeError: btnList.size is not a function
    at https://pr.seegenemedical.com/user/js/common.js?ver=20260415:160:26
[ 4434345ms] TypeError: btnList.size is not a function
    at https://pr.seegenemedical.com/user/js/common.js?ver=20260415:230:26
[ 4437356ms] TypeError: btnList.size is not a function
    at https://pr.seegenemedical.com/user/js/common.js?ver=20260415:160:26
[ 4437356ms] TypeError: btnList.size is not a function
    at https://pr.seegenemedical.com/user/js/common.js?ver=20260415:230:26
[ 4438851ms] TypeError: btnList.size is not a function
    at https://pr.seegenemedical.com/user/js/common.js?ver=20260415:1609:26
[ 4440347ms] TypeError: btnList.size is not a function
    at https://pr.seegenemedical.com/user/js/common.js?ver=20260415:160:26
[ 4440347ms] TypeError: btnList.size is not a function
    at https://pr.seegenemedical.com/user/js/common.js?ver=20260415:230:26
[ 4443342ms] TypeError: btnList.size is not a function
    at https://pr.seegenemedical.com/user/js/common.js?ver=20260415:160:26
[ 4443342ms] TypeError: btnList.size is not a function
    at https://pr.seegenemedical.com/user/js/common.js?ver=20260415:230:26
[ 4444352ms] TypeError: btnList.size is not a function
    at https://pr.seegenemedical.com/user/js/common.js?ver=20260415:1609:26
[ 4446345ms] TypeError: btnList.size is not a function
    at https://pr.seegenemedical.com/user/js/common.js?ver=20260415:160:26
[ 4446345ms] TypeError: btnList.size is not a function
    at https://pr.seegenemedical.com/user/js/common.js?ver=20260415:230:26
[ 4449344ms] TypeError: btnList.size is not a function
    at https://pr.seegenemedical.com/user/js/common.js?ver=20260415:160:26
[ 4449344ms] TypeError: btnList.size is not a function
    at https://pr.seegenemedical.com/user/js/common.js?ver=20260415:230:26
[ 4449845ms] TypeError: btnList.size is not a function
    at https://pr.seegenemedical.com/user/js/common.js?ver=20260415:1609:26
[ 4452346ms] TypeError: btnList.size is not a function
    at https://pr.seegenemedical.com/user/js/common.js?ver=20260415:160:26
[ 4452346ms] TypeError: btnList.size is not a function
    at https://pr.seegenemedical.com/user/js/common.js?ver=20260415:230:26
[ 4455357ms] TypeError: btnList.size is not a function
    at https://pr.seegenemedical.com/user/js/common.js?ver=20260415:160:26
[ 4455357ms] TypeError: btnList.size is not a function
    at https://pr.seegenemedical.com/user/js/common.js?ver=20260415:230:26
[ 4455358ms] TypeError: btnList.size is not a function
    at https://pr.seegenemedical.com/user/js/common.js?ver=20260415:1609:26
[ 4458357ms] TypeError: btnList.size is not a function
    at https://pr.seegenemedical.com/user/js/common.js?ver=20260415:160:26
[ 4458357ms] TypeError: btnList.size is not a function
    at https://pr.seegenemedical.com/user/js/common.js?ver=20260415:230:26
[ 4460846ms] TypeError: btnList.size is not a function
    at https://pr.seegenemedical.com/user/js/common.js?ver=20260415:1609:26
[ 4461345ms] TypeError: btnList.size is not a function
    at https://pr.seegenemedical.com/user/js/common.js?ver=20260415:160:26
[ 4461345ms] TypeError: btnList.size is not a function
    at https://pr.seegenemedical.com/user/js/common.js?ver=20260415:230:26
[ 4464343ms] TypeError: btnList.size is not a function
    at https://pr.seegenemedical.com/user/js/common.js?ver=20260415:160:26
[ 4464343ms] TypeError: btnList.size is not a function
    at https://pr.seegenemedical.com/user/js/common.js?ver=20260415:230:26
[ 4466354ms] TypeError: btnList.size is not a function
    at https://pr.seegenemedical.com/user/js/common.js?ver=20260415:1609:26
[ 4467350ms] TypeError: btnList.size is not a function
    at https://pr.seegenemedical.com/user/js/common.js?ver=20260415:160:26
[ 4467350ms] TypeError: btnList.size is not a function
    at https://pr.seegenemedical.com/user/js/common.js?ver=20260415:230:26
[ 4470349ms] TypeError: btnList.size is not a function
    at https://pr.seegenemedical.com/user/js/common.js?ver=20260415:160:26
[ 4470350ms] TypeError: btnList.size is not a function
    at https://pr.seegenemedical.com/user/js/common.js?ver=20260415:230:26
[ 4471850ms] TypeError: btnList.size is not a function
    at https://pr.seegenemedical.com/user/js/common.js?ver=20260415:1609:26
[ 4473348ms] TypeError: btnList.size is not a function
    at https://pr.seegenemedical.com/user/js/common.js?ver=20260415:160:26
[ 4473348ms] TypeError: btnList.size is not a function
    at https://pr.seegenemedical.com/user/js/common.js?ver=20260415:230:26
[ 4476342ms] TypeError: btnList.size is not a function
    at https://pr.seegenemedical.com/user/js/common.js?ver=20260415:160:26
[ 4476342ms] TypeError: btnList.size is not a function
    at https://pr.seegenemedical.com/user/js/common.js?ver=20260415:230:26
[ 4477350ms] TypeError: btnList.size is not a function
    at https://pr.seegenemedical.com/user/js/common.js?ver=20260415:1609:26
[ 4479340ms] TypeError: btnList.size is not a function
    at https://pr.seegenemedical.com/user/js/common.js?ver=20260415:160:26
[ 4479341ms] TypeError: btnList.size is not a function
    at https://pr.seegenemedical.com/user/js/common.js?ver=20260415:230:26
[ 4482343ms] TypeError: btnList.size is not a function
    at https://pr.seegenemedical.com/user/js/common.js?ver=20260415:160:26
[ 4482343ms] TypeError: btnList.size is not a function
    at https://pr.seegenemedical.com/user/js/common.js?ver=20260415:230:26
[ 4482850ms] TypeError: btnList.size is not a function
    at https://pr.seegenemedical.com/user/js/common.js?ver=20260415:1609:26
[ 4485342ms] TypeError: btnList.size is not a function
    at https://pr.seegenemedical.com/user/js/common.js?ver=20260415:160:26
[ 4485342ms] TypeError: btnList.size is not a function
    at https://pr.seegenemedical.com/user/js/common.js?ver=20260415:230:26
[ 4488340ms] TypeError: btnList.size is not a function
    at https://pr.seegenemedical.com/user/js/common.js?ver=20260415:160:26
[ 4488343ms] TypeError: btnList.size is not a function
    at https://pr.seegenemedical.com/user/js/common.js?ver=20260415:230:26
[ 4488343ms] TypeError: btnList.size is not a function
    at https://pr.seegenemedical.com/user/js/common.js?ver=20260415:1609:26
[ 4491356ms] TypeError: btnList.size is not a function
    at https://pr.seegenemedical.com/user/js/common.js?ver=20260415:160:26
[ 4491356ms] TypeError: btnList.size is not a function
    at https://pr.seegenemedical.com/user/js/common.js?ver=20260415:230:26
[ 4493856ms] TypeError: btnList.size is not a function
    at https://pr.seegenemedical.com/user/js/common.js?ver=20260415:1609:26
[ 4494354ms] TypeError: btnList.size is not a function
    at https://pr.seegenemedical.com/user/js/common.js?ver=20260415:160:26
[ 4494354ms] TypeError: btnList.size is not a function
    at https://pr.seegenemedical.com/user/js/common.js?ver=20260415:230:26
[ 4497342ms] TypeError: btnList.size is not a function
    at https://pr.seegenemedical.com/user/js/common.js?ver=20260415:160:26
[ 4497342ms] TypeError: btnList.size is not a function
    at https://pr.seegenemedical.com/user/js/common.js?ver=20260415:230:26
[ 4499348ms] TypeError: btnList.size is not a function
    at https://pr.seegenemedical.com/user/js/common.js?ver=20260415:1609:26
[ 4500344ms] TypeError: btnList.size is not a function
    at https://pr.seegenemedical.com/user/js/common.js?ver=20260415:160:26
[ 4500344ms] TypeError: btnList.size is not a function
    at https://pr.seegenemedical.com/user/js/common.js?ver=20260415:230:26
[ 4503350ms] TypeError: btnList.size is not a function
    at https://pr.seegenemedical.com/user/js/common.js?ver=20260415:160:26
[ 4503350ms] TypeError: btnList.size is not a function
    at https://pr.seegenemedical.com/user/js/common.js?ver=20260415:230:26
[ 4504849ms] TypeError: btnList.size is not a function
    at https://pr.seegenemedical.com/user/js/common.js?ver=20260415:1609:26
[ 4506345ms] TypeError: btnList.size is not a function
    at https://pr.seegenemedical.com/user/js/common.js?ver=20260415:160:26
[ 4506345ms] TypeError: btnList.size is not a function
    at https://pr.seegenemedical.com/user/js/common.js?ver=20260415:230:26
[ 4509356ms] TypeError: btnList.size is not a function
    at https://pr.seegenemedical.com/user/js/common.js?ver=20260415:160:26
[ 4509356ms] TypeError: btnList.size is not a function
    at https://pr.seegenemedical.com/user/js/common.js?ver=20260415:230:26
[ 4510346ms] TypeError: btnList.size is not a function
    at https://pr.seegenemedical.com/user/js/common.js?ver=20260415:1609:26
[ 4512347ms] TypeError: btnList.size is not a function
    at https://pr.seegenemedical.com/user/js/common.js?ver=20260415:160:26
[ 4512347ms] TypeError: btnList.size is not a function
    at https://pr.seegenemedical.com/user/js/common.js?ver=20260415:230:26
[ 4515343ms] TypeError: btnList.size is not a function
    at https://pr.seegenemedical.com/user/js/common.js?ver=20260415:160:26
[ 4515343ms] TypeError: btnList.size is not a function
    at https://pr.seegenemedical.com/user/js/common.js?ver=20260415:230:26
[ 4515849ms] TypeError: btnList.size is not a function
    at https://pr.seegenemedical.com/user/js/common.js?ver=20260415:1609:26
[ 4518345ms] TypeError: btnList.size is not a function
    at https://pr.seegenemedical.com/user/js/common.js?ver=20260415:160:26
[ 4518345ms] TypeError: btnList.size is not a function
    at https://pr.seegenemedical.com/user/js/common.js?ver=20260415:230:26
[ 4521354ms] TypeError: btnList.size is not a function
    at https://pr.seegenemedical.com/user/js/common.js?ver=20260415:160:26
[ 4521355ms] TypeError: btnList.size is not a function
    at https://pr.seegenemedical.com/user/js/common.js?ver=20260415:230:26
[ 4521355ms] TypeError: btnList.size is not a function
    at https://pr.seegenemedical.com/user/js/common.js?ver=20260415:1609:26
[ 4524344ms] TypeError: btnList.size is not a function
    at https://pr.seegenemedical.com/user/js/common.js?ver=20260415:160:26
[ 4524344ms] TypeError: btnList.size is not a function
    at https://pr.seegenemedical.com/user/js/common.js?ver=20260415:230:26
[ 4526853ms] TypeError: btnList.size is not a function
    at https://pr.seegenemedical.com/user/js/common.js?ver=20260415:1609:26
[ 4527350ms] TypeError: btnList.size is not a function
    at https://pr.seegenemedical.com/user/js/common.js?ver=20260415:160:26
[ 4527351ms] TypeError: btnList.size is not a function
    at https://pr.seegenemedical.com/user/js/common.js?ver=20260415:230:26
[ 4530350ms] TypeError: btnList.size is not a function
    at https://pr.seegenemedical.com/user/js/common.js?ver=20260415:160:26
[ 4530350ms] TypeError: btnList.size is not a function
    at https://pr.seegenemedical.com/user/js/common.js?ver=20260415:230:26
[ 4532356ms] TypeError: btnList.size is not a function
    at https://pr.seegenemedical.com/user/js/common.js?ver=20260415:1609:26
[ 4533345ms] TypeError: btnList.size is not a function
    at https://pr.seegenemedical.com/user/js/common.js?ver=20260415:160:26
[ 4533345ms] TypeError: btnList.size is not a function
    at https://pr.seegenemedical.com/user/js/common.js?ver=20260415:230:26
[ 4536342ms] TypeError: btnList.size is not a function
    at https://pr.seegenemedical.com/user/js/common.js?ver=20260415:160:26
[ 4536342ms] TypeError: btnList.size is not a function
    at https://pr.seegenemedical.com/user/js/common.js?ver=20260415:230:26
[ 4537846ms] TypeError: btnList.size is not a function
    at https://pr.seegenemedical.com/user/js/common.js?ver=20260415:1609:26
[ 4539351ms] TypeError: btnList.size is not a function
    at https://pr.seegenemedical.com/user/js/common.js?ver=20260415:160:26
[ 4539351ms] TypeError: btnList.size is not a function
    at https://pr.seegenemedical.com/user/js/common.js?ver=20260415:230:26
[ 4542347ms] TypeError: btnList.size is not a function
    at https://pr.seegenemedical.com/user/js/common.js?ver=20260415:160:26
[ 4542347ms] TypeError: btnList.size is not a function
    at https://pr.seegenemedical.com/user/js/common.js?ver=20260415:230:26
[ 4543349ms] TypeError: btnList.size is not a function
    at https://pr.seegenemedical.com/user/js/common.js?ver=20260415:1609:26
[ 4545348ms] TypeError: btnList.size is not a function
    at https://pr.seegenemedical.com/user/js/common.js?ver=20260415:160:26
[ 4545349ms] TypeError: btnList.size is not a function
    at https://pr.seegenemedical.com/user/js/common.js?ver=20260415:230:26
[ 4548342ms] TypeError: btnList.size is not a function
    at https://pr.seegenemedical.com/user/js/common.js?ver=20260415:160:26
[ 4548342ms] TypeError: btnList.size is not a function
    at https://pr.seegenemedical.com/user/js/common.js?ver=20260415:230:26
[ 4548848ms] TypeError: btnList.size is not a function
    at https://pr.seegenemedical.com/user/js/common.js?ver=20260415:1609:26
[ 4551356ms] TypeError: btnList.size is not a function
    at https://pr.seegenemedical.com/user/js/common.js?ver=20260415:160:26
[ 4551356ms] TypeError: btnList.size is not a function
    at https://pr.seegenemedical.com/user/js/common.js?ver=20260415:230:26
[ 4554352ms] TypeError: btnList.size is not a function
    at https://pr.seegenemedical.com/user/js/common.js?ver=20260415:160:26
[ 4554353ms] TypeError: btnList.size is not a function
    at https://pr.seegenemedical.com/user/js/common.js?ver=20260415:230:26
[ 4554353ms] TypeError: btnList.size is not a function
    at https://pr.seegenemedical.com/user/js/common.js?ver=20260415:1609:26
[ 4557349ms] TypeError: btnList.size is not a function
    at https://pr.seegenemedical.com/user/js/common.js?ver=20260415:160:26
[ 4557349ms] TypeError: btnList.size is not a function
    at https://pr.seegenemedical.com/user/js/common.js?ver=20260415:230:26
[ 4559859ms] TypeError: btnList.size is not a function
    at https://pr.seegenemedical.com/user/js/common.js?ver=20260415:1609:26
[ 4560341ms] TypeError: btnList.size is not a function
    at https://pr.seegenemedical.com/user/js/common.js?ver=20260415:160:26
[ 4560345ms] TypeError: btnList.size is not a function
    at https://pr.seegenemedical.com/user/js/common.js?ver=20260415:230:26
[ 4563342ms] TypeError: btnList.size is not a function
    at https://pr.seegenemedical.com/user/js/common.js?ver=20260415:160:26
[ 4563342ms] TypeError: btnList.size is not a function
    at https://pr.seegenemedical.com/user/js/common.js?ver=20260415:230:26
[ 4565346ms] TypeError: btnList.size is not a function
    at https://pr.seegenemedical.com/user/js/common.js?ver=20260415:1609:26
[ 4566349ms] TypeError: btnList.size is not a function
    at https://pr.seegenemedical.com/user/js/common.js?ver=20260415:160:26
[ 4566349ms] TypeError: btnList.size is not a function
    at https://pr.seegenemedical.com/user/js/common.js?ver=20260415:230:26
[ 4569346ms] TypeError: btnList.size is not a function
    at https://pr.seegenemedical.com/user/js/common.js?ver=20260415:160:26
[ 4569346ms] TypeError: btnList.size is not a function
    at https://pr.seegenemedical.com/user/js/common.js?ver=20260415:230:26
[ 4570849ms] TypeError: btnList.size is not a function
    at https://pr.seegenemedical.com/user/js/common.js?ver=20260415:1609:26
[ 4572356ms] TypeError: btnList.size is not a function
    at https://pr.seegenemedical.com/user/js/common.js?ver=20260415:160:26
[ 4572356ms] TypeError: btnList.size is not a function
    at https://pr.seegenemedical.com/user/js/common.js?ver=20260415:230:26
[ 4575353ms] TypeError: btnList.size is not a function
    at https://pr.seegenemedical.com/user/js/common.js?ver=20260415:160:26
[ 4575353ms] TypeError: btnList.size is not a function
    at https://pr.seegenemedical.com/user/js/common.js?ver=20260415:230:26
[ 4576349ms] TypeError: btnList.size is not a function
    at https://pr.seegenemedical.com/user/js/common.js?ver=20260415:1609:26
[ 4578350ms] TypeError: btnList.size is not a function
    at https://pr.seegenemedical.com/user/js/common.js?ver=20260415:160:26
[ 4578350ms] TypeError: btnList.size is not a function
    at https://pr.seegenemedical.com/user/js/common.js?ver=20260415:230:26
[ 4581354ms] TypeError: btnList.size is not a function
    at https://pr.seegenemedical.com/user/js/common.js?ver=20260415:160:26
[ 4581354ms] TypeError: btnList.size is not a function
    at https://pr.seegenemedical.com/user/js/common.js?ver=20260415:230:26
[ 4581850ms] TypeError: btnList.size is not a function
    at https://pr.seegenemedical.com/user/js/common.js?ver=20260415:1609:26
[ 4584343ms] TypeError: btnList.size is not a function
    at https://pr.seegenemedical.com/user/js/common.js?ver=20260415:160:26
[ 4584344ms] TypeError: btnList.size is not a function
    at https://pr.seegenemedical.com/user/js/common.js?ver=20260415:230:26
[ 4587357ms] TypeError: btnList.size is not a function
    at https://pr.seegenemedical.com/user/js/common.js?ver=20260415:160:26
[ 4587357ms] TypeError: btnList.size is not a function
    at https://pr.seegenemedical.com/user/js/common.js?ver=20260415:230:26
[ 4587357ms] TypeError: btnList.size is not a function
    at https://pr.seegenemedical.com/user/js/common.js?ver=20260415:1609:26
[ 4590346ms] TypeError: btnList.size is not a function
    at https://pr.seegenemedical.com/user/js/common.js?ver=20260415:160:26
[ 4590347ms] TypeError: btnList.size is not a function
    at https://pr.seegenemedical.com/user/js/common.js?ver=20260415:230:26
[ 4592853ms] TypeError: btnList.size is not a function
    at https://pr.seegenemedical.com/user/js/common.js?ver=20260415:1609:26
[ 4593352ms] TypeError: btnList.size is not a function
    at https://pr.seegenemedical.com/user/js/common.js?ver=20260415:160:26
[ 4593352ms] TypeError: btnList.size is not a function
    at https://pr.seegenemedical.com/user/js/common.js?ver=20260415:230:26
[ 4596350ms] TypeError: btnList.size is not a function
    at https://pr.seegenemedical.com/user/js/common.js?ver=20260415:160:26
[ 4596351ms] TypeError: btnList.size is not a function
    at https://pr.seegenemedical.com/user/js/common.js?ver=20260415:230:26
[ 4598349ms] TypeError: btnList.size is not a function
    at https://pr.seegenemedical.com/user/js/common.js?ver=20260415:1609:26
[ 4599352ms] TypeError: btnList.size is not a function
    at https://pr.seegenemedical.com/user/js/common.js?ver=20260415:160:26
[ 4599352ms] TypeError: btnList.size is not a function
    at https://pr.seegenemedical.com/user/js/common.js?ver=20260415:230:26
[ 4602351ms] TypeError: btnList.size is not a function
    at https://pr.seegenemedical.com/user/js/common.js?ver=20260415:160:26
[ 4602352ms] TypeError: btnList.size is not a function
    at https://pr.seegenemedical.com/user/js/common.js?ver=20260415:230:26
[ 4603845ms] TypeError: btnList.size is not a function
    at https://pr.seegenemedical.com/user/js/common.js?ver=20260415:1609:26
[ 4605351ms] TypeError: btnList.size is not a function
    at https://pr.seegenemedical.com/user/js/common.js?ver=20260415:160:26
[ 4605351ms] TypeError: btnList.size is not a function
    at https://pr.seegenemedical.com/user/js/common.js?ver=20260415:230:26
[ 4608345ms] TypeError: btnList.size is not a function
    at https://pr.seegenemedical.com/user/js/common.js?ver=20260415:160:26
[ 4608345ms] TypeError: btnList.size is not a function
    at https://pr.seegenemedical.com/user/js/common.js?ver=20260415:230:26
[ 4609345ms] TypeError: btnList.size is not a function
    at https://pr.seegenemedical.com/user/js/common.js?ver=20260415:1609:26
[ 4611344ms] TypeError: btnList.size is not a function
    at https://pr.seegenemedical.com/user/js/common.js?ver=20260415:160:26
[ 4611345ms] TypeError: btnList.size is not a function
    at https://pr.seegenemedical.com/user/js/common.js?ver=20260415:230:26
[ 4614346ms] TypeError: btnList.size is not a function
    at https://pr.seegenemedical.com/user/js/common.js?ver=20260415:160:26
[ 4614346ms] TypeError: btnList.size is not a function
    at https://pr.seegenemedical.com/user/js/common.js?ver=20260415:230:26
[ 4614849ms] TypeError: btnList.size is not a function
    at https://pr.seegenemedical.com/user/js/common.js?ver=20260415:1609:26
[ 4617348ms] TypeError: btnList.size is not a function
    at https://pr.seegenemedical.com/user/js/common.js?ver=20260415:160:26
[ 4617348ms] TypeError: btnList.size is not a function
    at https://pr.seegenemedical.com/user/js/common.js?ver=20260415:230:26
[ 4620351ms] TypeError: btnList.size is not a function
    at https://pr.seegenemedical.com/user/js/common.js?ver=20260415:160:26
[ 4620351ms] TypeError: btnList.size is not a function
    at https://pr.seegenemedical.com/user/js/common.js?ver=20260415:230:26
[ 4620351ms] TypeError: btnList.size is not a function
    at https://pr.seegenemedical.com/user/js/common.js?ver=20260415:1609:26
[ 4623344ms] TypeError: btnList.size is not a function
    at https://pr.seegenemedical.com/user/js/common.js?ver=20260415:160:26
[ 4623345ms] TypeError: btnList.size is not a function
    at https://pr.seegenemedical.com/user/js/common.js?ver=20260415:230:26
[ 4625852ms] TypeError: btnList.size is not a function
    at https://pr.seegenemedical.com/user/js/common.js?ver=20260415:1609:26
[ 4626350ms] TypeError: btnList.size is not a function
    at https://pr.seegenemedical.com/user/js/common.js?ver=20260415:160:26
[ 4626350ms] TypeError: btnList.size is not a function
    at https://pr.seegenemedical.com/user/js/common.js?ver=20260415:230:26
[ 4629350ms] TypeError: btnList.size is not a function
    at https://pr.seegenemedical.com/user/js/common.js?ver=20260415:160:26
[ 4629351ms] TypeError: btnList.size is not a function
    at https://pr.seegenemedical.com/user/js/common.js?ver=20260415:230:26
[ 4631344ms] TypeError: btnList.size is not a function
    at https://pr.seegenemedical.com/user/js/common.js?ver=20260415:1609:26
[ 4632341ms] TypeError: btnList.size is not a function
    at https://pr.seegenemedical.com/user/js/common.js?ver=20260415:160:26
[ 4632342ms] TypeError: btnList.size is not a function
    at https://pr.seegenemedical.com/user/js/common.js?ver=20260415:230:26
[ 4635341ms] TypeError: btnList.size is not a function
    at https://pr.seegenemedical.com/user/js/common.js?ver=20260415:160:26
[ 4635341ms] TypeError: btnList.size is not a function
    at https://pr.seegenemedical.com/user/js/common.js?ver=20260415:230:26
[ 4636845ms] TypeError: btnList.size is not a function
    at https://pr.seegenemedical.com/user/js/common.js?ver=20260415:1609:26
[ 4638351ms] TypeError: btnList.size is not a function
    at https://pr.seegenemedical.com/user/js/common.js?ver=20260415:160:26
[ 4638352ms] TypeError: btnList.size is not a function
    at https://pr.seegenemedical.com/user/js/common.js?ver=20260415:230:26
[ 4641352ms] TypeError: btnList.size is not a function
    at https://pr.seegenemedical.com/user/js/common.js?ver=20260415:160:26
[ 4641352ms] TypeError: btnList.size is not a function
    at https://pr.seegenemedical.com/user/js/common.js?ver=20260415:230:26
[ 4642343ms] TypeError: btnList.size is not a function
    at https://pr.seegenemedical.com/user/js/common.js?ver=20260415:1609:26
[ 4644350ms] TypeError: btnList.size is not a function
    at https://pr.seegenemedical.com/user/js/common.js?ver=20260415:160:26
[ 4644351ms] TypeError: btnList.size is not a function
    at https://pr.seegenemedical.com/user/js/common.js?ver=20260415:230:26
[ 4647349ms] TypeError: btnList.size is not a function
    at https://pr.seegenemedical.com/user/js/common.js?ver=20260415:160:26
[ 4647350ms] TypeError: btnList.size is not a function
    at https://pr.seegenemedical.com/user/js/common.js?ver=20260415:230:26
[ 4647851ms] TypeError: btnList.size is not a function
    at https://pr.seegenemedical.com/user/js/common.js?ver=20260415:1609:26
[ 4650347ms] TypeError: btnList.size is not a function
    at https://pr.seegenemedical.com/user/js/common.js?ver=20260415:160:26
[ 4650348ms] TypeError: btnList.size is not a function
    at https://pr.seegenemedical.com/user/js/common.js?ver=20260415:230:26
[ 4653341ms] TypeError: btnList.size is not a function
    at https://pr.seegenemedical.com/user/js/common.js?ver=20260415:160:26
[ 4653342ms] TypeError: btnList.size is not a function
    at https://pr.seegenemedical.com/user/js/common.js?ver=20260415:230:26
[ 4653346ms] TypeError: btnList.size is not a function
    at https://pr.seegenemedical.com/user/js/common.js?ver=20260415:1609:26
[ 4656345ms] TypeError: btnList.size is not a function
    at https://pr.seegenemedical.com/user/js/common.js?ver=20260415:160:26
[ 4656345ms] TypeError: btnList.size is not a function
    at https://pr.seegenemedical.com/user/js/common.js?ver=20260415:230:26
[ 4658851ms] TypeError: btnList.size is not a function
    at https://pr.seegenemedical.com/user/js/common.js?ver=20260415:1609:26
[ 4659352ms] TypeError: btnList.size is not a function
    at https://pr.seegenemedical.com/user/js/common.js?ver=20260415:160:26
[ 4659352ms] TypeError: btnList.size is not a function
    at https://pr.seegenemedical.com/user/js/common.js?ver=20260415:230:26
[ 4662341ms] TypeError: btnList.size is not a function
    at https://pr.seegenemedical.com/user/js/common.js?ver=20260415:160:26
[ 4662346ms] TypeError: btnList.size is not a function
    at https://pr.seegenemedical.com/user/js/common.js?ver=20260415:230:26
[ 4664352ms] TypeError: btnList.size is not a function
    at https://pr.seegenemedical.com/user/js/common.js?ver=20260415:1609:26
[ 4665350ms] TypeError: btnList.size is not a function
    at https://pr.seegenemedical.com/user/js/common.js?ver=20260415:160:26
[ 4665351ms] TypeError: btnList.size is not a function
    at https://pr.seegenemedical.com/user/js/common.js?ver=20260415:230:26
[ 4668342ms] TypeError: btnList.size is not a function
    at https://pr.seegenemedical.com/user/js/common.js?ver=20260415:160:26
[ 4668342ms] TypeError: btnList.size is not a function
    at https://pr.seegenemedical.com/user/js/common.js?ver=20260415:230:26
[ 4669851ms] TypeError: btnList.size is not a function
    at https://pr.seegenemedical.com/user/js/common.js?ver=20260415:1609:26
[ 4671353ms] TypeError: btnList.size is not a function
    at https://pr.seegenemedical.com/user/js/common.js?ver=20260415:160:26
[ 4671353ms] TypeError: btnList.size is not a function
    at https://pr.seegenemedical.com/user/js/common.js?ver=20260415:230:26
[ 4674342ms] TypeError: btnList.size is not a function
    at https://pr.seegenemedical.com/user/js/common.js?ver=20260415:160:26
[ 4674342ms] TypeError: btnList.size is not a function
    at https://pr.seegenemedical.com/user/js/common.js?ver=20260415:230:26
[ 4675353ms] TypeError: btnList.size is not a function
    at https://pr.seegenemedical.com/user/js/common.js?ver=20260415:1609:26
[ 4677348ms] TypeError: btnList.size is not a function
    at https://pr.seegenemedical.com/user/js/common.js?ver=20260415:160:26
[ 4677348ms] TypeError: btnList.size is not a function
    at https://pr.seegenemedical.com/user/js/common.js?ver=20260415:230:26
[ 4680352ms] TypeError: btnList.size is not a function
    at https://pr.seegenemedical.com/user/js/common.js?ver=20260415:160:26
[ 4680352ms] TypeError: btnList.size is not a function
    at https://pr.seegenemedical.com/user/js/common.js?ver=20260415:230:26
[ 4680852ms] TypeError: btnList.size is not a function
    at https://pr.seegenemedical.com/user/js/common.js?ver=20260415:1609:26
[ 4683352ms] TypeError: btnList.size is not a function
    at https://pr.seegenemedical.com/user/js/common.js?ver=20260415:160:26
[ 4683352ms] TypeError: btnList.size is not a function
    at https://pr.seegenemedical.com/user/js/common.js?ver=20260415:230:26
[ 4686354ms] TypeError: btnList.size is not a function
    at https://pr.seegenemedical.com/user/js/common.js?ver=20260415:160:26
[ 4686354ms] TypeError: btnList.size is not a function
    at https://pr.seegenemedical.com/user/js/common.js?ver=20260415:230:26
[ 4686354ms] TypeError: btnList.size is not a function
    at https://pr.seegenemedical.com/user/js/common.js?ver=20260415:1609:26
[ 4689341ms] TypeError: btnList.size is not a function
    at https://pr.seegenemedical.com/user/js/common.js?ver=20260415:160:26
[ 4689346ms] TypeError: btnList.size is not a function
    at https://pr.seegenemedical.com/user/js/common.js?ver=20260415:230:26
[ 4691852ms] TypeError: btnList.size is not a function
    at https://pr.seegenemedical.com/user/js/common.js?ver=20260415:1609:26
[ 4692354ms] TypeError: btnList.size is not a function
    at https://pr.seegenemedical.com/user/js/common.js?ver=20260415:160:26
[ 4692354ms] TypeError: btnList.size is not a function
    at https://pr.seegenemedical.com/user/js/common.js?ver=20260415:230:26
[ 4695350ms] TypeError: btnList.size is not a function
    at https://pr.seegenemedical.com/user/js/common.js?ver=20260415:160:26
[ 4695350ms] TypeError: btnList.size is not a function
    at https://pr.seegenemedical.com/user/js/common.js?ver=20260415:230:26
[ 4697352ms] TypeError: btnList.size is not a function
    at https://pr.seegenemedical.com/user/js/common.js?ver=20260415:1609:26
[ 4698355ms] TypeError: btnList.size is not a function
    at https://pr.seegenemedical.com/user/js/common.js?ver=20260415:160:26
[ 4698355ms] TypeError: btnList.size is not a function
    at https://pr.seegenemedical.com/user/js/common.js?ver=20260415:230:26
[ 4701352ms] TypeError: btnList.size is not a function
    at https://pr.seegenemedical.com/user/js/common.js?ver=20260415:160:26
[ 4701353ms] TypeError: btnList.size is not a function
    at https://pr.seegenemedical.com/user/js/common.js?ver=20260415:230:26
[ 4702844ms] TypeError: btnList.size is not a function
    at https://pr.seegenemedical.com/user/js/common.js?ver=20260415:1609:26
[ 4704354ms] TypeError: btnList.size is not a function
    at https://pr.seegenemedical.com/user/js/common.js?ver=20260415:160:26
[ 4704354ms] TypeError: btnList.size is not a function
    at https://pr.seegenemedical.com/user/js/common.js?ver=20260415:230:26
[ 4707351ms] TypeError: btnList.size is not a function
    at https://pr.seegenemedical.com/user/js/common.js?ver=20260415:160:26
[ 4707351ms] TypeError: btnList.size is not a function
    at https://pr.seegenemedical.com/user/js/common.js?ver=20260415:230:26
[ 4708349ms] TypeError: btnList.size is not a function
    at https://pr.seegenemedical.com/user/js/common.js?ver=20260415:1609:26
[ 4710347ms] TypeError: btnList.size is not a function
    at https://pr.seegenemedical.com/user/js/common.js?ver=20260415:160:26
[ 4710347ms] TypeError: btnList.size is not a function
    at https://pr.seegenemedical.com/user/js/common.js?ver=20260415:230:26
[ 4713348ms] TypeError: btnList.size is not a function
    at https://pr.seegenemedical.com/user/js/common.js?ver=20260415:160:26
[ 4713348ms] TypeError: btnList.size is not a function
    at https://pr.seegenemedical.com/user/js/common.js?ver=20260415:230:26
[ 4713851ms] TypeError: btnList.size is not a function
    at https://pr.seegenemedical.com/user/js/common.js?ver=20260415:1609:26
